# fs_open=3788.11 fs_closed=3788.13 nfft=4096 open_s=500 closed_s=500 labels=y,x
# start=2026-07-31 13:39:19
# pixel_scale=15.5
# stat 0 -0.112462 0.0302287 -1.07985e-05 0.00254507
# stat 1 0.228029 0.0204013 -7.74267e-07 0.00589492
# config SPLICED FIGURE -- open phase from PAR-3, closed phase from PAR-5.
# config PAR-5's own open phase is VOID: a mount bump at t~200 s pinned the beam against the ROI edge for the rest of the open window (its raw open figures were y 2.51 / x 6.70 px). Only its CLOSED phase is used here.
# config Reference chosen for ENVIRONMENT match, not recency: PAR-5's clean pre-bump window (t=110-200 s) read y 0.456 / x 0.339 px, vs PAR-3 y 0.465 / x 0.312 and PAR-4 y 0.553 / x 0.423. PAR-4 is the same day but 21%/25% larger, which would flatter the rejection ratio.
# config The 'mean -> mean' figures on page 2 mix runs by construction (open mean is PAR-3's, closed is PAR-5's) and are not a within-run drift measurement. The RMS-about-mean pair IS the comparison of interest.
# config Open PSD interpolated onto the closed run's frequency grid (the two runs measured fs 3788.11 vs 3788.22, up to ~12%% of a bin apart).
# freq_Hz psd_open_0 psd_closed_0 atten_dB_0 psd_open_1 psd_closed_1 atten_dB_1
0 1.25557e-07 6.27039e-10 -23.0155 2.07554e-07 1.88175e-10 -30.4257
0.924836 6.28548e-07 5.63045e-10 -30.478 1.38418e-06 1.79119e-10 -38.8805
1.84967 1.10722e-07 4.79277e-10 -23.6365 2.49995e-07 1.12211e-10 -33.479
2.77451 3.74827e-08 7.81519e-10 -16.8089 5.87434e-08 1.02426e-10 -27.5855
3.69934 5.48851e-08 2.02925e-09 -14.3212 4.76318e-08 1.12017e-10 -26.2861
4.62418 8.13691e-07 2.43748e-08 -15.2352 1.42288e-07 2.35931e-10 -27.8038
5.54902 8.97576e-06 2.01635e-07 -16.4851 1.84033e-06 1.39582e-09 -31.2007
6.47385 6.61459e-06 1.35135e-07 -16.8973 2.62573e-06 2.15359e-09 -30.8609
7.39869 3.41191e-07 1.05025e-08 -15.117 1.19651e-06 1.29623e-08 -19.6523
8.32352 1.3661e-06 2.71107e-08 -17.0234 9.13257e-06 7.40562e-08 -20.9103
9.24836 8.28388e-06 6.38528e-08 -21.1305 2.24251e-05 1.27464e-07 -22.4535
10.1732 7.16493e-06 2.65119e-08 -24.3177 1.15102e-05 4.77822e-08 -23.8182
11.098 4.78354e-06 2.94813e-08 -22.102 8.9434e-06 1.15098e-08 -28.9043
12.0229 1.61514e-05 1.30015e-07 -20.9422 2.51922e-05 1.44348e-08 -32.4186
12.9477 8.31402e-06 6.81055e-08 -20.8663 2.01115e-05 1.63915e-08 -30.8882
13.8725 9.07219e-07 8.23507e-09 -20.4204 6.60197e-06 1.17427e-08 -27.4991
14.7974 2.471e-07 3.28587e-09 -18.7622 1.45584e-06 1.13742e-08 -21.0719
15.7222 2.39747e-07 2.80492e-09 -19.3183 7.79006e-07 8.32097e-09 -19.7137
16.647 6.77386e-07 4.01885e-09 -22.2673 5.35309e-07 9.14473e-09 -17.6743
17.5719 1.42507e-06 6.74024e-09 -23.2516 9.19128e-07 1.7348e-08 -17.2413
18.4967 6.39087e-06 1.04029e-08 -27.8841 5.02495e-06 3.21569e-08 -21.9386
19.4216 2.51857e-05 3.4783e-08 -28.5979 1.92905e-05 1.09566e-07 -22.4567
20.3464 4.35677e-05 2.47693e-08 -32.4525 2.87258e-05 4.14529e-08 -28.4072
21.2712 0.000133324 3.50938e-08 -35.7968 8.77622e-05 2.34038e-08 -35.7402
22.1961 5.70225e-05 1.90718e-08 -34.7565 3.57581e-05 3.92238e-08 -29.5982
23.1209 2.37839e-05 2.54698e-08 -29.7026 8.42447e-06 4.75339e-08 -22.4854
24.0457 1.16885e-05 2.65898e-08 -26.4304 2.23529e-06 3.29562e-08 -18.314
24.9706 1.46394e-05 3.98862e-08 -25.647 2.46911e-06 7.00856e-08 -15.4691
25.8954 2.46604e-05 5.29824e-08 -26.6787 4.43023e-06 1.31596e-07 -15.2718
26.8202 3.36884e-05 2.81982e-08 -30.7726 5.34647e-06 1.01031e-07 -17.2361
27.7451 3.05805e-05 1.00014e-08 -34.8538 3.72508e-06 4.00579e-08 -19.6845
28.6699 1.70237e-05 1.74278e-08 -29.8981 1.29063e-06 1.74694e-08 -18.6853
29.5948 4.37461e-05 5.85826e-08 -28.7317 3.11728e-06 5.05423e-08 -17.9012
30.5196 1.41627e-05 1.75866e-08 -29.0596 1.16018e-06 1.65748e-08 -18.4508
31.4444 1.77077e-07 7.02086e-10 -24.0177 7.24223e-08 1.59113e-09 -16.5817
32.3693 7.60497e-08 1.90866e-09 -16.0037 6.55905e-08 2.70741e-09 -13.8429
33.2941 6.04056e-08 4.03633e-09 -11.7509 7.6593e-08 3.89194e-09 -12.9402
34.2189 5.30009e-08 7.53437e-09 -8.47236 8.93922e-08 4.78577e-09 -12.7135
35.1438 1.35915e-07 3.5115e-08 -5.87776 3.67824e-07 2.34335e-08 -11.958
36.0686 1.28046e-07 3.022e-08 -6.27073 3.61595e-07 2.10928e-08 -12.3409
36.9934 6.94371e-08 8.16661e-09 -9.2955 1.14255e-07 4.81602e-09 -13.7519
37.9183 2.36676e-07 1.759e-08 -11.2889 3.20214e-07 1.26539e-08 -14.0322
38.8431 1.37103e-06 5.41237e-08 -14.0366 1.19004e-06 4.4381e-08 -14.2836
39.768 2.26576e-06 4.83327e-08 -16.7097 1.41024e-06 5.80546e-08 -13.8546
40.6928 2.13779e-06 1.93439e-08 -20.4342 1.0814e-06 4.39043e-08 -13.9148
41.6176 1.41444e-06 2.04636e-08 -18.396 5.30297e-07 2.10971e-08 -14.003
42.5425 2.77423e-07 1.2174e-08 -13.5771 1.33579e-07 5.92104e-09 -13.5334
43.4673 8.27476e-08 1.39381e-08 -7.73552 5.52396e-08 2.63257e-09 -13.2187
44.3921 1.04094e-07 2.95452e-08 -5.4694 3.72522e-08 2.31113e-09 -12.0733
45.317 1.22164e-07 5.60358e-08 -3.38478 3.54777e-08 2.62614e-09 -11.3064
46.2418 1.29798e-07 6.96899e-08 -2.70097 4.3985e-08 3.59082e-09 -10.8811
47.1666 1.41057e-07 6.26506e-08 -3.5247 5.49195e-08 5.42371e-09 -10.0543
48.0915 1.42692e-07 5.16031e-08 -4.41725 8.09589e-08 8.05351e-09 -10.0228
49.0163 1.00136e-07 3.77759e-08 -4.23376 1.14502e-07 1.62619e-08 -8.47643
49.9411 6.07142e-08 1.36628e-08 -6.4775 1.37238e-07 1.49155e-08 -9.63836
50.866 1.18786e-07 6.43007e-09 -12.6655 1.24472e-07 1.37652e-08 -9.5629
51.7908 1.50577e-06 1.90822e-08 -18.9713 3.20896e-07 5.55323e-08 -7.61818
52.7157 2.27494e-06 3.54314e-08 -18.0758 3.97814e-07 9.66359e-08 -6.14541
53.6405 5.90128e-07 1.48633e-08 -15.9883 6.97181e-08 2.42826e-08 -4.5805
54.5653 1.9057e-07 4.63288e-09 -16.142 3.13426e-08 5.80577e-09 -7.32275
55.4902 1.39603e-07 1.69489e-09 -19.1575 3.16147e-08 3.555e-09 -9.49049
56.415 4.70145e-06 5.16459e-09 -29.592 2.48362e-07 5.16953e-08 -6.81635
57.3398 8.20649e-05 4.85769e-08 -32.2773 4.04186e-06 5.64449e-07 -8.54956
58.2647 7.37507e-05 5.65889e-08 -31.1503 3.63546e-06 4.63405e-07 -8.94599
59.1895 1.17911e-05 8.19993e-08 -21.5774 5.706e-07 8.64156e-08 -8.19739
60.1143 3.39972e-06 2.73818e-08 -20.9398 1.71251e-07 2.44852e-08 -8.4473
61.0392 7.66541e-07 4.71982e-09 -22.1061 4.79105e-08 9.68472e-09 -6.94344
61.964 1.29103e-06 1.63103e-08 -18.9847 6.203e-08 2.95247e-08 -3.22416
62.8889 8.61208e-07 2.07916e-08 -16.1722 4.65195e-08 2.17111e-08 -3.30953
63.8137 4.00439e-07 2.68721e-08 -11.7323 3.7932e-08 1.05299e-08 -5.56582
64.7385 2.56086e-07 2.90197e-08 -9.45692 3.42991e-08 7.31983e-09 -6.70781
65.6634 1.44522e-07 2.88151e-08 -7.00313 2.52738e-08 4.14687e-09 -7.8495
66.5882 1.58979e-07 3.33069e-08 -6.78804 2.33842e-08 2.80124e-09 -9.21573
67.513 1.83781e-07 4.11251e-08 -6.50194 2.40419e-08 2.64585e-09 -9.58403
68.4379 1.26237e-07 3.25423e-08 -5.88739 2.49025e-08 3.13559e-09 -8.99923
69.3627 9.54969e-08 2.04474e-08 -6.69351 3.14855e-08 4.99127e-09 -7.999
70.2875 1.35046e-07 1.76029e-08 -8.84896 4.46412e-08 7.26664e-09 -7.88402
71.2124 1.97753e-07 1.37057e-08 -11.5922 6.78505e-08 1.19058e-08 -7.55795
72.1372 2.45765e-07 1.54919e-08 -12.0042 8.98519e-08 1.78407e-08 -7.02115
73.062 2.53108e-07 2.07391e-08 -10.8652 9.75564e-08 2.01758e-08 -6.84425
73.9869 2.01204e-07 2.70259e-08 -8.71856 1.12815e-07 2.53207e-08 -6.48889
74.9117 2.01767e-07 3.17256e-08 -8.03441 1.50968e-07 3.43589e-08 -6.42846
75.8366 2.09545e-07 3.39266e-08 -7.90736 1.57812e-07 4.45069e-08 -5.49712
76.7614 2.31348e-07 2.98436e-08 -8.89414 1.88139e-07 6.51281e-08 -4.60711
77.6862 3.32451e-07 2.0361e-08 -12.1293 3.53729e-07 1.15198e-07 -4.87226
78.6111 5.62483e-07 1.84168e-08 -14.849 8.39282e-07 2.47809e-07 -5.29791
79.5359 2.60317e-07 1.44346e-08 -12.561 4.31527e-07 1.34789e-07 -5.05353
80.4607 1.55401e-07 3.20345e-08 -6.85836 5.07777e-07 1.63304e-07 -4.92676
81.3856 2.02637e-07 5.50235e-08 -5.66171 9.03164e-07 2.8068e-07 -5.07555
82.3104 1.00698e-07 2.8562e-08 -5.47232 9.74808e-07 2.18561e-07 -6.49346
83.2352 9.97919e-08 1.78465e-08 -7.47542 2.51466e-06 4.35312e-07 -7.61678
84.1601 1.52564e-07 1.94218e-08 -8.95162 4.15811e-06 7.29195e-07 -7.56052
85.0849 1.38086e-07 1.85089e-08 -8.72768 2.18492e-06 3.69752e-07 -7.71526
86.0098 1.32023e-07 1.78529e-08 -8.68942 5.61215e-07 1.1242e-07 -6.98286
86.9346 2.06201e-07 1.82809e-08 -10.5229 1.92648e-07 4.46916e-08 -6.34539
87.8594 2.69091e-07 2.03632e-08 -11.2105 9.58541e-08 2.58894e-08 -5.68489
88.7843 3.20226e-07 2.42116e-08 -11.2143 6.4782e-08 2.06329e-08 -4.96894
89.7091 3.34532e-07 2.64568e-08 -11.019 4.85305e-08 1.82077e-08 -4.2576
90.6339 3.04209e-07 2.40864e-08 -11.014 5.22949e-08 1.9037e-08 -4.38861
91.5588 2.97676e-07 2.17067e-08 -11.3715 6.61538e-08 2.63736e-08 -3.99385
92.4836 3.75835e-07 2.43283e-08 -11.8889 9.73382e-08 4.80155e-08 -3.06902
93.4084 5.76131e-07 2.4031e-08 -13.7975 1.66102e-07 7.6346e-08 -3.37589
94.3333 7.93734e-07 2.11642e-08 -15.7407 2.58098e-07 1.03985e-07 -3.94814
95.2581 8.27612e-07 2.16017e-08 -15.8334 3.0528e-07 1.34141e-07 -3.57137
96.1829 8.28202e-07 2.00073e-08 -16.1695 3.64571e-07 1.37029e-07 -4.2497
97.1078 9.75939e-07 2.13876e-08 -16.5926 4.96516e-07 1.47077e-07 -5.28388
98.0326 4.49309e-07 2.1944e-08 -13.1123 3.2565e-07 1.38769e-07 -3.70458
98.9575 1.70576e-07 1.5579e-08 -10.3938 1.74527e-07 9.07252e-08 -2.84135
99.8823 1.48491e-07 1.44785e-08 -10.1098 1.59513e-07 7.53057e-08 -3.25969
100.807 2.07314e-07 2.59413e-08 -9.02637 2.22828e-07 1.21212e-07 -2.64424
101.732 4.91296e-08 1.56936e-08 -4.9562 5.96922e-08 4.07382e-08 -1.65916
102.657 2.24659e-08 1.34391e-08 -2.23154 2.65458e-08 1.50439e-08 -2.46636
103.582 3.12244e-08 1.87642e-08 -2.21164 2.58311e-08 1.61813e-08 -2.03129
104.506 4.35544e-08 2.10149e-08 -3.16505 2.79349e-08 1.84661e-08 -1.79772
105.431 6.46504e-08 2.25457e-08 -4.57507 4.02684e-08 2.75846e-08 -1.64297
106.356 1.22038e-07 3.04967e-08 -6.02243 9.83699e-08 7.5819e-08 -1.13084
107.281 1.67217e-07 3.45228e-08 -6.85176 2.1762e-07 1.74046e-07 -0.970346
108.206 1.08243e-07 1.97776e-08 -7.38226 2.40867e-07 1.93158e-07 -0.958651
109.131 4.50403e-08 8.18462e-09 -7.40603 1.38846e-07 1.17955e-07 -0.708171
110.055 4.91961e-08 8.75684e-09 -7.49583 8.92192e-08 7.75512e-08 -0.6087
110.98 6.09316e-08 1.40385e-08 -6.37522 6.7849e-08 6.35171e-08 -0.286528
111.905 5.19994e-08 1.05976e-08 -6.90791 5.28617e-08 4.30562e-08 -0.891051
112.83 4.2395e-07 1.53313e-08 -14.4174 2.77142e-07 1.20134e-07 -3.63037
113.755 2.8552e-06 1.00593e-07 -14.5307 1.72271e-06 9.38761e-07 -2.63658
114.68 2.2415e-06 5.64808e-08 -15.9864 1.32267e-06 1.14878e-06 -0.612157
115.605 2.59374e-06 2.9166e-08 -19.4905 1.48116e-06 1.51558e-06 0.0997753
116.529 6.7006e-07 1.4675e-08 -16.5954 4.23659e-07 4.32557e-07 0.0902717
117.454 1.183e-07 5.31859e-09 -13.4719 1.86257e-07 5.37922e-08 -5.39393
118.379 1.82654e-07 9.9744e-09 -12.6274 2.26457e-07 6.9384e-08 -5.13727
119.304 2.09452e-06 7.87329e-09 -24.2493 1.63821e-06 8.67174e-07 -2.76263
120.229 3.5595e-06 8.69477e-09 -26.1213 2.76612e-06 1.57993e-06 -2.43233
121.154 3.90595e-07 2.74915e-09 -21.5253 3.15425e-07 1.86241e-07 -2.28821
122.078 4.83806e-08 9.47589e-09 -7.08051 4.80704e-08 2.2412e-08 -3.31397
123.003 7.37063e-08 2.60299e-08 -4.52032 4.21744e-08 2.36812e-08 -2.50646
123.928 1.01e-07 4.1176e-08 -3.89679 4.4571e-08 3.494e-08 -1.05729
124.853 1.10099e-07 4.54859e-08 -3.83907 5.37654e-08 4.6947e-08 -0.588953
125.778 8.33783e-08 3.24864e-08 -4.09351 5.46178e-08 4.78209e-08 -0.577167
126.703 1.24641e-07 2.60982e-08 -6.7905 9.65808e-08 6.88632e-08 -1.46903
127.627 2.58291e-07 2.51023e-08 -10.124 1.83786e-07 1.08621e-07 -2.28399
128.552 1.07116e-07 9.63326e-09 -10.4608 8.9834e-08 6.40554e-08 -1.46885
129.477 7.73613e-08 1.84787e-08 -6.21852 6.01376e-08 6.35725e-08 0.241233
130.402 8.30562e-08 3.29805e-08 -4.01115 4.8252e-08 5.03961e-08 0.188821
131.327 7.60278e-08 3.78507e-08 -3.02899 3.62658e-08 3.88393e-08 0.297739
132.252 5.91657e-08 3.79398e-08 -1.92975 2.61047e-08 3.11367e-08 0.76554
133.176 3.92749e-08 3.8416e-08 -0.0960306 2.36552e-08 3.36709e-08 1.53328
134.101 2.78455e-08 3.5097e-08 1.00515 2.13227e-08 3.40076e-08 2.02734
135.026 2.1992e-08 2.59081e-08 0.711706 2.20332e-08 3.18565e-08 1.6012
135.951 1.97216e-08 1.92454e-08 -0.106145 2.33302e-08 4.2891e-08 2.64447
136.876 2.37131e-08 1.41441e-08 -2.24413 2.73594e-08 5.41881e-08 2.96797
137.801 3.05322e-08 1.35101e-08 -3.541 3.0753e-08 6.17119e-08 3.02482
138.725 3.36516e-08 2.41572e-08 -1.4396 4.49608e-08 6.18208e-08 1.38301
139.65 4.72903e-08 3.96325e-08 -0.76721 6.40944e-08 6.66047e-08 0.166851
140.575 4.44361e-08 2.76345e-08 -2.06285 5.28314e-08 5.52448e-08 0.193992
141.5 5.76174e-08 2.29418e-08 -3.99926 5.53032e-08 5.23831e-08 -0.235588
142.425 1.01172e-07 2.47111e-08 -6.12168 1.17953e-07 1.79902e-07 1.83328
143.35 2.18446e-07 3.36433e-08 -8.12446 4.06888e-07 7.45447e-07 2.62942
144.274 1.57507e-07 1.50804e-08 -10.1889 1.81125e-07 3.20559e-07 2.4793
145.199 1.36012e-07 1.23929e-08 -10.404 8.6317e-08 1.31421e-07 1.82569
146.124 1.40478e-07 3.04291e-08 -6.6432 9.74408e-08 1.70773e-07 2.43678
147.049 1.17994e-07 4.71461e-08 -3.98412 1.04728e-07 2.07875e-07 2.97738
147.974 7.6172e-08 4.2722e-08 -2.51144 9.17126e-08 1.96936e-07 3.31896
148.899 4.84598e-08 2.65023e-08 -2.62098 6.97771e-08 1.4049e-07 3.03933
149.823 3.08436e-08 1.46093e-08 -3.24536 3.96652e-08 8.37089e-08 3.24362
150.748 2.3949e-08 8.22487e-09 -4.64158 2.40826e-08 5.09578e-08 3.25507
151.673 2.15079e-08 6.78051e-09 -5.01336 1.55845e-08 3.49718e-08 3.51025
152.598 1.89165e-08 1.14485e-08 -2.18093 1.20916e-08 2.8363e-08 3.70268
153.523 2.26158e-08 2.12905e-08 -0.262262 1.25325e-08 2.67676e-08 3.2957
154.448 2.18725e-08 2.78173e-08 1.04416 1.3576e-08 2.60061e-08 2.82303
155.372 1.46282e-08 2.65623e-08 2.59074 1.52077e-08 2.69693e-08 2.48807
156.297 1.25257e-08 2.02475e-08 2.08571 1.60027e-08 3.16725e-08 2.96488
157.222 1.16976e-08 1.60341e-08 1.36946 1.99147e-08 4.61054e-08 3.64577
158.147 8.39096e-09 9.34968e-09 0.46985 1.63534e-08 3.90144e-08 3.77618
159.072 6.95886e-09 5.57601e-09 -0.962147 1.27328e-08 2.99986e-08 3.72176
159.997 6.8349e-09 4.43617e-09 -1.87724 1.08427e-08 2.52115e-08 3.6646
160.921 7.23012e-09 5.73717e-09 -1.00448 1.11758e-08 2.45747e-08 3.42211
161.846 6.79532e-09 8.03905e-09 0.729949 1.1418e-08 2.48975e-08 3.38566
162.771 1.99039e-08 3.26392e-08 2.14801 3.10263e-08 7.02488e-08 3.5491
163.696 2.38781e-08 4.06905e-08 2.31493 3.77259e-08 8.68073e-08 3.61917
164.621 6.51634e-09 1.05037e-08 2.07339 1.34506e-08 3.60299e-08 4.2792
165.546 4.54401e-09 6.79975e-09 1.75054 1.18084e-08 3.65919e-08 4.91194
166.47 4.14917e-09 4.65277e-09 0.497502 1.21739e-08 4.15023e-08 5.32644
167.395 3.81204e-09 4.01694e-09 0.22738 1.30249e-08 4.46295e-08 5.34846
168.32 3.15358e-09 4.64425e-09 1.68112 1.21571e-08 4.44059e-08 5.62611
169.245 2.56573e-09 6.14707e-09 3.79458 9.47934e-09 4.13563e-08 6.39764
170.17 3.29161e-09 7.1492e-09 3.36849 8.80706e-09 3.64253e-08 6.16572
171.095 1.49144e-08 2.96651e-08 2.98641 1.42183e-08 4.70772e-08 5.19963
172.02 1.36594e-08 3.76446e-08 4.40273 1.29716e-08 5.76317e-08 6.47669
172.944 1.15653e-08 1.08217e-08 -0.288629 1.09176e-08 5.36662e-08 6.91573
173.869 9.3983e-09 7.18457e-09 -1.16648 1.10252e-08 5.10798e-08 6.65863
174.794 5.99708e-09 5.2552e-09 -0.573503 1.41258e-08 5.39076e-08 5.81636
175.719 1.92989e-08 1.86853e-08 -0.14033 4.36473e-08 1.75843e-07 6.05167
176.644 1.46022e-08 1.75952e-08 0.809752 3.1851e-08 1.38651e-07 6.38799
177.569 8.79862e-09 1.87205e-08 3.27903 1.66184e-08 7.13205e-08 6.32624
178.493 5.05091e-09 1.01124e-08 3.01485 1.05788e-08 4.71615e-08 6.49151
179.418 2.55704e-09 4.28272e-09 2.23982 5.57465e-09 3.1074e-08 7.4618
180.343 2.41454e-09 3.5679e-09 1.69577 5.07084e-09 3.00279e-08 7.72445
181.268 2.35853e-09 2.53609e-09 0.315236 4.96717e-09 2.96415e-08 7.75791
182.193 2.20927e-09 2.09196e-09 -0.236963 5.35013e-09 2.8838e-08 7.31601
183.118 2.05425e-09 2.11327e-09 0.123024 5.02456e-09 2.7652e-08 7.40628
184.042 1.86973e-09 2.51529e-09 1.28809 5.06096e-09 2.77398e-08 7.38871
184.967 1.64131e-09 3.01509e-09 2.64109 5.31939e-09 2.91048e-08 7.38103
185.892 1.47162e-09 3.22534e-09 3.4078 5.2244e-09 3.12315e-08 7.76556
186.817 1.49641e-09 3.33657e-09 3.4825 5.02628e-09 3.33055e-08 8.21269
187.742 1.5258e-09 3.49792e-09 3.60312 4.88945e-09 3.50339e-08 8.55228
188.667 1.41006e-09 2.55442e-09 2.58055 5.1288e-09 3.67604e-08 8.55365
189.591 1.2342e-09 1.77544e-09 1.5792 4.57288e-09 3.82961e-08 9.22965
190.516 1.15825e-09 1.64837e-09 1.53253 4.09634e-09 3.35693e-08 9.13546
191.441 1.16359e-09 2.28817e-09 2.93686 3.99877e-09 3.03745e-08 8.80583
192.366 1.16581e-09 3.35987e-09 4.59693 3.78383e-09 3.00605e-08 9.00064
193.291 1.09976e-09 4.07104e-09 5.68409 3.60078e-09 3.07974e-08 9.32117
194.216 1.03479e-09 4.11268e-09 5.99272 3.34198e-09 3.1478e-08 9.74003
195.14 1.00305e-09 3.52826e-09 5.46239 3.0032e-09 3.12175e-08 10.1681
196.065 9.88241e-10 2.57426e-09 4.15789 3.00839e-09 3.02429e-08 10.0229
196.99 1.03919e-09 2.13561e-09 3.12825 2.94689e-09 2.82685e-08 9.81939
197.915 1.08911e-09 2.27691e-09 3.20275 2.83962e-09 2.81735e-08 9.9658
198.84 1.20667e-09 3.06753e-09 4.05199 2.79004e-09 2.91527e-08 10.1907
199.765 1.1766e-09 3.50723e-09 4.74336 2.74114e-09 3.13594e-08 10.5844
200.689 1.1148e-09 4.31007e-09 5.87288 2.75988e-09 3.1381e-08 10.5578
201.614 1.21214e-09 4.79304e-09 5.97058 2.76726e-09 3.31745e-08 10.7875
202.539 1.29949e-09 4.30222e-09 5.1992 2.6719e-09 3.25047e-08 10.8513
203.464 1.26631e-09 3.40252e-09 4.2926 2.66248e-09 3.39179e-08 11.0514
204.389 1.28843e-09 2.60124e-09 3.0512 2.6808e-09 3.43464e-08 11.0762
205.314 1.26595e-09 2.57691e-09 3.08681 2.67669e-09 3.71922e-08 11.4285
206.238 1.27277e-09 3.52631e-09 4.42572 2.64196e-09 3.61961e-08 11.3674
207.163 1.27635e-09 5.59465e-09 6.41802 2.62e-09 3.59195e-08 11.3703
208.088 1.42369e-09 7.3833e-09 7.14834 2.65369e-09 3.67966e-08 11.4196
209.013 1.42123e-09 7.39297e-09 7.16155 2.42748e-09 3.8528e-08 12.0062
209.938 1.30115e-09 5.69042e-09 6.40818 2.35065e-09 3.96797e-08 12.2738
210.863 1.33802e-09 4.21796e-09 4.98638 2.48522e-09 4.03142e-08 12.1009
211.787 1.42722e-09 3.37124e-09 3.733 2.44001e-09 4.20989e-08 12.3688
212.712 1.41447e-09 3.07465e-09 3.37201 2.36214e-09 4.19513e-08 12.4944
213.637 1.58586e-09 4.18908e-09 4.21852 2.33449e-09 4.06189e-08 12.4054
214.562 1.82247e-09 6.14472e-09 5.27842 2.35064e-09 4.24706e-08 12.569
215.487 2.14691e-09 7.61866e-09 5.50066 2.506e-09 4.36402e-08 12.4091
216.412 1.77129e-09 7.76494e-09 6.41848 2.33769e-09 4.32428e-08 12.6713
217.336 1.29106e-09 6.16564e-09 6.7903 2.2771e-09 4.09166e-08 12.5452
218.261 1.13089e-09 4.562e-09 6.05736 2.23811e-09 4.0719e-08 12.5991
219.186 1.11075e-09 3.51836e-09 5.00726 2.28963e-09 3.96422e-08 12.3839
220.111 1.464e-09 4.00367e-09 4.36918 2.31012e-09 4.1705e-08 12.5655
221.036 4.49911e-09 1.1635e-08 4.1264 2.24533e-09 4.12933e-08 12.646
221.961 1.04172e-08 2.4993e-08 3.80066 2.53738e-09 4.37924e-08 12.3701
222.885 8.06981e-09 2.43516e-08 4.79664 2.57072e-09 4.23329e-08 12.1662
223.81 5.08804e-09 1.67117e-08 5.1647 2.43358e-09 4.25048e-08 12.4219
224.735 3.97514e-09 1.29188e-08 5.11869 2.31614e-09 4.17027e-08 12.554
225.66 3.22481e-09 8.34387e-09 4.12864 2.27162e-09 4.17446e-08 12.6426
226.585 3.31977e-09 6.25511e-09 2.75127 2.16025e-09 4.13596e-08 12.8207
227.51 8.34348e-09 1.48473e-08 2.503 2.36295e-09 4.5421e-08 12.838
228.435 6.65212e-09 1.45185e-08 3.38962 2.30296e-09 4.7127e-08 13.1098
229.359 2.24675e-09 5.83986e-09 4.14849 2.17321e-09 4.601e-08 13.2575
230.284 2.19184e-09 6.99694e-09 5.04099 2.13423e-09 4.94419e-08 13.6485
231.209 2.6059e-09 8.86919e-09 5.31926 2.17178e-09 5.38065e-08 13.9402
232.134 2.87395e-09 9.26791e-09 5.08502 2.1039e-09 5.23335e-08 13.9576
233.059 5.23367e-09 1.56089e-08 4.74566 2.13315e-09 5.30132e-08 13.9536
233.984 3.25258e-09 8.2982e-09 4.06756 2.05589e-09 5.5281e-08 14.2958
234.908 2.63602e-09 5.73393e-09 3.37503 1.91937e-09 5.56187e-08 14.6206
235.833 2.50322e-09 6.96403e-09 4.44361 2.00142e-09 5.7866e-08 14.6109
236.758 3.04962e-09 9.18091e-09 4.78641 1.95893e-09 6.26988e-08 15.0524
237.683 2.40043e-09 9.19746e-09 5.8338 1.96423e-09 6.58839e-08 15.2559
238.608 2.79547e-09 8.21105e-09 4.67945 1.95044e-09 6.88321e-08 15.4766
239.533 1.62336e-08 2.01357e-08 0.935511 2.65667e-09 7.74907e-08 14.6491
240.457 1.2872e-08 1.8333e-08 1.53587 2.56148e-09 7.83644e-08 14.8563
241.382 1.97887e-09 5.0169e-09 4.04017 2.02762e-09 7.13569e-08 15.4645
242.307 1.65177e-09 4.45508e-09 4.30907 2.09906e-09 7.08016e-08 15.2802
243.232 1.60401e-09 5.52516e-09 5.37139 2.03943e-09 7.38853e-08 15.5905
244.157 1.64945e-09 7.72368e-09 6.70485 2.03839e-09 7.6479e-08 15.7425
245.082 1.61037e-09 9.40474e-09 7.66422 1.99182e-09 7.80217e-08 15.9296
246.006 1.42459e-09 8.79199e-09 7.90398 1.93699e-09 7.74692e-08 16.02
246.931 1.36476e-09 6.69809e-09 6.90896 1.84004e-09 7.97488e-08 16.369
247.856 1.21639e-09 5.13238e-09 6.25247 1.88154e-09 8.8563e-08 16.7274
248.781 1.0006e-09 3.84164e-09 5.84256 1.95342e-09 8.8552e-08 16.564
249.706 8.74443e-10 3.09876e-09 5.49456 1.94895e-09 8.69781e-08 16.4961
250.631 7.99635e-10 3.32729e-09 6.19199 1.91373e-09 8.24255e-08 16.3418
251.555 7.67677e-10 3.80619e-09 6.95312 1.82501e-09 8.41344e-08 16.6371
252.48 7.44016e-10 4.51993e-09 7.8355 1.81043e-09 9.05943e-08 16.9932
253.405 7.25833e-10 4.78906e-09 8.19414 1.83696e-09 9.79393e-08 17.2686
254.33 7.11438e-10 4.39377e-09 7.907 1.90275e-09 1.00866e-07 17.2436
255.255 7.34232e-10 3.73036e-09 7.05917 1.84961e-09 9.70767e-08 17.2003
256.18 6.96071e-10 3.40244e-09 6.89137 1.7127e-09 9.70611e-08 17.5336
257.104 7.52351e-10 3.47712e-09 6.64799 1.691e-09 9.97264e-08 17.7067
258.029 6.94569e-10 3.68961e-09 7.25265 1.70636e-09 9.96287e-08 17.6631
258.954 7.10713e-10 4.19802e-09 7.7135 1.76906e-09 9.93661e-08 17.495
259.879 7.22094e-10 4.69429e-09 8.12976 1.71829e-09 9.63272e-08 17.4865
260.804 6.86756e-10 5.20678e-09 8.79767 1.68865e-09 1.0621e-07 17.9862
261.729 7.94704e-10 5.29079e-09 8.23315 1.7291e-09 1.0921e-07 18.0044
262.653 8.28038e-10 4.90839e-09 7.72889 1.7506e-09 1.06481e-07 17.8409
263.578 7.24149e-10 4.257e-09 7.69276 1.77724e-09 1.06031e-07 17.7569
264.503 7.58422e-10 4.11996e-09 7.34982 1.7959e-09 1.00767e-07 17.4904
265.428 8.07326e-10 4.57389e-09 7.53237 1.72334e-09 1.00578e-07 17.6613
266.353 8.4802e-10 5.52051e-09 8.13573 1.69018e-09 1.06674e-07 18.0013
267.278 8.32457e-10 6.64491e-09 9.02127 1.68662e-09 1.06409e-07 17.9996
268.202 8.17295e-10 6.98396e-09 9.31723 1.66687e-09 9.98641e-08 17.7751
269.127 8.18611e-10 6.60614e-09 9.0687 1.72688e-09 1.01474e-07 17.6909
270.052 8.21658e-10 6.02596e-09 8.65335 1.71586e-09 1.01973e-07 17.74
270.977 8.2939e-10 5.40209e-09 8.13803 1.62915e-09 1.01047e-07 17.9256
271.902 7.63565e-10 5.45076e-09 8.53611 1.60003e-09 1.04402e-07 18.1458
272.827 7.9688e-10 6.16759e-09 8.88723 1.55967e-09 1.00434e-07 18.0885
273.751 8.24472e-10 7.33889e-09 9.49454 1.5295e-09 1.01666e-07 18.2263
274.676 8.12082e-10 8.88911e-09 10.3926 1.62817e-09 1.03539e-07 18.034
275.601 7.21749e-10 8.99713e-09 10.9572 1.64895e-09 1.00473e-07 17.8484
276.526 7.34449e-10 8.2037e-09 10.4805 1.64518e-09 1.06983e-07 18.131
277.451 7.37608e-10 6.31732e-09 9.32707 1.64483e-09 1.01641e-07 17.9095
278.376 6.77623e-10 5.0609e-09 8.7324 1.51347e-09 1.06447e-07 18.4716
279.3 6.14116e-10 4.309e-09 8.46126 1.57396e-09 1.08312e-07 18.3768
280.225 5.94849e-10 4.14407e-09 8.43021 1.63778e-09 1.08775e-07 18.2227
281.15 6.33036e-10 4.38363e-09 8.40405 1.63252e-09 1.099e-07 18.2814
282.075 6.47327e-10 4.70036e-09 8.61007 1.60884e-09 1.13682e-07 18.4918
283 6.50438e-10 4.36724e-09 8.27001 1.5502e-09 1.05308e-07 18.3207
283.925 6.36388e-10 4.00006e-09 7.98344 1.60174e-09 1.08694e-07 18.3161
284.85 6.59768e-10 3.53994e-09 7.29605 1.57077e-09 1.06048e-07 18.2939
285.774 6.17765e-10 3.00015e-09 6.8632 1.60472e-09 1.05933e-07 18.1963
286.699 6.27013e-10 2.95177e-09 6.72806 1.63484e-09 1.11088e-07 18.3219
287.624 6.99049e-10 3.08711e-09 6.45044 1.62931e-09 1.03943e-07 18.0479
288.549 9.18005e-10 3.70106e-09 6.05481 1.7378e-09 9.34588e-08 17.3062
289.474 7.78969e-10 4.30546e-09 7.425 1.63828e-09 9.22269e-08 17.5047
290.399 7.06424e-10 4.53667e-09 8.07672 1.56847e-09 9.26355e-08 17.713
291.323 8.08302e-10 4.6124e-09 7.56353 1.58677e-09 1.05177e-07 18.2141
292.248 7.07175e-10 3.82067e-09 7.32612 1.53327e-09 1.15416e-07 18.7665
293.173 6.50579e-10 2.9033e-09 6.49592 1.54072e-09 1.17925e-07 18.8388
294.098 6.45663e-10 2.446e-09 5.78451 1.5561e-09 1.0455e-07 18.2729
295.023 6.56113e-10 2.54786e-09 5.89197 1.57391e-09 9.86347e-08 17.9705
295.948 7.1223e-10 2.84594e-09 6.01606 1.63218e-09 9.56258e-08 17.6781
296.872 6.92909e-10 2.87407e-09 6.17821 1.53985e-09 9.01118e-08 17.673
297.797 6.79396e-10 2.54485e-09 5.73539 1.50039e-09 8.77145e-08 17.6687
298.722 7.46392e-10 2.10763e-09 4.50827 1.53685e-09 8.35292e-08 17.3521
299.647 8.37347e-10 1.75632e-09 3.21698 1.47865e-09 8.43761e-08 17.5635
300.572 9.55148e-10 1.82723e-09 2.81723 1.43588e-09 7.65752e-08 17.2697
301.497 1.04878e-09 2.31087e-09 3.43092 1.47686e-09 7.69779e-08 17.1703
302.421 1.05326e-09 2.97292e-09 4.5065 1.57725e-09 8.14775e-08 17.1314
303.346 9.55059e-10 3.84037e-09 6.04343 1.46186e-09 8.29113e-08 17.5371
304.271 8.58351e-10 4.53468e-09 7.22882 1.40668e-09 8.23584e-08 17.6751
305.196 8.16433e-10 4.57778e-09 7.48735 1.51329e-09 8.04654e-08 17.2569
306.121 7.43907e-10 4.2191e-09 7.53701 1.52284e-09 8.16921e-08 17.2953
307.046 6.84857e-10 3.73069e-09 7.36189 1.45118e-09 7.8182e-08 17.3138
307.97 6.6501e-10 3.26289e-09 6.90774 1.38661e-09 7.66068e-08 17.4231
308.895 6.79304e-10 3.13662e-09 6.64398 1.40812e-09 7.90069e-08 17.4903
309.82 6.50793e-10 3.27295e-09 7.01497 1.44208e-09 7.78472e-08 17.3225
310.745 6.55749e-10 3.60893e-09 7.40641 1.47347e-09 7.92784e-08 17.3081
311.67 6.45385e-10 3.96537e-09 7.88465 1.53607e-09 8.03678e-08 17.1867
312.595 6.51691e-10 4.24177e-09 8.13505 1.42832e-09 7.8893e-08 17.4221
313.519 6.9375e-10 4.05029e-09 7.66283 1.42482e-09 7.5687e-08 17.2526
314.444 6.46595e-10 3.68802e-09 7.56161 1.3494e-09 7.51853e-08 17.4599
315.369 5.89929e-10 3.42494e-09 7.63853 1.34744e-09 7.02554e-08 17.1717
316.294 6.15577e-10 3.32934e-09 7.33076 1.35259e-09 6.76609e-08 16.9917
317.219 6.09012e-10 3.54912e-09 7.65495 1.36391e-09 7.0593e-08 17.1398
318.144 5.95426e-10 3.98456e-09 8.25553 1.39971e-09 7.07189e-08 17.035
319.068 6.24903e-10 4.40526e-09 8.48159 1.42783e-09 6.94734e-08 16.8714
319.993 6.04591e-10 4.35402e-09 8.57429 1.39867e-09 6.56907e-08 16.7179
320.918 6.05109e-10 4.12849e-09 8.33957 1.38735e-09 6.01545e-08 16.3708
321.843 5.79618e-10 3.87675e-09 8.25326 1.40934e-09 5.86102e-08 16.1896
322.768 5.88766e-10 3.31219e-09 7.50172 1.43399e-09 5.51728e-08 15.8518
323.693 6.07526e-10 2.93414e-09 6.83916 1.32822e-09 5.53312e-08 16.197
324.617 5.95501e-10 3.07111e-09 7.12413 1.35566e-09 5.67459e-08 16.2178
325.542 5.98921e-10 3.36877e-09 7.50102 1.39201e-09 5.28269e-08 15.7921
326.467 6.03603e-10 3.84918e-09 8.04617 1.3217e-09 5.5695e-08 16.2468
327.392 5.97802e-10 3.93408e-09 8.18286 1.38873e-09 5.48777e-08 15.9678
328.317 5.94909e-10 3.71561e-09 7.9558 1.40344e-09 5.37779e-08 15.8341
329.242 5.97325e-10 3.43793e-09 7.60086 1.29308e-09 5.4015e-08 16.2089
330.166 5.72781e-10 3.16886e-09 7.42915 1.38075e-09 5.06627e-08 15.6457
331.091 5.89637e-10 2.93078e-09 6.96399 1.40612e-09 4.66069e-08 15.2043
332.016 6.12135e-10 2.79569e-09 6.59642 1.36072e-09 4.72766e-08 15.4088
332.941 6.16301e-10 3.00906e-09 6.88638 1.34632e-09 4.90771e-08 15.6173
333.866 6.44964e-10 3.54385e-09 7.3994 1.33689e-09 4.63255e-08 15.3972
334.791 6.45494e-10 3.74139e-09 7.6314 1.27405e-09 4.53485e-08 15.5138
335.715 6.66626e-10 3.66631e-09 7.40347 1.29766e-09 4.27317e-08 15.1759
336.64 6.30437e-10 3.52037e-09 7.46947 1.32076e-09 4.38984e-08 15.2163
337.565 6.01443e-10 3.089e-09 7.10624 1.36451e-09 4.51221e-08 15.1941
338.49 6.16886e-10 2.72496e-09 6.45155 1.36565e-09 4.54227e-08 15.2194
339.415 6.43939e-10 2.63699e-09 6.12264 1.29883e-09 4.22395e-08 15.1217
340.34 6.3443e-10 2.85745e-09 6.53595 1.32762e-09 4.26546e-08 15.0689
341.265 6.40809e-10 3.02186e-09 6.73546 1.29231e-09 4.21655e-08 15.1359
342.189 6.34149e-10 3.20907e-09 7.04188 1.33421e-09 4.39584e-08 15.1782
343.114 6.15123e-10 3.5098e-09 7.5632 1.27557e-09 4.45523e-08 15.4317
344.039 6.49383e-10 3.6144e-09 7.45536 1.34508e-09 4.51572e-08 15.2598
344.964 6.46914e-10 3.49631e-09 7.32763 1.32334e-09 4.31766e-08 15.1358
345.889 6.43577e-10 3.54519e-09 7.41039 1.32833e-09 4.02734e-08 14.8171
346.814 6.30951e-10 3.68689e-09 7.66664 1.32849e-09 4.24841e-08 15.0487
347.738 6.50771e-10 4.4371e-09 8.33671 1.26526e-09 4.8554e-08 15.8405
348.663 6.19338e-10 5.67718e-09 9.62205 1.26951e-09 5.4541e-08 16.3309
349.588 6.08812e-10 8.42359e-09 11.4101 1.34264e-09 6.29121e-08 16.7078
350.513 6.53724e-10 1.04537e-08 12.0388 1.30101e-09 6.19474e-08 16.7774
351.438 6.51962e-10 8.56583e-09 11.1855 1.24114e-09 5.23888e-08 16.2542
352.363 6.48415e-10 6.25012e-09 9.84035 1.2705e-09 4.66359e-08 15.6474
353.287 6.55409e-10 5.4958e-09 9.23519 1.29038e-09 4.74491e-08 15.6551
354.212 6.49993e-10 5.83421e-09 9.53073 1.28752e-09 5.56724e-08 16.3589
355.137 6.53339e-10 6.00425e-09 9.6332 1.31556e-09 6.48137e-08 16.9256
356.062 7.05157e-10 6.38647e-09 9.56975 1.33937e-09 6.95352e-08 17.153
356.987 7.20884e-10 5.92046e-09 9.1449 1.34475e-09 5.81163e-08 16.3566
357.912 6.61348e-10 3.87673e-09 7.68036 1.30634e-09 3.03922e-08 13.6671
358.836 5.6361e-10 2.11951e-09 5.75257 1.31285e-09 1.85749e-08 11.5071
359.761 5.72952e-10 1.69128e-09 4.70097 1.34357e-09 1.90593e-08 11.5185
360.686 5.98225e-10 1.9364e-09 5.1013 1.38113e-09 2.11389e-08 11.8485
361.611 5.54731e-10 2.32315e-09 6.21995 1.28915e-09 2.19109e-08 12.3036
362.536 5.66616e-10 2.62545e-09 6.65915 1.18603e-09 1.97503e-08 12.2148
363.461 6.03117e-10 2.71661e-09 6.53626 1.22913e-09 1.95764e-08 12.0214
364.385 6.0389e-10 2.7529e-09 6.58833 1.28236e-09 1.95233e-08 11.8254
365.31 6.33064e-10 2.86856e-09 6.56216 1.22409e-09 2.33618e-08 12.8069
366.235 6.01417e-10 2.56417e-09 6.29771 1.26531e-09 2.91871e-08 13.6299
367.16 6.05888e-10 2.06361e-09 5.32235 1.25231e-09 3.01178e-08 13.8111
368.085 6.35491e-10 2.09356e-09 5.17776 1.25779e-09 2.7348e-08 13.3732
369.01 5.96123e-10 2.2608e-09 5.78926 1.22843e-09 2.56389e-08 13.1955
369.934 5.78985e-10 2.34261e-09 6.07033 1.22483e-09 2.64393e-08 13.3417
370.859 5.92229e-10 2.44524e-09 6.15832 1.25027e-09 2.5524e-08 13.0995
371.784 6.00276e-10 2.39627e-09 6.01184 1.1969e-09 2.47511e-08 13.1554
372.709 5.79052e-10 2.28978e-09 5.97076 1.14381e-09 2.54954e-08 13.4811
373.634 5.76101e-10 2.23794e-09 5.8935 1.19289e-09 2.58951e-08 13.3662
374.559 5.74727e-10 2.12305e-09 5.67499 1.24102e-09 2.4974e-08 13.0371
375.483 5.96433e-10 2.28248e-09 5.82845 1.21417e-09 2.45747e-08 13.0621
376.408 6.24955e-10 2.49869e-09 6.01864 1.24296e-09 2.51018e-08 13.0525
377.333 6.0347e-10 2.64302e-09 6.41445 1.25249e-09 2.52165e-08 13.0391
378.258 5.72296e-10 2.83985e-09 6.95674 1.18271e-09 2.50162e-08 13.2534
379.183 6.16707e-10 2.76204e-09 6.51151 1.21651e-09 2.51339e-08 13.1515
380.108 6.02262e-10 2.718e-09 6.54464 1.16874e-09 2.42953e-08 13.178
381.032 5.88762e-10 2.45402e-09 6.19938 1.2017e-09 2.30531e-08 12.8293
381.957 5.83933e-10 2.40373e-09 6.14523 1.24229e-09 2.26177e-08 12.6023
382.882 6.06492e-10 2.64898e-09 6.40254 1.21265e-09 2.24238e-08 12.6698
383.807 6.21292e-10 2.58621e-09 6.19368 1.22806e-09 2.20232e-08 12.5366
384.732 5.95573e-10 2.70282e-09 6.56882 1.20114e-09 2.12959e-08 12.487
385.657 5.85208e-10 2.93935e-09 7.00941 1.2173e-09 2.08945e-08 12.3463
386.581 5.71722e-10 2.87157e-09 7.00934 1.2262e-09 2.11007e-08 12.3573
387.506 5.87254e-10 2.56328e-09 6.3997 1.18686e-09 2.12096e-08 12.5213
388.431 5.95908e-10 2.52708e-09 6.2744 1.19889e-09 2.08663e-08 12.4066
389.356 6.18305e-10 2.4519e-09 5.983 1.23811e-09 2.12222e-08 12.3403
390.281 6.02885e-10 2.33508e-09 5.88067 1.16138e-09 2.13239e-08 12.6389
391.206 5.68126e-10 2.5068e-09 6.44675 1.08282e-09 2.01345e-08 12.6939
392.13 5.65693e-10 2.57948e-09 6.58952 1.10423e-09 2.00293e-08 12.5861
393.055 6.14085e-10 2.7925e-09 6.57765 1.15051e-09 1.89823e-08 12.1746
393.98 5.81307e-10 2.64502e-09 6.58023 1.14046e-09 1.84837e-08 12.0971
394.905 5.75398e-10 2.41375e-09 6.22724 1.19751e-09 1.84608e-08 11.8797
395.83 5.84769e-10 2.31797e-09 5.98124 1.18319e-09 1.88262e-08 12.0171
396.755 5.89906e-10 2.24868e-09 5.81145 1.16234e-09 1.90615e-08 12.1482
397.68 5.91974e-10 2.14214e-09 5.58546 1.18963e-09 1.86273e-08 11.9474
398.604 5.48125e-10 2.20339e-09 6.04212 1.16077e-09 1.83533e-08 11.9897
399.529 6.04257e-10 2.47525e-09 6.12397 1.15258e-09 1.8614e-08 12.0817
400.454 5.89241e-10 2.61567e-09 6.4729 1.13326e-09 1.79535e-08 11.9982
401.379 5.80844e-10 2.67582e-09 6.63397 1.15214e-09 1.81214e-08 11.9669
402.304 5.69454e-10 2.45834e-09 6.35183 1.15562e-09 1.78842e-08 11.8965
403.229 5.92282e-10 2.41498e-09 6.10385 1.05515e-09 1.80506e-08 12.3318
404.153 6.15991e-10 2.26848e-09 5.66161 1.10328e-09 1.73627e-08 11.9693
405.078 6.05545e-10 2.18689e-09 5.5768 1.13938e-09 1.78551e-08 11.9509
406.003 5.74803e-10 2.26829e-09 5.9618 1.09133e-09 1.7434e-08 12.0344
406.928 6.02473e-10 2.64357e-09 6.42253 1.1273e-09 1.66782e-08 11.7011
407.853 6.11443e-10 2.83538e-09 6.66255 1.14873e-09 1.67686e-08 11.6428
408.778 5.92845e-10 2.64364e-09 6.49261 1.12552e-09 1.72357e-08 11.8507
409.702 5.91739e-10 2.51747e-09 6.28834 1.0737e-09 1.76308e-08 12.1539
410.627 5.84064e-10 2.41749e-09 6.16904 1.10289e-09 1.68123e-08 11.831
411.552 5.81766e-10 2.2827e-09 5.937 1.13272e-09 1.66298e-08 11.6676
412.477 5.7975e-10 2.35532e-09 6.08809 1.13522e-09 1.73319e-08 11.8376
413.402 5.54833e-10 2.42592e-09 6.40714 1.07861e-09 1.65568e-08 11.8611
414.327 5.58038e-10 2.54226e-09 6.58556 1.0851e-09 1.63738e-08 11.7868
415.251 5.6039e-10 2.40939e-09 6.33417 1.14868e-09 1.54652e-08 11.2916
416.176 5.70407e-10 2.59306e-09 6.57628 1.18343e-09 1.57151e-08 11.2317
417.101 5.69754e-10 2.44996e-09 6.33471 1.09653e-09 1.55763e-08 11.5244
418.026 5.59045e-10 2.16434e-09 5.87879 1.07563e-09 1.51153e-08 11.4775
418.951 5.70151e-10 2.17765e-09 5.81999 1.06177e-09 1.43654e-08 11.3129
419.876 5.78073e-10 2.17369e-09 5.75215 1.04972e-09 1.42584e-08 11.33
420.8 5.6133e-10 2.26931e-09 6.06675 1.05447e-09 1.39635e-08 11.2196
421.725 5.65708e-10 2.4023e-09 6.28035 1.10042e-09 1.47871e-08 11.2832
422.65 5.76859e-10 2.40777e-09 6.20545 1.13277e-09 1.40352e-08 10.9308
423.575 5.96767e-10 2.45871e-09 6.14903 1.12244e-09 1.34896e-08 10.7984
424.5 5.88336e-10 2.32473e-09 5.96747 1.09763e-09 1.41942e-08 11.1165
425.425 5.6135e-10 2.1521e-09 5.83629 1.0835e-09 1.40596e-08 11.1314
426.349 5.55174e-10 2.09265e-09 5.76268 1.10141e-09 1.37193e-08 10.9538
427.274 5.7306e-10 2.15267e-09 5.74777 1.08074e-09 1.32325e-08 10.8792
428.199 6.05276e-10 2.45135e-09 6.07452 1.04598e-09 1.41127e-08 11.3009
429.124 6.40447e-10 3.80674e-09 7.7407 1.09454e-09 1.54794e-08 11.5052
430.049 9.89948e-10 5.31419e-09 7.29825 1.34504e-09 1.63729e-08 10.8539
430.974 1.27939e-09 3.85473e-09 4.78992 1.46466e-09 1.44365e-08 9.93725
431.898 7.5262e-10 2.35549e-09 4.95506 1.16833e-09 1.36639e-08 10.6801
432.823 5.99418e-10 2.13709e-09 5.52093 1.09271e-09 1.32894e-08 10.85
433.748 5.90554e-10 2.09756e-09 5.50454 1.06906e-09 1.27084e-08 10.7509
434.673 5.93958e-10 1.99196e-09 5.25525 1.06058e-09 1.25149e-08 10.7188
435.598 6.02855e-10 2.07643e-09 5.37105 1.13487e-09 1.32735e-08 10.6804
436.523 6.02343e-10 2.23512e-09 5.69457 1.13514e-09 1.3215e-08 10.6602
437.447 5.73754e-10 2.22821e-09 5.89231 1.09637e-09 1.19565e-08 10.3765
438.372 5.99018e-10 2.18143e-09 5.61301 1.1011e-09 1.22276e-08 10.4551
439.297 5.76149e-10 2.11373e-09 5.64514 1.10442e-09 1.25406e-08 10.5518
440.222 5.51464e-10 1.97134e-09 5.53244 1.11333e-09 1.20857e-08 10.3565
441.147 5.6963e-10 1.89217e-09 5.21367 1.10046e-09 1.18083e-08 10.3061
442.072 6.06745e-10 1.95031e-09 5.07098 1.06013e-09 1.1571e-08 10.3801
442.996 5.74529e-10 2.06578e-09 5.55772 1.05736e-09 1.13895e-08 10.3228
443.921 5.95355e-10 2.13791e-09 5.55213 1.13763e-09 1.15853e-08 10.0791
444.846 6.04069e-10 2.18826e-09 5.59012 1.11422e-09 1.16536e-08 10.1949
445.771 5.98098e-10 2.09734e-09 5.44896 1.05752e-09 1.16151e-08 10.4074
446.696 6.05126e-10 1.93834e-09 5.05584 1.07023e-09 1.13197e-08 10.2436
447.621 5.76931e-10 1.91009e-09 5.1993 1.06803e-09 1.09512e-08 10.1088
448.545 5.70697e-10 1.88361e-09 5.18585 1.06957e-09 1.09267e-08 10.0928
449.47 5.71304e-10 1.81193e-09 5.01274 1.06753e-09 1.10446e-08 10.1477
450.395 5.71191e-10 1.85371e-09 5.11261 1.0418e-09 1.10948e-08 10.2733
451.32 5.67849e-10 2.02746e-09 5.5272 9.96615e-10 1.1286e-08 10.5401
452.245 5.92285e-10 2.08273e-09 5.46102 1.02725e-09 1.1308e-08 10.4171
453.17 5.80095e-10 2.12364e-09 5.63582 1.04566e-09 1.0941e-08 10.1967
454.094 5.83054e-10 2.06551e-09 5.49318 1.06344e-09 1.1118e-08 10.1931
455.019 5.55147e-10 1.85991e-09 5.25084 1.03694e-09 1.1033e-08 10.2694
455.944 5.4212e-10 1.77489e-09 5.15076 1.07209e-09 1.00865e-08 9.73509
456.869 5.89899e-10 1.80349e-09 4.85336 1.06221e-09 1.05124e-08 9.95493
457.794 6.05874e-10 1.88416e-09 4.92735 1.06998e-09 1.12285e-08 10.2095
458.719 5.67439e-10 2.03456e-09 5.54551 1.05902e-09 1.10558e-08 10.1868
459.644 5.76418e-10 2.04753e-09 5.50493 1.07201e-09 1.06953e-08 9.98992
460.568 6.07365e-10 1.90858e-09 4.9726 1.05628e-09 1.1091e-08 10.2119
461.493 6.05421e-10 1.86307e-09 4.88172 1.05892e-09 1.10616e-08 10.1895
462.418 5.96812e-10 1.80998e-09 4.81837 1.07404e-09 1.10622e-08 10.1282
463.343 5.65909e-10 1.7894e-09 4.99961 1.05345e-09 1.04163e-08 9.951
464.268 5.75041e-10 1.75265e-09 4.83996 1.08399e-09 9.94174e-09 9.62437
465.193 6.36625e-10 1.82401e-09 4.57143 1.05122e-09 1.00323e-08 9.79705
466.117 6.12374e-10 1.96715e-09 5.0682 1.06608e-09 1.03934e-08 9.88966
467.042 5.88177e-10 1.93358e-09 5.16854 1.04401e-09 9.70237e-09 9.68174
467.967 5.87912e-10 1.89546e-09 5.08402 9.87169e-10 9.76912e-09 9.95464
468.892 5.77107e-10 1.76721e-09 4.86032 1.0148e-09 9.60483e-09 9.7611
469.817 5.51185e-10 1.72666e-09 4.95909 1.00785e-09 8.88688e-09 9.45355
470.742 5.69061e-10 1.73438e-09 4.83986 9.96663e-10 8.57421e-09 9.34646
471.666 5.78559e-10 1.76922e-09 4.85434 9.71394e-10 9.6044e-09 9.95075
472.591 5.62362e-10 1.75492e-09 4.94241 1.00663e-09 9.96513e-09 9.95614
473.516 5.74613e-10 1.77115e-09 4.8888 1.08274e-09 9.66697e-09 9.50765
474.441 5.87692e-10 1.89761e-09 5.09057 1.04542e-09 9.55393e-09 9.60891
475.366 5.56163e-10 1.92478e-09 5.39179 9.8156e-10 9.78348e-09 9.98576
476.291 5.52453e-10 1.85647e-09 5.26393 9.48305e-10 9.1642e-09 9.85146
477.215 5.59567e-10 1.82327e-09 5.12999 9.87293e-10 9.09829e-09 9.64514
478.14 5.64542e-10 1.67985e-09 4.73574 1.01535e-09 9.18413e-09 9.56421
479.065 5.80274e-10 1.61256e-09 4.43883 1.01162e-09 9.32673e-09 9.64713
479.99 5.7647e-10 1.66389e-09 4.60348 1.00178e-09 9.3752e-09 9.71207
480.915 5.80086e-10 1.7736e-09 4.85363 1.0108e-09 9.08949e-09 9.53874
481.84 5.75594e-10 1.78916e-09 4.92533 9.86836e-10 9.02762e-09 9.61328
482.764 5.83092e-10 1.85735e-09 5.03157 1.01114e-09 9.28027e-09 9.6275
483.689 6.12219e-10 1.778e-09 4.63025 1.0161e-09 9.1039e-09 9.52291
484.614 6.16472e-10 1.67684e-09 4.34578 1.03551e-09 8.96516e-09 9.37404
485.539 5.78963e-10 1.616e-09 4.4579 9.87236e-10 8.97579e-09 9.58652
486.464 5.71408e-10 1.6159e-09 4.51468 9.91111e-10 8.67592e-09 9.42193
487.389 5.88411e-10 1.67723e-09 4.54912 1.00799e-09 8.55791e-09 9.28913
488.313 5.64444e-10 1.70473e-09 4.80035 9.81275e-10 7.99544e-09 9.11052
489.238 5.82903e-10 1.74606e-09 4.76463 9.84683e-10 8.18739e-09 9.19849
490.163 5.99481e-10 1.64222e-09 4.37656 9.75441e-10 8.79946e-09 9.55255
491.088 5.79e-10 1.50906e-09 4.16028 9.44654e-10 8.37384e-09 9.47652
492.013 5.63655e-10 1.46455e-09 4.14691 9.77125e-10 7.77423e-09 9.00707
492.938 5.82437e-10 1.41224e-09 3.84659 9.63593e-10 7.42991e-09 8.8709
493.862 6.08674e-10 1.46189e-09 3.8053 9.33534e-10 7.50406e-09 9.05166
494.787 5.93569e-10 1.51796e-09 4.07789 1.037e-09 7.81655e-09 8.77238
495.712 5.68636e-10 1.53238e-09 4.30532 1.02518e-09 7.89745e-09 8.86686
496.637 5.75304e-10 1.62709e-09 4.51514 9.8586e-10 7.69429e-09 8.92353
497.562 5.78697e-10 1.66042e-09 4.57766 9.7016e-10 7.67556e-09 8.98267
498.487 5.6298e-10 1.57099e-09 4.45681 1.05105e-09 8.04494e-09 8.83899
499.411 5.84108e-10 1.50719e-09 4.11675 1.07332e-09 7.64988e-09 8.52925
500.336 5.9953e-10 1.44047e-09 3.80694 1.03513e-09 7.40053e-09 8.54269
501.261 5.87882e-10 1.37299e-09 3.68377 1.02746e-09 6.96803e-09 8.31346
502.186 5.54274e-10 1.43559e-09 4.13306 9.95632e-10 6.86658e-09 8.38641
503.111 5.49966e-10 1.53843e-09 4.46742 1.01397e-09 7.13343e-09 8.47271
504.036 5.7754e-10 1.52327e-09 4.21195 9.98818e-10 6.97131e-09 8.43828
504.96 6.05454e-10 1.53501e-09 4.0403 9.56747e-10 7.23905e-09 8.78885
505.885 5.89947e-10 1.56188e-09 4.22834 9.76429e-10 7.10627e-09 8.62001
506.81 5.65862e-10 1.4588e-09 4.11285 1.0234e-09 7.14463e-09 8.43934
507.735 5.70195e-10 1.39681e-09 3.89114 9.72293e-10 7.05183e-09 8.60505
508.66 5.67257e-10 1.41954e-09 3.98367 9.55439e-10 6.74857e-09 8.49009
509.585 5.43562e-10 1.48504e-09 4.36489 9.61082e-10 7.27702e-09 8.79193
510.509 5.51736e-10 1.45853e-09 4.22184 9.78262e-10 7.39508e-09 8.78488
511.434 5.55622e-10 1.46314e-09 4.20507 1.00181e-09 7.0838e-09 8.49483
512.359 5.62351e-10 1.54803e-09 4.39772 1.01497e-09 6.9414e-09 8.34995
513.284 5.83479e-10 1.53443e-09 4.19922 9.71453e-10 6.61625e-09 8.3319
514.209 5.77068e-10 1.51143e-09 4.18161 9.64965e-10 6.9205e-09 8.55626
515.134 5.84767e-10 1.44141e-09 3.91804 9.73582e-10 6.82681e-09 8.45845
516.059 5.74044e-10 1.40351e-09 3.8827 9.33794e-10 6.62194e-09 8.50734
516.983 5.59977e-10 1.43488e-09 4.08646 9.24364e-10 6.74836e-09 8.63355
517.908 5.6411e-10 1.45752e-09 4.12251 9.35538e-10 7.13185e-09 8.82141
518.833 5.47e-10 1.49069e-09 4.354 9.46283e-10 6.88944e-09 8.62163
519.758 5.87018e-10 1.4891e-09 4.04273 9.32629e-10 6.54753e-09 8.46369
520.683 5.737e-10 1.4372e-09 3.98833 9.37436e-10 6.37055e-09 8.32235
521.608 5.73437e-10 1.36595e-09 3.76949 9.0461e-10 6.20787e-09 8.36481
522.532 5.9371e-10 1.40334e-09 3.73589 8.83766e-10 6.76091e-09 8.83668
523.457 6.00027e-10 1.42552e-09 3.75803 9.03803e-10 6.7474e-09 8.73063
524.382 6.06004e-10 1.43879e-09 3.75522 9.79242e-10 6.90403e-09 8.48213
525.307 5.57558e-10 1.43136e-09 4.09459 9.45583e-10 6.60296e-09 8.44039
526.232 5.51336e-10 1.48785e-09 4.31143 9.56463e-10 6.7014e-09 8.45498
527.157 5.51249e-10 1.45232e-09 4.20715 9.80178e-10 6.38024e-09 8.13532
528.081 5.63514e-10 1.36621e-09 3.84613 9.81285e-10 6.20082e-09 8.00654
529.006 5.86922e-10 1.3384e-09 3.58005 9.32276e-10 6.31311e-09 8.30699
529.931 5.91013e-10 1.29619e-09 3.41072 9.59642e-10 6.20963e-09 8.10957
530.856 5.52955e-10 1.24832e-09 3.53636 9.83142e-10 5.75203e-09 7.67205
531.781 5.6755e-10 1.27278e-09 3.50749 9.67945e-10 5.77652e-09 7.75816
532.706 5.59795e-10 1.2939e-09 3.63872 9.72549e-10 6.18677e-09 8.03553
533.63 5.71239e-10 1.36458e-09 3.78181 9.208e-10 6.05289e-09 8.17797
534.555 5.71724e-10 1.34963e-09 3.73028 9.37376e-10 6.13629e-09 8.15992
535.48 5.65228e-10 1.251e-09 3.45033 9.96258e-10 6.05626e-09 7.83833
536.405 5.64172e-10 1.20386e-09 3.29165 9.25238e-10 5.87233e-09 8.02557
537.33 5.56197e-10 1.27187e-09 3.59214 9.22924e-10 5.99241e-09 8.12435
538.255 5.71218e-10 1.24384e-09 3.37963 9.8701e-10 5.77068e-09 7.66905
539.179 5.95529e-10 1.18101e-09 2.97351 9.97444e-10 5.73281e-09 7.59479
540.104 5.86031e-10 1.26095e-09 3.32777 9.94439e-10 5.68056e-09 7.56813
541.029 5.69289e-10 1.32332e-09 3.66332 9.31172e-10 5.71474e-09 7.87967
541.954 5.74161e-10 1.29077e-09 3.51815 9.6188e-10 5.88134e-09 7.86355
542.879 5.92934e-10 1.17419e-09 2.96732 9.26845e-10 5.77068e-09 7.9422
543.804 5.63195e-10 1.14579e-09 3.08447 9.30803e-10 5.81628e-09 7.95787
544.728 5.41009e-10 1.10832e-09 3.11461 9.71619e-10 5.50352e-09 7.53144
545.653 5.51201e-10 1.17467e-09 3.28606 9.76445e-10 5.29088e-09 7.3388
546.578 5.81555e-10 1.11017e-09 2.80799 9.57221e-10 5.56359e-09 7.64343
547.503 5.80817e-10 1.14926e-09 2.96379 9.28517e-10 5.85484e-09 7.99725
548.428 5.60465e-10 1.13083e-09 3.04849 9.03469e-10 5.51568e-09 7.85686
549.353 5.53676e-10 1.10445e-09 2.9989 8.70136e-10 5.4242e-09 7.94749
550.277 5.77425e-10 1.08598e-09 2.74326 9.00799e-10 5.43693e-09 7.80726
551.202 6.01683e-10 1.06874e-09 2.49505 8.83778e-10 5.79715e-09 8.16871
552.127 5.71645e-10 1.09226e-09 2.81199 9.1021e-10 5.61477e-09 7.90191
553.052 5.79128e-10 1.08338e-09 2.72006 9.30177e-10 5.45981e-09 7.68612
553.977 5.7319e-10 1.11208e-09 2.87837 9.07526e-10 5.21276e-09 7.59209
554.902 5.59426e-10 1.13405e-09 3.0689 8.79831e-10 5.08925e-09 7.62254
555.826 5.48574e-10 1.18879e-09 3.3587 9.02787e-10 5.07344e-09 7.49717
556.751 5.52055e-10 1.11674e-09 3.0597 9.15894e-10 5.26991e-09 7.59958
557.676 5.60607e-10 1.00772e-09 2.54682 9.17677e-10 5.0905e-09 7.44071
558.601 5.5336e-10 9.59035e-10 2.38826 9.11722e-10 5.13153e-09 7.50384
559.526 5.41571e-10 1.00058e-09 2.66597 9.62434e-10 5.06003e-09 7.20782
560.451 5.38891e-10 9.79142e-10 2.59345 1.01051e-09 5.12385e-09 7.05055
561.375 5.6262e-10 1.03663e-09 2.65409 9.59751e-10 5.22434e-09 7.35873
562.3 6.0442e-10 1.04535e-09 2.37923 9.13625e-10 4.93128e-09 7.32192
563.225 5.84663e-10 1.05803e-09 2.57593 8.91336e-10 5.05524e-09 7.537
564.15 5.8473e-10 1.03389e-09 2.47519 8.90923e-10 4.95997e-09 7.45639
565.075 5.97e-10 1.01535e-09 2.30641 9.19768e-10 5.10131e-09 7.44004
566 5.82388e-10 9.65164e-10 2.19388 9.0195e-10 5.08002e-09 7.50683
566.924 5.79783e-10 9.19944e-10 2.00496 8.96054e-10 4.89e-09 7.36975
567.849 6.05515e-10 9.64578e-10 2.02212 9.08398e-10 5.06675e-09 7.46453
568.774 5.83305e-10 9.63732e-10 2.18061 9.11453e-10 4.90656e-09 7.31043
569.699 5.80314e-10 9.77467e-10 2.26439 9.1297e-10 4.56634e-09 6.99112
570.624 5.64791e-10 9.89755e-10 2.4364 9.45408e-10 4.51766e-09 6.79294
571.549 5.56154e-10 9.83136e-10 2.47419 9.57205e-10 4.67867e-09 6.89118
572.474 5.61131e-10 1.00761e-09 2.54228 9.23387e-10 4.62544e-09 6.9977
573.398 5.52468e-10 9.41895e-10 2.31696 9.02307e-10 4.62664e-09 7.09911
574.323 5.69032e-10 8.8593e-10 1.92263 8.88809e-10 4.62015e-09 7.15848
575.248 5.64911e-10 9.35552e-10 2.19088 9.05682e-10 4.68165e-09 7.13423
576.173 5.67808e-10 9.57661e-10 2.2701 9.27016e-10 4.72997e-09 7.07771
577.098 5.44067e-10 9.62606e-10 2.47797 9.62657e-10 4.69813e-09 6.88454
578.023 5.8861e-10 8.97651e-10 1.8328 9.57375e-10 4.61413e-09 6.83008
578.947 5.95216e-10 8.84255e-10 1.71903 9.0231e-10 4.4814e-09 6.96058
579.872 5.68414e-10 9.40575e-10 2.18728 8.76683e-10 4.2982e-09 6.90444
580.797 5.60887e-10 8.72344e-10 1.91813 9.36083e-10 4.30278e-09 6.62435
581.722 5.56545e-10 8.19545e-10 1.68073 9.35034e-10 4.26557e-09 6.5915
582.647 5.61451e-10 8.34257e-10 1.71988 9.25476e-10 4.12896e-09 6.49475
583.572 5.42623e-10 8.50983e-10 1.95422 9.49265e-10 4.44672e-09 6.70652
584.496 5.64738e-10 8.78813e-10 1.92049 9.4929e-10 4.32749e-09 6.58837
585.421 5.82843e-10 9.00536e-10 1.88949 8.80085e-10 4.38519e-09 6.97464
586.346 5.95121e-10 8.72581e-10 1.66201 8.95875e-10 4.47927e-09 6.9896
587.271 5.74357e-10 8.15904e-10 1.52457 8.82188e-10 4.29342e-09 6.87242
588.196 5.55363e-10 8.5068e-10 1.8519 8.9514e-10 4.08817e-09 6.59638
589.121 5.57354e-10 7.97906e-10 1.5582 9.07225e-10 3.91719e-09 6.35259
590.045 5.98908e-10 8.31456e-10 1.42479 9.03989e-10 4.07698e-09 6.54176
590.97 6.08149e-10 8.72202e-10 1.56607 9.30787e-10 4.19959e-09 6.54357
591.895 5.98682e-10 8.42145e-10 1.4819 9.68132e-10 4.08808e-09 6.25585
592.82 5.81764e-10 8.27149e-10 1.52837 9.34347e-10 3.88794e-09 6.19211
593.745 5.68322e-10 8.29472e-10 1.64207 8.58614e-10 3.7257e-09 6.3741
594.67 5.71999e-10 7.90258e-10 1.40374 8.73271e-10 3.83494e-09 6.4261
595.594 5.61827e-10 7.3562e-10 1.17051 8.85332e-10 3.78236e-09 6.30656
596.519 5.62403e-10 7.31689e-10 1.14279 8.76477e-10 4.02295e-09 6.61804
597.444 5.83292e-10 7.66567e-10 1.18664 8.86119e-10 3.95346e-09 6.49486
598.369 5.61266e-10 7.70212e-10 1.37442 8.80639e-10 3.67549e-09 6.20517
599.294 5.79376e-10 8.20494e-10 1.51115 8.68979e-10 3.7055e-09 6.29837
600.219 6.05056e-10 8.43149e-10 1.44109 8.87041e-10 3.623e-09 6.11125
601.143 5.95266e-10 7.85051e-10 1.20186 8.67384e-10 3.52278e-09 6.08674
602.068 5.96035e-10 7.57805e-10 1.04286 9.07994e-10 3.65088e-09 6.04314
602.993 6.01507e-10 7.43334e-10 0.919435 8.95827e-10 3.82829e-09 6.30781
603.918 6.01219e-10 7.48172e-10 0.949688 8.90788e-10 3.82531e-09 6.32892
604.843 5.69201e-10 7.22682e-10 1.03682 8.95074e-10 3.72581e-09 6.19362
605.768 5.72084e-10 7.13312e-10 0.958194 8.77247e-10 3.72062e-09 6.27494
606.692 5.76719e-10 7.47688e-10 1.12756 8.90163e-10 3.73326e-09 6.22619
607.617 5.62343e-10 7.37246e-10 1.17611 8.80155e-10 3.50361e-09 5.99957
608.542 5.91638e-10 7.09826e-10 0.790955 8.93394e-10 3.46269e-09 5.88371
609.467 5.97615e-10 7.37743e-10 0.914835 9.3381e-10 3.54903e-09 5.79851
610.392 5.87347e-10 7.2194e-10 0.896062 8.64698e-10 3.42681e-09 5.98026
611.317 6.07798e-10 7.28341e-10 0.785755 8.53921e-10 3.32622e-09 5.90533
612.241 6.17376e-10 7.04874e-10 0.57562 8.95097e-10 3.42944e-09 5.83353
613.166 6.16711e-10 7.20558e-10 0.675874 8.92359e-10 3.37263e-09 5.77429
614.091 6.02218e-10 7.09493e-10 0.711941 8.57464e-10 3.23944e-09 5.77254
615.016 5.90922e-10 7.31445e-10 0.926516 8.75131e-10 3.36308e-09 5.84664
615.941 6.05309e-10 7.11938e-10 0.704653 9.13721e-10 3.4038e-09 5.71151
616.866 5.89436e-10 6.77699e-10 0.606001 8.92537e-10 3.20411e-09 5.55081
617.79 6.16405e-10 6.98113e-10 0.540598 8.72626e-10 3.39783e-09 5.90373
618.715 6.40136e-10 6.9848e-10 0.378815 9.26047e-10 3.37124e-09 5.61157
619.64 6.48059e-10 6.58407e-10 0.0687981 9.13616e-10 3.20577e-09 5.45169
620.565 6.34256e-10 6.79768e-10 0.300964 9.20101e-10 3.28284e-09 5.52414
621.49 6.20321e-10 6.82554e-10 0.415204 8.77939e-10 3.25197e-09 5.68682
622.415 6.34318e-10 6.5756e-10 0.156284 8.85619e-10 3.09558e-09 5.43495
623.339 6.14418e-10 6.27131e-10 0.0889436 8.56736e-10 3.07369e-09 5.54813
624.264 5.88791e-10 6.20585e-10 0.2284 8.56395e-10 3.00691e-09 5.45446
625.189 5.75562e-10 6.12151e-10 0.267664 8.69102e-10 3.18797e-09 5.64444
626.114 5.71025e-10 6.10219e-10 0.288308 8.82485e-10 3.10899e-09 5.46912
627.039 6.23575e-10 6.46343e-10 0.155741 8.90558e-10 3.11263e-09 5.43465
627.964 6.17782e-10 6.08047e-10 -0.0689819 9.00908e-10 3.18427e-09 5.4833
628.889 5.83745e-10 6.4167e-10 0.410884 9.03278e-10 3.15901e-09 5.43729
629.813 5.70443e-10 6.86171e-10 0.802201 8.92398e-10 3.14839e-09 5.4753
630.738 5.95374e-10 6.54201e-10 0.409215 8.81561e-10 3.08445e-09 5.43925
631.663 5.73436e-10 5.95818e-10 0.166286 9.0847e-10 2.9886e-09 5.17157
632.588 6.04862e-10 6.05392e-10 0.00380552 9.03131e-10 2.88367e-09 5.04195
633.513 5.9983e-10 6.22025e-10 0.157798 8.56998e-10 2.99456e-09 5.43353
634.438 5.92233e-10 6.00124e-10 0.0574823 8.51706e-10 2.92474e-09 5.35798
635.362 6.12211e-10 6.13339e-10 0.0079931 8.91101e-10 2.89545e-09 5.11789
636.287 5.98026e-10 6.22598e-10 0.174874 8.93466e-10 2.9631e-09 5.20668
637.212 6.09646e-10 5.72426e-10 -0.273582 8.65198e-10 2.99019e-09 5.38583
638.137 6.20186e-10 5.935e-10 -0.191014 8.87706e-10 2.96109e-09 5.23182
639.062 6.26404e-10 5.83942e-10 -0.304846 8.60716e-10 3.04275e-09 5.48407
639.987 6.26982e-10 5.75946e-10 -0.368734 8.77545e-10 2.99152e-09 5.32623
640.911 6.26955e-10 5.82131e-10 -0.322154 8.73502e-10 2.94336e-09 5.2758
641.836 6.26827e-10 6.17204e-10 -0.0671913 8.78968e-10 2.90689e-09 5.19456
642.761 6.1456e-10 6.98651e-10 0.556961 8.6231e-10 2.82543e-09 5.15421
643.686 6.44282e-10 1.05911e-09 2.15865 9.09895e-10 3.20424e-09 5.46734
644.611 8.68306e-10 1.58292e-09 2.60786 1.04357e-09 3.53598e-09 5.29987
645.536 1.74809e-09 1.74715e-09 -0.00233336 1.42932e-09 3.4435e-09 3.81872
646.46 2.06845e-09 1.01108e-09 -3.1086 1.57296e-09 3.01113e-09 2.82013
647.385 1.00148e-09 5.91627e-10 -2.28593 1.06798e-09 2.91034e-09 4.35379
648.31 6.1906e-10 5.534e-10 -0.486936 8.99039e-10 2.84189e-09 4.99829
649.235 5.79458e-10 5.69912e-10 -0.0721431 8.89193e-10 2.69935e-09 4.82263
650.16 5.81903e-10 5.69578e-10 -0.0929724 9.13339e-10 2.71909e-09 4.73791
651.085 5.74821e-10 5.58065e-10 -0.12848 8.70959e-10 2.60001e-09 4.74977
652.009 6.0293e-10 5.6454e-10 -0.285721 8.76834e-10 2.76158e-09 4.9824
652.934 5.58307e-10 5.74944e-10 0.127527 8.66957e-10 2.8455e-09 5.16161
653.859 5.59769e-10 5.19183e-10 -0.32688 8.48868e-10 2.75169e-09 5.10759
654.784 5.88331e-10 5.0301e-10 -0.680449 8.70032e-10 2.6191e-09 4.78617
655.709 6.32747e-10 4.86783e-10 -1.13894 8.69049e-10 2.77322e-09 5.0394
656.634 6.44737e-10 5.01578e-10 -1.09044 8.79514e-10 2.72046e-09 4.904
657.558 6.03682e-10 5.34999e-10 -0.524553 8.9134e-10 2.66232e-09 4.75217
658.483 6.14898e-10 5.28216e-10 -0.659918 8.20543e-10 2.62328e-09 5.04743
659.408 5.98813e-10 5.15627e-10 -0.649555 8.36193e-10 2.68431e-09 5.06526
660.333 5.79249e-10 4.98922e-10 -0.648329 8.62502e-10 2.58757e-09 4.77132
661.258 5.82672e-10 5.1517e-10 -0.534733 8.74471e-10 2.59144e-09 4.71796
662.183 5.77175e-10 5.21314e-10 -0.442084 8.67079e-10 2.512e-09 4.61961
663.107 5.87826e-10 5.3211e-10 -0.432471 8.50956e-10 2.538e-09 4.74585
664.032 6.02857e-10 5.23897e-10 -0.609684 8.82106e-10 2.57003e-09 4.64418
664.957 5.94807e-10 4.95834e-10 -0.790395 8.67537e-10 2.62709e-09 4.81187
665.882 5.31079e-10 4.82666e-10 -0.415126 8.21251e-10 2.57683e-09 4.9661
666.807 5.30743e-10 5.16661e-10 -0.116787 8.68803e-10 2.60918e-09 4.77583
667.732 5.75682e-10 4.95109e-10 -0.654819 8.69222e-10 2.58833e-09 4.73889
668.656 5.8173e-10 4.83267e-10 -0.805343 8.5526e-10 2.62395e-09 4.86858
669.581 5.65674e-10 5.19269e-10 -0.371741 8.69321e-10 2.45228e-09 4.5039
670.506 5.80793e-10 4.85896e-10 -0.774777 8.80956e-10 2.53952e-09 4.59797
671.431 5.65294e-10 4.77181e-10 -0.735912 8.50856e-10 2.48243e-09 4.65021
672.356 5.32092e-10 4.75599e-10 -0.487456 8.45219e-10 2.40149e-09 4.53511
673.281 5.2479e-10 4.90401e-10 -0.294343 8.44392e-10 2.3792e-09 4.49887
674.205 5.62894e-10 4.79462e-10 -0.696721 8.17537e-10 2.4042e-09 4.68463
675.13 5.56688e-10 4.87048e-10 -0.580405 8.23279e-10 2.43065e-09 4.70175
676.055 5.3533e-10 4.88574e-10 -0.396911 8.37761e-10 2.50207e-09 4.75179
676.98 5.43995e-10 4.56444e-10 -0.762072 8.61102e-10 2.47421e-09 4.58382
677.905 5.56665e-10 4.60393e-10 -0.824651 8.1369e-10 2.34488e-09 4.59662
678.83 5.40185e-10 4.74587e-10 -0.562263 8.28352e-10 2.34724e-09 4.52343
679.754 5.63525e-10 4.59116e-10 -0.889904 8.62521e-10 2.46769e-09 4.56521
680.679 5.73797e-10 4.83276e-10 -0.745634 8.30228e-10 2.35344e-09 4.52506
681.604 5.70658e-10 4.83344e-10 -0.721196 8.18624e-10 2.26198e-09 4.41404
682.529 5.84621e-10 4.4449e-10 -1.19013 8.34788e-10 2.33215e-09 4.4618
683.454 5.63072e-10 4.54305e-10 -0.932164 8.30346e-10 2.47277e-09 4.73925
684.379 5.28477e-10 4.56275e-10 -0.637993 7.98692e-10 2.52302e-09 4.99541
685.304 5.37291e-10 4.46473e-10 -0.80414 8.09598e-10 2.36393e-09 4.65365
686.228 5.78655e-10 4.36474e-10 -1.22461 8.52755e-10 2.31736e-09 4.34169
687.153 5.91089e-10 4.68668e-10 -1.00788 8.73584e-10 2.45503e-09 4.48752
688.078 5.66831e-10 4.90302e-10 -0.629902 8.61948e-10 2.44754e-09 4.53249
689.003 5.68295e-10 4.74834e-10 -0.780318 8.44067e-10 2.39925e-09 4.53699
689.928 5.65984e-10 4.62818e-10 -0.873937 7.97692e-10 2.39526e-09 4.77518
690.853 5.7239e-10 4.55441e-10 -0.992601 7.81377e-10 2.3259e-09 4.73731
691.777 5.66743e-10 4.48756e-10 -1.01376 8.53277e-10 2.35743e-09 4.41349
692.702 5.83468e-10 4.34022e-10 -1.28505 8.86036e-10 2.35307e-09 4.24184
693.627 5.95821e-10 4.58962e-10 -1.13339 8.61674e-10 2.31163e-09 4.28575
694.552 5.65961e-10 4.64819e-10 -0.855025 8.58745e-10 2.37655e-09 4.42083
695.477 5.99979e-10 4.62887e-10 -1.12661 8.80618e-10 2.37652e-09 4.31154
696.402 5.73072e-10 4.60199e-10 -0.952634 8.43395e-10 2.39673e-09 4.53588
697.326 5.64211e-10 4.72284e-10 -0.772382 8.63913e-10 2.31345e-09 4.2779
698.251 5.8209e-10 4.67055e-10 -0.956224 8.41085e-10 2.29358e-09 4.35674
699.176 6.0075e-10 4.28137e-10 -1.47111 8.57541e-10 2.3042e-09 4.29265
700.101 5.85072e-10 4.47024e-10 -1.16879 8.68359e-10 2.3387e-09 4.30275
701.026 5.88496e-10 4.52927e-10 -1.13715 8.59693e-10 2.36528e-09 4.39539
701.951 5.56681e-10 4.68093e-10 -0.752745 8.44122e-10 2.29226e-09 4.33859
702.875 5.52675e-10 4.99966e-10 -0.435296 8.07845e-10 2.31695e-09 4.57588
703.8 5.75129e-10 4.87852e-10 -0.714771 8.40301e-10 2.38885e-09 4.53754
704.725 5.85425e-10 4.79465e-10 -0.867142 8.35101e-10 2.4459e-09 4.667
705.65 5.53397e-10 4.78103e-10 -0.63515 8.36532e-10 2.33952e-09 4.46644
706.575 5.45659e-10 4.66618e-10 -0.679602 8.12682e-10 2.31058e-09 4.538
707.5 5.80835e-10 4.56285e-10 -1.04817 8.21189e-10 2.29201e-09 4.45774
708.424 5.95615e-10 4.62757e-10 -1.09613 7.96905e-10 2.2722e-09 4.5504
709.349 5.92965e-10 4.54167e-10 -1.15814 8.49898e-10 2.29401e-09 4.31228
710.274 5.9434e-10 4.39932e-10 -1.30649 8.63179e-10 2.31835e-09 4.29078
711.199 5.63271e-10 4.36994e-10 -1.10242 8.09831e-10 2.34295e-09 4.61369
712.124 5.52313e-10 4.36991e-10 -1.01713 8.33978e-10 2.27586e-09 4.35991
713.049 5.62675e-10 4.38266e-10 -1.0852 8.26726e-10 2.37613e-09 4.58509
713.973 5.48373e-10 4.50745e-10 -0.851451 8.18712e-10 2.39451e-09 4.66086
714.898 5.43877e-10 4.62323e-10 -0.70555 8.49956e-10 2.45214e-09 4.60149
715.823 5.50596e-10 4.61943e-10 -0.762448 8.23977e-10 2.29669e-09 4.45187
716.748 5.47036e-10 4.54259e-10 -0.807123 8.40811e-10 2.27306e-09 4.31912
717.673 5.35139e-10 4.53999e-10 -0.71412 8.24937e-10 2.34053e-09 4.52893
718.598 5.57207e-10 4.46256e-10 -0.964324 8.02427e-10 2.40912e-09 4.77453
719.522 5.67163e-10 4.3836e-10 -1.11877 8.18017e-10 2.47449e-09 4.80723
720.447 5.63794e-10 4.44868e-10 -1.0289 8.35229e-10 2.37193e-09 4.53296
721.372 5.67106e-10 4.6193e-10 -0.890883 8.56731e-10 2.4075e-09 4.48722
722.297 5.42364e-10 4.90498e-10 -0.436537 8.25599e-10 2.61522e-09 5.00739
723.222 5.64109e-10 4.64286e-10 -0.845774 8.09524e-10 2.55626e-09 4.99375
724.147 5.66913e-10 4.646e-10 -0.864374 8.10627e-10 2.39124e-09 4.69802
725.071 6.03758e-10 4.58992e-10 -1.19058 8.53966e-10 2.35092e-09 4.39797
725.996 5.84989e-10 4.60606e-10 -1.03818 8.18706e-10 2.32828e-09 4.53907
726.921 5.65613e-10 4.75052e-10 -0.757785 7.95385e-10 2.41132e-09 4.81677
727.846 5.40514e-10 4.51649e-10 -0.780063 8.23934e-10 2.36973e-09 4.58807
728.771 5.36084e-10 4.71994e-10 -0.552966 8.56413e-10 2.27549e-09 4.24392
729.696 5.3517e-10 4.70074e-10 -0.563258 8.49693e-10 2.2728e-09 4.27299
730.62 5.6808e-10 4.46526e-10 -1.04563 8.31017e-10 2.39061e-09 4.58899
731.545 5.54293e-10 4.63923e-10 -0.772937 8.08742e-10 2.45021e-09 4.81393
732.47 5.2505e-10 4.66847e-10 -0.510263 7.99144e-10 2.35962e-09 4.70217
733.395 5.17082e-10 4.73812e-10 -0.379538 8.10977e-10 2.30869e-09 4.54357
734.32 5.61319e-10 4.88503e-10 -0.603425 8.1364e-10 2.35869e-09 4.62239
735.245 6.04295e-10 4.60228e-10 -1.18276 8.10086e-10 2.37427e-09 4.66999
736.169 5.82952e-10 4.76566e-10 -0.8751 8.03208e-10 2.33636e-09 4.63712
737.094 5.49683e-10 4.90453e-10 -0.495148 8.08841e-10 2.41129e-09 4.74386
738.019 5.45952e-10 4.78002e-10 -0.577245 7.83268e-10 2.48368e-09 5.01185
738.944 5.52995e-10 4.61633e-10 -0.784244 7.84474e-10 2.46943e-09 4.98018
739.869 5.53562e-10 4.8115e-10 -0.608859 8.0273e-10 2.52992e-09 4.98537
740.794 5.68506e-10 4.90549e-10 -0.640524 8.57168e-10 2.55364e-09 4.74094
741.719 5.74884e-10 4.94361e-10 -0.655363 8.19109e-10 2.48322e-09 4.81674
742.643 5.64103e-10 4.71995e-10 -0.774208 8.00683e-10 2.57914e-09 5.08014
743.568 5.67242e-10 4.71788e-10 -0.800214 8.02125e-10 2.35076e-09 4.66966
744.493 5.73215e-10 4.92586e-10 -0.658356 7.88914e-10 2.27783e-09 4.60491
745.418 5.64309e-10 4.53187e-10 -0.952393 7.79362e-10 2.48071e-09 5.02837
746.343 5.3512e-10 4.63729e-10 -0.621866 7.89297e-10 2.52038e-09 5.04225
747.268 5.49074e-10 4.87844e-10 -0.513501 8.17487e-10 2.50059e-09 4.85562
748.192 5.6615e-10 4.60012e-10 -0.901624 8.21386e-10 2.47169e-09 4.78447
749.117 5.50445e-10 4.60492e-10 -0.774922 8.25699e-10 2.55676e-09 4.90868
750.042 5.49771e-10 4.83333e-10 -0.559351 8.36811e-10 2.49174e-09 4.73875
750.967 5.4913e-10 5.07568e-10 -0.341806 8.02894e-10 2.4574e-09 4.85818
751.892 5.44813e-10 5.16685e-10 -0.230216 7.80966e-10 2.49487e-09 5.04416
752.817 5.94003e-10 5.17567e-10 -0.598218 7.96499e-10 2.51721e-09 4.99734
753.741 6.04894e-10 5.20131e-10 -0.655662 8.46577e-10 2.52609e-09 4.74782
754.666 5.86091e-10 4.89896e-10 -0.778611 8.47358e-10 2.49371e-09 4.68779
755.591 5.53141e-10 4.6819e-10 -0.724135 8.02338e-10 2.56717e-09 5.05097
756.516 5.37483e-10 4.77024e-10 -0.518247 7.80264e-10 2.55442e-09 5.15051
757.441 5.53645e-10 4.73358e-10 -0.680413 7.58587e-10 2.56829e-09 5.29639
758.366 5.92539e-10 4.71805e-10 -0.989543 7.64061e-10 2.64887e-09 5.39933
759.29 5.96523e-10 4.77401e-10 -0.967437 7.56231e-10 2.65342e-09 5.45152
760.215 5.68703e-10 5.25e-10 -0.347262 7.90857e-10 2.66386e-09 5.27413
761.14 5.44181e-10 5.31121e-10 -0.1055 7.83216e-10 2.57456e-09 5.16822
762.065 5.67393e-10 5.13157e-10 -0.436339 7.60899e-10 2.59776e-09 5.33272
762.99 6.03182e-10 4.98657e-10 -0.826465 8.05812e-10 2.57296e-09 5.04199
763.915 5.76307e-10 4.86155e-10 -0.738788 8.1424e-10 2.70237e-09 5.20992
764.839 5.37867e-10 4.84184e-10 -0.456647 7.75e-10 2.67461e-09 5.37959
765.764 5.37339e-10 4.8169e-10 -0.474807 7.32128e-10 2.68375e-09 5.64155
766.689 5.58571e-10 4.82701e-10 -0.634001 7.56691e-10 2.68305e-09 5.4971
767.614 5.55663e-10 4.90296e-10 -0.543531 8.3534e-10 2.6089e-09 4.94594
768.539 5.71587e-10 5.06164e-10 -0.527912 8.12784e-10 2.73501e-09 5.26984
769.464 5.75362e-10 5.29672e-10 -0.359344 8.03782e-10 2.90373e-09 5.57818
770.388 5.75798e-10 5.25105e-10 -0.400244 8.21555e-10 2.77758e-09 5.2903
771.313 5.62441e-10 5.21356e-10 -0.329425 8.19728e-10 2.65752e-09 5.10807
772.238 5.50271e-10 5.01649e-10 -0.40177 7.9763e-10 2.67482e-09 5.25493
773.163 5.6007e-10 4.90771e-10 -0.573634 7.76723e-10 2.79372e-09 5.55917
774.088 5.50411e-10 4.97837e-10 -0.436001 7.79982e-10 2.86397e-09 5.64884
775.013 5.53674e-10 4.91168e-10 -0.520238 8.04468e-10 2.84239e-09 5.48175
775.937 5.84192e-10 5.02661e-10 -0.652804 8.20291e-10 2.77598e-09 5.29448
776.862 5.75004e-10 5.33566e-10 -0.324827 8.29801e-10 2.83241e-09 5.33182
777.787 5.35061e-10 5.39569e-10 0.0364364 8.37281e-10 2.85155e-09 5.3221
778.712 5.37732e-10 5.37087e-10 -0.00521482 8.20652e-10 2.80947e-09 5.34465
779.637 5.78693e-10 5.43991e-10 -0.268564 8.05771e-10 2.71555e-09 5.27646
780.562 6.10273e-10 5.52869e-10 -0.429022 8.40688e-10 2.79637e-09 5.2196
781.486 5.99418e-10 5.44734e-10 -0.41545 8.62227e-10 2.97177e-09 5.37394
782.411 5.68786e-10 5.45333e-10 -0.182872 8.16153e-10 2.9677e-09 5.60649
783.336 5.54242e-10 5.49665e-10 -0.0360156 7.90114e-10 3.00267e-09 5.79818
784.261 5.65457e-10 5.14322e-10 -0.411641 8.25637e-10 2.9985e-09 5.60115
785.186 5.54488e-10 5.61448e-10 0.0541754 8.37709e-10 2.89559e-09 5.38644
786.111 5.42725e-10 5.56912e-10 0.112071 8.35799e-10 2.92078e-09 5.43397
787.035 5.21281e-10 5.46808e-10 0.20763 8.2025e-10 3.08911e-09 5.75887
787.96 5.17347e-10 5.5014e-10 0.266916 7.74714e-10 3.19931e-09 6.15915
788.885 5.59802e-10 5.67546e-10 0.05967 7.81803e-10 3.05686e-09 5.92178
789.81 5.52324e-10 5.72914e-10 0.158957 8.08006e-10 3.02742e-09 5.73658
790.735 5.65631e-10 5.4916e-10 -0.128345 8.20037e-10 3.00876e-09 5.64554
791.66 5.48831e-10 5.50589e-10 0.0138875 8.27239e-10 3.13725e-09 5.78918
792.584 5.22824e-10 5.64154e-10 0.33042 8.33558e-10 2.98597e-09 5.5415
793.509 5.39637e-10 5.58163e-10 0.146593 8.16559e-10 2.95213e-09 5.58148
794.434 5.34748e-10 5.54423e-10 0.156917 8.14824e-10 3.00544e-09 5.66844
795.359 5.50525e-10 5.54004e-10 0.0273583 8.22998e-10 2.8844e-09 5.44657
796.284 5.56721e-10 5.6924e-10 0.0965766 7.99733e-10 3.03991e-09 5.79916
797.209 5.68946e-10 5.62878e-10 -0.0465672 8.48171e-10 3.1929e-09 5.75702
798.134 5.7429e-10 5.857e-10 0.0854399 8.1085e-10 3.01315e-09 5.7008
799.058 5.68326e-10 5.83997e-10 0.118133 7.65578e-10 3.04074e-09 5.9899
799.983 5.61331e-10 5.56058e-10 -0.0409897 7.95193e-10 3.00172e-09 5.76898
800.908 5.35355e-10 5.23449e-10 -0.0976758 8.04991e-10 3.19365e-09 5.98497
801.833 5.45347e-10 5.54616e-10 0.0731961 7.68463e-10 3.22649e-09 6.23107
802.758 5.7404e-10 5.92702e-10 0.138939 7.88119e-10 3.13978e-09 6.00307
803.683 5.5641e-10 5.63035e-10 0.0514042 8.52722e-10 3.16628e-09 5.69742
804.607 5.49595e-10 5.66656e-10 0.13277 8.29602e-10 3.36583e-09 6.08222
805.532 5.44471e-10 6.00659e-10 0.426531 8.42205e-10 3.22549e-09 5.83178
806.457 5.66094e-10 6.29908e-10 0.463884 8.57092e-10 3.29364e-09 5.84649
807.382 5.79794e-10 6.0217e-10 0.164454 8.23061e-10 3.16506e-09 5.8495
808.307 5.80551e-10 5.96496e-10 0.117673 7.72746e-10 3.1897e-09 6.15713
809.232 5.51217e-10 6.10852e-10 0.446131 8.0933e-10 3.35594e-09 6.17689
810.156 5.47653e-10 6.02556e-10 0.414917 8.07069e-10 3.4657e-09 6.3288
811.081 5.06981e-10 6.06298e-10 0.776945 7.72125e-10 3.53318e-09 6.60478
812.006 5.22804e-10 5.78862e-10 0.442363 7.51295e-10 3.1652e-09 6.24591
812.931 5.39401e-10 5.76386e-10 0.28802 7.70444e-10 3.22383e-09 6.21631
813.856 5.5049e-10 6.04434e-10 0.405998 7.75738e-10 3.20937e-09 6.16705
814.781 5.42592e-10 6.05804e-10 0.478584 7.97925e-10 3.34381e-09 6.22279
815.705 5.52467e-10 5.77724e-10 0.194142 7.97888e-10 3.39833e-09 6.29324
816.63 5.4246e-10 5.94388e-10 0.397021 7.73792e-10 3.43416e-09 6.47196
817.555 5.40295e-10 5.99105e-10 0.448723 8.06509e-10 3.40018e-09 6.24893
818.48 5.53078e-10 5.80465e-10 0.209898 8.17514e-10 3.30268e-09 6.06371
819.405 5.71214e-10 6.15395e-10 0.32355 8.19834e-10 3.47596e-09 6.27349
820.33 5.79263e-10 6.12809e-10 0.244496 7.93047e-10 3.38427e-09 6.30166
821.254 5.82245e-10 5.85623e-10 0.0251212 8.30424e-10 3.23319e-09 5.90331
822.179 5.66451e-10 5.64603e-10 -0.0141914 8.03033e-10 3.24993e-09 6.0714
823.104 5.52175e-10 5.85471e-10 0.25429 7.99101e-10 3.18753e-09 6.00853
824.029 5.45934e-10 6.16184e-10 0.525706 7.83458e-10 3.30235e-09 6.24808
824.954 5.4564e-10 6.26328e-10 0.598957 7.57185e-10 3.44493e-09 6.57978
825.879 5.3292e-10 6.31051e-10 0.734025 7.83987e-10 3.54208e-09 6.54949
826.803 5.18119e-10 6.30501e-10 0.852565 7.6701e-10 3.50846e-09 6.60316
827.728 5.5137e-10 6.63919e-10 0.806723 7.96222e-10 3.41746e-09 6.32669
828.653 5.4779e-10 6.93314e-10 1.02316 7.99403e-10 3.41218e-09 6.30266
829.578 5.66309e-10 6.58715e-10 0.656439 8.22787e-10 3.48362e-09 6.26743
830.503 5.44395e-10 6.62048e-10 0.849754 7.72382e-10 3.51698e-09 6.58338
831.428 5.78828e-10 6.57022e-10 0.550303 7.69776e-10 3.43314e-09 6.49327
832.352 5.74616e-10 6.49522e-10 0.532161 8.26896e-10 3.38359e-09 6.11927
833.277 5.63727e-10 6.65156e-10 0.718549 8.5633e-10 3.56669e-09 6.19624
834.202 5.51956e-10 6.54049e-10 0.737061 8.12902e-10 3.31104e-09 6.09926
835.127 5.57241e-10 6.43264e-10 0.623462 7.49503e-10 3.40612e-09 6.57487
836.052 5.60778e-10 6.71711e-10 0.783918 7.65822e-10 3.62299e-09 6.7494
836.977 5.51955e-10 6.74592e-10 0.871379 8.2862e-10 3.76888e-09 6.57857
837.901 5.68591e-10 6.62651e-10 0.664848 8.1403e-10 3.81761e-09 6.71151
838.826 5.69124e-10 6.84941e-10 0.804462 7.93275e-10 3.5225e-09 6.47427
839.751 5.9975e-10 6.89441e-10 0.605271 8.25656e-10 3.46246e-09 6.22586
840.676 5.93454e-10 6.81127e-10 0.598408 8.30765e-10 3.46306e-09 6.19982
841.601 5.79781e-10 6.85392e-10 0.726747 7.99128e-10 3.53949e-09 6.46324
842.526 5.6127e-10 6.3506e-10 0.536433 8.04761e-10 3.54168e-09 6.43542
843.45 5.39469e-10 6.50166e-10 0.810576 7.80372e-10 3.52869e-09 6.55312
844.375 5.58596e-10 6.68613e-10 0.780772 7.92592e-10 3.48206e-09 6.42787
845.3 5.70904e-10 7.13829e-10 0.970311 7.76315e-10 3.55463e-09 6.60757
846.225 5.53997e-10 6.92005e-10 0.966019 7.42386e-10 3.62107e-09 6.88207
847.15 5.65742e-10 6.89175e-10 0.857113 7.14787e-10 3.62127e-09 7.04684
848.075 5.91686e-10 6.59999e-10 0.474519 7.48542e-10 3.52255e-09 6.72641
848.999 5.62342e-10 6.67149e-10 0.742225 7.8325e-10 3.61794e-09 6.64561
849.924 5.77344e-10 6.93297e-10 0.794849 7.8646e-10 3.41417e-09 6.37608
850.849 5.76178e-10 6.98974e-10 0.839047 7.96499e-10 3.5746e-09 6.52042
851.774 5.61364e-10 6.74046e-10 0.794448 8.02024e-10 3.47982e-09 6.3737
852.699 5.49431e-10 6.89726e-10 0.987634 7.9216e-10 3.47954e-09 6.42709
853.624 5.97167e-10 6.89237e-10 0.622728 7.42232e-10 3.44916e-09 6.67174
854.549 5.95109e-10 6.97104e-10 0.687007 7.85317e-10 3.77518e-09 6.81893
855.473 5.82503e-10 6.97542e-10 0.782724 8.1537e-10 3.76683e-09 6.64621
856.398 5.68543e-10 7.12471e-10 0.980037 7.49176e-10 3.68832e-09 6.92245
857.323 5.47222e-10 8.53729e-10 1.93156 6.94396e-10 3.62092e-09 7.17212
858.248 5.55525e-10 1.36189e-09 3.89438 7.79324e-10 4.08871e-09 7.19868
859.173 6.94486e-10 2.07974e-09 4.76346 8.82216e-10 4.44775e-09 7.02565
860.098 1.09027e-09 2.58853e-09 3.7552 1.12087e-09 4.56647e-09 6.10024
861.022 1.94613e-09 2.38869e-09 0.889888 1.53525e-09 4.44385e-09 4.61581
861.947 2.1473e-09 1.33938e-09 -2.04989 1.67729e-09 3.83623e-09 3.59296
862.872 1.1623e-09 7.32248e-10 -2.0066 1.16964e-09 3.3521e-09 4.57265
863.797 6.37963e-10 7.194e-10 0.521747 8.41311e-10 3.1478e-09 5.7305
864.722 5.73315e-10 7.02836e-10 0.884603 7.93636e-10 3.31481e-09 6.20838
865.647 5.55148e-10 6.91228e-10 0.952126 7.69747e-10 3.31946e-09 6.3472
866.571 5.6698e-10 7.13929e-10 1.00088 8.01871e-10 3.25858e-09 6.08924
867.496 5.42009e-10 7.07333e-10 1.15617 7.72323e-10 3.4093e-09 6.44866
868.421 5.80977e-10 6.92676e-10 0.763715 7.96284e-10 3.26427e-09 6.12718
869.346 5.99323e-10 6.6484e-10 0.450559 7.83741e-10 3.2046e-09 6.11601
870.271 5.68252e-10 6.64309e-10 0.678289 7.90746e-10 3.49458e-09 6.45358
871.196 5.56636e-10 6.88408e-10 0.922748 7.94433e-10 3.39092e-09 6.3026
872.12 5.70021e-10 7.10453e-10 0.956447 7.50113e-10 3.1924e-09 6.28991
873.045 5.55809e-10 6.93027e-10 0.958249 7.51899e-10 3.32667e-09 6.4585
873.97 5.56043e-10 7.16299e-10 1.09986 7.71765e-10 3.43734e-09 6.48737
874.895 5.58844e-10 7.29881e-10 1.15962 7.94778e-10 3.41468e-09 6.33104
875.82 5.42145e-10 6.86543e-10 1.02552 7.85392e-10 3.30463e-09 6.24036
876.745 5.45386e-10 6.95409e-10 1.05537 7.50137e-10 3.02686e-09 6.05852
877.669 5.42452e-10 6.95432e-10 1.07893 7.29461e-10 3.08035e-09 6.25598
878.594 5.46182e-10 7.02776e-10 1.0948 7.57385e-10 3.12696e-09 6.15806
879.519 5.37514e-10 7.07242e-10 1.19178 7.81141e-10 3.16582e-09 6.07757
880.444 5.41787e-10 7.4479e-10 1.38205 7.58826e-10 3.16316e-09 6.19979
881.369 5.65521e-10 7.58762e-10 1.27657 7.72463e-10 2.9805e-09 5.86412
882.294 5.77142e-10 7.55586e-10 1.17002 7.79349e-10 2.9638e-09 5.80117
883.218 5.62649e-10 7.43795e-10 1.21216 7.94701e-10 3.16577e-09 6.00275
884.143 5.40783e-10 6.97304e-10 1.10399 7.83896e-10 2.9798e-09 5.79929
885.068 5.53388e-10 6.98784e-10 1.01313 7.5724e-10 2.83631e-09 5.7352
885.993 5.68637e-10 6.72637e-10 0.729458 7.97146e-10 2.90612e-09 5.61776
886.918 5.69679e-10 6.52993e-10 0.592786 8.25376e-10 2.93067e-09 5.50315
887.843 5.66051e-10 6.80932e-10 0.802482 8.02692e-10 2.83367e-09 5.478
888.767 5.84623e-10 7.21997e-10 0.916594 8.00947e-10 2.85877e-09 5.52575
889.692 5.63304e-10 7.42691e-10 1.20065 8.35396e-10 2.83946e-09 5.31344
890.617 5.33607e-10 7.22965e-10 1.31896 8.17526e-10 2.89064e-09 5.48492
891.542 5.27652e-10 7.06718e-10 1.26899 7.82535e-10 2.86141e-09 5.63076
892.467 5.29161e-10 6.96806e-10 1.19524 7.72381e-10 2.64012e-09 5.33792
893.392 5.48571e-10 6.55584e-10 0.773959 7.67152e-10 2.67635e-09 5.42662
894.316 5.6084e-10 6.8982e-10 0.898964 7.87468e-10 2.62742e-09 5.23297
895.241 5.92488e-10 6.98527e-10 0.715034 7.64225e-10 2.63441e-09 5.37462
896.166 5.95466e-10 6.68545e-10 0.502738 7.79323e-10 2.72191e-09 5.43156
897.091 5.40211e-10 6.78019e-10 0.986783 7.81964e-10 2.68167e-09 5.35218
898.016 5.68609e-10 7.1003e-10 0.964633 7.79794e-10 2.54924e-09 5.14431
898.941 5.83401e-10 7.24114e-10 0.938394 7.34681e-10 2.61891e-09 5.52022
899.865 5.93918e-10 7.00293e-10 0.715536 7.19859e-10 2.51664e-09 5.43574
900.79 5.67956e-10 6.89359e-10 0.841307 7.61057e-10 2.50845e-09 5.17988
901.715 5.52782e-10 6.6427e-10 0.797907 7.63845e-10 2.47464e-09 5.10507
902.64 5.79015e-10 7.11722e-10 0.896206 7.49058e-10 2.47949e-09 5.19847
903.565 5.5615e-10 7.05315e-10 1.03191 7.68406e-10 2.50649e-09 5.13475
904.49 5.76566e-10 6.88195e-10 0.768622 7.66555e-10 2.58861e-09 5.28523
905.414 5.85308e-10 6.46224e-10 0.429985 7.75284e-10 2.57387e-09 5.21126
906.339 5.72732e-10 6.52928e-10 0.569141 7.80641e-10 2.4346e-09 4.93977
907.264 5.3401e-10 7.05334e-10 1.20845 7.82817e-10 2.36665e-09 4.80474
908.189 5.36545e-10 6.81701e-10 1.03987 7.6223e-10 2.49155e-09 5.14384
909.114 5.59284e-10 6.32736e-10 0.535904 7.30421e-10 2.37513e-09 5.12114
910.039 5.75277e-10 6.44026e-10 0.490265 7.43994e-10 2.30345e-09 4.9081
910.964 6.01163e-10 6.98213e-10 0.649954 7.67993e-10 2.46443e-09 5.06359
911.888 5.66468e-10 7.39755e-10 1.15913 7.46648e-10 2.53349e-09 5.30603
912.813 5.5303e-10 7.23582e-10 1.16739 7.21459e-10 2.45275e-09 5.31442
913.738 5.56448e-10 6.89767e-10 0.932775 7.18038e-10 2.42997e-09 5.29453
914.663 5.59066e-10 6.64451e-10 0.750002 7.1979e-10 2.4411e-09 5.3038
915.588 6.10634e-10 6.47974e-10 0.257768 7.60623e-10 2.45457e-09 5.08806
916.513 6.07038e-10 6.27225e-10 0.142077 7.54507e-10 2.60249e-09 5.37726
917.437 5.82468e-10 6.14736e-10 0.234164 7.65833e-10 2.55823e-09 5.23806
918.362 5.37422e-10 6.30711e-10 0.695152 7.77599e-10 2.58059e-09 5.20963
919.287 5.33043e-10 6.32641e-10 0.743951 7.94849e-10 2.46381e-09 4.91323
920.212 5.42611e-10 6.08884e-10 0.500461 7.63438e-10 2.29516e-09 4.78039
921.137 5.59836e-10 6.40136e-10 0.582112 7.80987e-10 2.27616e-09 4.64559
922.062 5.47826e-10 6.39534e-10 0.672207 7.56252e-10 2.27194e-09 4.7773
922.986 5.58065e-10 6.40028e-10 0.595145 7.32764e-10 2.1955e-09 4.76569
923.911 5.50465e-10 6.36857e-10 0.633125 7.32584e-10 2.23539e-09 4.84496
924.836 5.44247e-10 6.37703e-10 0.688221 7.66583e-10 2.36356e-09 4.89008
925.761 5.42302e-10 6.45843e-10 0.758857 7.3143e-10 2.41393e-09 5.18552
926.686 5.31142e-10 6.52777e-10 0.895544 6.97553e-10 2.27836e-09 5.14045
927.611 5.55143e-10 6.19236e-10 0.474513 7.32606e-10 2.22871e-09 4.83183
928.535 5.75115e-10 6.61333e-10 0.606652 7.31104e-10 2.31167e-09 4.99947
929.46 5.39693e-10 6.6238e-10 0.889602 6.94017e-10 2.1931e-09 4.99688
930.385 5.50078e-10 6.00701e-10 0.382342 7.08392e-10 2.26103e-09 5.04033
931.31 5.27103e-10 5.76823e-10 0.391471 7.43033e-10 2.27868e-09 4.86675
932.235 5.53969e-10 5.97138e-10 0.32589 7.41338e-10 2.34743e-09 5.00576
933.16 5.57313e-10 6.06631e-10 0.368252 7.37709e-10 2.38924e-09 5.10375
934.084 5.66032e-10 6.19144e-10 0.38951 7.21717e-10 2.33832e-09 5.10537
935.009 5.70475e-10 6.37465e-10 0.482196 7.44822e-10 2.26058e-09 4.82167
935.934 5.57339e-10 6.27208e-10 0.512923 7.59077e-10 2.23009e-09 4.68037
936.859 5.66184e-10 6.41351e-10 0.541382 7.35941e-10 2.36661e-09 5.07283
937.784 5.59066e-10 6.46964e-10 0.634168 7.24761e-10 2.43003e-09 5.25417
938.709 5.4546e-10 6.56766e-10 0.806474 7.15888e-10 2.24241e-09 4.9587
939.633 5.72498e-10 6.55387e-10 0.587237 7.34675e-10 2.20863e-09 4.78028
940.558 5.64802e-10 6.73351e-10 0.763452 7.15882e-10 2.29145e-09 5.05269
941.483 5.32137e-10 6.54957e-10 0.901894 7.07943e-10 2.32518e-09 5.16458
942.408 5.59702e-10 6.8e-10 0.845523 7.06538e-10 2.38264e-09 5.27923
943.333 5.72023e-10 6.81892e-10 0.763023 7.29808e-10 2.46153e-09 5.27996
944.258 5.76207e-10 6.89395e-10 0.778893 7.27803e-10 2.43976e-09 5.25333
945.182 5.61112e-10 7.05394e-10 0.99382 7.33103e-10 2.37361e-09 5.10245
946.107 5.30289e-10 6.9754e-10 1.19056 7.17331e-10 2.50489e-09 5.43069
947.032 5.15639e-10 6.93791e-10 1.28883 7.49223e-10 2.61071e-09 5.42148
947.957 5.27437e-10 6.67694e-10 1.02407 7.58257e-10 2.44858e-09 5.09098
948.882 5.37933e-10 6.64807e-10 0.919676 7.46843e-10 2.26324e-09 4.81502
949.807 5.69741e-10 6.76924e-10 0.748622 7.4274e-10 2.35463e-09 5.01086
950.731 5.48401e-10 6.78413e-10 0.923956 7.00635e-10 2.36877e-09 5.29031
951.656 5.13826e-10 6.749e-10 1.18424 7.02699e-10 2.32937e-09 5.20469
952.581 5.15614e-10 7.30886e-10 1.51525 6.90979e-10 2.40523e-09 5.41692
953.506 5.33273e-10 7.47981e-10 1.46941 7.35418e-10 2.35536e-09 5.05523
954.431 5.25693e-10 7.31131e-10 1.43263 7.50268e-10 2.39932e-09 5.04872
955.356 5.42465e-10 7.18319e-10 1.21946 7.43468e-10 2.53802e-09 5.33233
956.28 5.45406e-10 7.07203e-10 1.12824 7.27071e-10 2.43265e-09 5.24503
957.205 5.40403e-10 7.26419e-10 1.2847 7.14679e-10 2.38011e-09 5.22486
958.13 5.49143e-10 7.33022e-10 1.25432 7.18269e-10 2.32844e-09 5.10778
959.055 5.57042e-10 7.7232e-10 1.41909 7.58113e-10 2.38213e-09 4.97231
959.98 5.56831e-10 7.55344e-10 1.32421 7.52375e-10 2.32265e-09 4.89549
960.905 5.55647e-10 7.13334e-10 1.08494 7.24001e-10 2.43181e-09 5.2619
961.829 5.10386e-10 7.06406e-10 1.41156 7.5252e-10 2.52357e-09 5.25497
962.754 5.029e-10 6.86792e-10 1.35344 7.74299e-10 2.54554e-09 5.16871
963.679 5.29391e-10 6.98263e-10 1.20243 7.55653e-10 2.38784e-09 4.99683
964.604 5.61019e-10 7.14583e-10 1.05075 7.53901e-10 2.40871e-09 5.0447
965.529 5.58798e-10 7.32871e-10 1.17773 7.21905e-10 2.32792e-09 5.08488
966.454 5.64711e-10 7.18189e-10 1.04413 7.22787e-10 2.35137e-09 5.12311
967.379 5.57046e-10 7.77107e-10 1.4459 7.40945e-10 2.31319e-09 4.94426
968.303 5.81866e-10 8.21069e-10 1.49557 7.59048e-10 2.33482e-09 4.87984
969.228 5.72829e-10 8.46111e-10 1.69403 8.21615e-10 2.47395e-09 4.78723
970.153 5.61918e-10 7.63313e-10 1.3303 7.95441e-10 2.3196e-09 4.64805
971.078 5.73018e-10 7.28823e-10 1.04454 7.65603e-10 2.29176e-09 4.76165
972.003 5.49465e-10 7.51607e-10 1.36051 7.46868e-10 2.46272e-09 5.18171
972.928 5.2079e-10 7.74241e-10 1.72214 7.70672e-10 2.42775e-09 4.98334
973.852 5.40347e-10 7.94575e-10 1.67462 7.83331e-10 2.4624e-09 4.97413
974.777 5.38744e-10 7.73333e-10 1.56984 7.47099e-10 2.48714e-09 5.22322
975.702 5.39632e-10 7.99501e-10 1.70721 7.32958e-10 2.37782e-09 5.111
976.627 5.45503e-10 7.51586e-10 1.39182 7.64045e-10 2.345e-09 4.87024
977.552 5.07108e-10 7.72177e-10 1.82617 7.42395e-10 2.3217e-09 4.95171
978.477 5.34916e-10 8.29789e-10 1.90682 7.2256e-10 2.43582e-09 5.27771
979.401 5.60102e-10 8.0332e-10 1.56621 6.99849e-10 2.29385e-09 5.15561
980.326 5.65358e-10 8.107e-10 1.56537 7.54204e-10 2.20348e-09 4.6562
981.251 5.28091e-10 8.0341e-10 1.82228 7.70916e-10 2.19788e-09 4.54997
982.176 4.99578e-10 7.8956e-10 1.98782 7.43064e-10 2.21322e-09 4.73998
983.101 5.49074e-10 7.3016e-10 1.23787 7.42973e-10 2.26758e-09 4.8459
984.026 5.4819e-10 7.45857e-10 1.33724 7.40703e-10 2.23219e-09 4.79087
984.95 5.27578e-10 8.17333e-10 1.90112 7.26421e-10 2.18897e-09 4.79052
985.875 5.52423e-10 7.73764e-10 1.46336 7.19046e-10 2.27268e-09 4.99781
986.8 5.61277e-10 7.62598e-10 1.33118 7.33556e-10 2.27701e-09 4.91932
987.725 5.39624e-10 7.68144e-10 1.53351 7.12442e-10 2.24804e-09 4.99055
988.65 5.07614e-10 7.54705e-10 1.72244 7.19115e-10 2.20439e-09 4.8649
989.575 5.13443e-10 7.0351e-10 1.36778 6.79031e-10 2.26977e-09 5.24092
990.499 5.55626e-10 7.35514e-10 1.21808 6.97862e-10 2.32424e-09 5.22512
991.424 5.65547e-10 7.81992e-10 1.40733 7.43603e-10 2.28738e-09 4.87997
992.349 5.25969e-10 7.96881e-10 1.80433 7.65697e-10 2.32881e-09 4.83077
993.274 5.73755e-10 7.88735e-10 1.38204 7.3887e-10 2.31698e-09 4.96354
994.199 5.75899e-10 7.55146e-10 1.17684 7.21384e-10 2.325e-09 5.08256
995.124 5.59932e-10 7.72903e-10 1.39989 7.67871e-10 2.22476e-09 4.61995
996.048 5.52566e-10 7.4117e-10 1.27534 7.89429e-10 2.17917e-09 4.40978
996.973 5.61437e-10 7.41663e-10 1.20906 7.75848e-10 2.23307e-09 4.59126
997.898 5.69048e-10 7.24417e-10 1.0484 7.66667e-10 2.21116e-09 4.60013
998.823 5.28931e-10 7.28978e-10 1.39316 7.38106e-10 2.20505e-09 4.753
999.748 5.24906e-10 7.21715e-10 1.38284 7.08681e-10 2.12645e-09 4.77204
1000.67 5.29402e-10 7.46921e-10 1.49489 7.54838e-10 2.07106e-09 4.38339
1001.6 5.43021e-10 7.33536e-10 1.30605 7.54909e-10 2.15381e-09 4.55313
1002.52 5.42052e-10 7.63848e-10 1.48966 7.50207e-10 2.21924e-09 4.71023
1003.45 5.58388e-10 7.56994e-10 1.32156 7.65425e-10 2.1694e-09 4.52437
1004.37 5.33373e-10 7.12777e-10 1.25922 7.20641e-10 2.06465e-09 4.57127
1005.3 5.45416e-10 7.07579e-10 1.13047 7.29621e-10 2.02539e-09 4.43411
1006.22 5.28432e-10 7.30073e-10 1.40377 7.27114e-10 2.20346e-09 4.81503
1007.15 5.50815e-10 7.65668e-10 1.43035 7.43689e-10 2.08665e-09 4.48058
1008.07 5.64867e-10 7.45636e-10 1.20581 7.56474e-10 2.13766e-09 4.51145
1009 5.74621e-10 7.41978e-10 1.1101 7.36243e-10 2.00259e-09 4.34571
1009.92 5.77504e-10 7.34575e-10 1.04481 7.31408e-10 1.92582e-09 4.20456
1010.85 5.68733e-10 7.11202e-10 0.970849 7.17816e-10 1.99206e-09 4.43289
1011.77 5.92201e-10 6.83425e-10 0.622217 7.65366e-10 2.14938e-09 4.48444
1012.7 5.69501e-10 7.18588e-10 1.00986 7.66726e-10 2.15116e-09 4.48032
1013.62 5.49091e-10 6.95574e-10 1.02699 7.44994e-10 2.11202e-09 4.52545
1014.55 5.26327e-10 7.02952e-10 1.2567 7.39165e-10 2.07499e-09 4.48274
1015.47 5.68036e-10 7.2108e-10 1.03608 7.4088e-10 2.08909e-09 4.5021
1016.39 5.55788e-10 7.55819e-10 1.33509 7.43167e-10 2.17441e-09 4.66255
1017.32 5.32766e-10 7.58334e-10 1.53324 7.21483e-10 2.10441e-09 4.64904
1018.24 5.3438e-10 7.52126e-10 1.48441 7.10532e-10 2.06183e-09 4.62669
1019.17 5.34545e-10 7.24576e-10 1.321 7.49746e-10 2.04727e-09 4.36261
1020.09 5.72329e-10 6.85403e-10 0.783005 7.54132e-10 2.00787e-09 4.25288
1021.02 5.68544e-10 6.83334e-10 0.798691 7.1755e-10 2.0687e-09 4.59845
1021.94 5.77485e-10 7.54056e-10 1.15863 7.26113e-10 2.21746e-09 4.84852
1022.87 5.49525e-10 7.48882e-10 1.34426 7.20022e-10 2.13714e-09 4.72487
1023.79 5.34251e-10 7.39454e-10 1.41166 7.41771e-10 1.98027e-09 4.26455
1024.72 5.35502e-10 6.92857e-10 1.11883 7.39109e-10 2.03476e-09 4.39805
1025.64 5.65613e-10 6.68165e-10 0.723646 7.28651e-10 2.00329e-09 4.39224
1026.57 5.72411e-10 6.78916e-10 0.741079 7.42899e-10 2.00195e-09 4.30523
1027.49 5.40179e-10 6.93871e-10 1.08741 7.09791e-10 1.96644e-09 4.4255
1028.42 5.38669e-10 6.93154e-10 1.09508 7.23237e-10 1.94199e-09 4.28966
1029.34 5.28957e-10 6.90189e-10 1.15548 7.39872e-10 1.94556e-09 4.19888
1030.27 5.29978e-10 7.31732e-10 1.40094 7.23454e-10 1.9213e-09 4.24184
1031.19 5.39136e-10 7.51114e-10 1.44007 7.30758e-10 1.91003e-09 4.17266
1032.12 5.25019e-10 7.07116e-10 1.29316 7.38516e-10 1.93669e-09 4.187
1033.04 5.43524e-10 7.00883e-10 1.10427 7.38596e-10 1.97018e-09 4.26099
1033.97 5.47758e-10 7.11815e-10 1.13778 7.42055e-10 2.00533e-09 4.3175
1034.89 5.56377e-10 6.94432e-10 0.962602 7.513e-10 1.9756e-09 4.19886
1035.82 5.47734e-10 7.06359e-10 1.10456 7.59432e-10 2.01017e-09 4.22744
1036.74 5.55316e-10 7.1696e-10 1.10955 7.62483e-10 2.13396e-09 4.46956
1037.67 5.26161e-10 7.10159e-10 1.30237 7.19795e-10 2.09971e-09 4.6495
1038.59 5.19913e-10 7.12803e-10 1.37039 7.08891e-10 1.99094e-09 4.48479
1039.52 5.11705e-10 7.07828e-10 1.40908 7.04632e-10 1.8939e-09 4.29395
1040.44 5.40013e-10 6.80762e-10 1.00591 6.95324e-10 1.81935e-09 4.17729
1041.37 5.52297e-10 6.58875e-10 0.766303 6.75127e-10 1.82114e-09 4.30958
1042.29 5.46883e-10 7.11979e-10 1.14573 6.80305e-10 1.97461e-09 4.62777
1043.22 5.62614e-10 7.01517e-10 0.958276 7.04212e-10 1.9126e-09 4.33921
1044.14 5.68246e-10 7.16427e-10 1.00636 7.18577e-10 1.84284e-09 4.09014
1045.06 5.62746e-10 7.10412e-10 1.01198 6.94221e-10 1.78967e-09 4.11275
1045.99 5.87339e-10 7.20948e-10 0.890151 7.25982e-10 1.83325e-09 4.02296
1046.91 5.64227e-10 7.36388e-10 1.15653 7.25133e-10 1.92063e-09 4.23026
1047.84 5.3597e-10 7.25359e-10 1.31412 7.04819e-10 1.86577e-09 4.22781
1048.76 5.33722e-10 7.31694e-10 1.37014 7.09221e-10 1.861e-09 4.18965
1049.69 5.43797e-10 7.06047e-10 1.13397 7.25807e-10 1.88327e-09 4.14091
1050.61 5.43872e-10 6.97857e-10 1.08269 7.52204e-10 1.87653e-09 3.9702
1051.54 5.61025e-10 6.88192e-10 0.887274 6.91601e-10 1.77697e-09 4.09824
1052.46 5.83116e-10 6.75613e-10 0.639427 7.53526e-10 1.86262e-09 3.93026
1053.39 5.55987e-10 6.43286e-10 0.633398 7.38536e-10 1.90511e-09 4.11548
1054.31 5.48841e-10 6.56527e-10 0.778061 7.06383e-10 1.86098e-09 4.20702
1055.24 5.45439e-10 6.69201e-10 0.888106 7.09504e-10 1.7535e-09 3.92951
1056.16 5.3775e-10 7.07379e-10 1.19072 7.43183e-10 1.83214e-09 3.91863
1057.09 5.46866e-10 6.89928e-10 1.00923 7.79709e-10 1.81193e-09 3.66209
1058.01 5.48583e-10 6.97046e-10 1.04019 7.19419e-10 1.66717e-09 3.64998
1058.94 5.51258e-10 6.73056e-10 0.866966 7.30686e-10 1.72381e-09 3.72758
1059.86 5.57314e-10 6.48199e-10 0.656084 7.53235e-10 1.76246e-09 3.69189
1060.79 5.40098e-10 6.36359e-10 0.712299 7.22044e-10 1.7556e-09 3.85862
1061.71 5.59634e-10 6.53021e-10 0.670229 7.6036e-10 1.76102e-09 3.64745
1062.64 5.64279e-10 6.2512e-10 0.444691 7.34578e-10 1.73344e-09 3.72871
1063.56 5.52365e-10 6.64273e-10 0.801207 7.42234e-10 1.72038e-09 3.65083
1064.49 5.45082e-10 6.69266e-10 0.89137 7.42476e-10 1.81737e-09 3.88761
1065.41 5.63314e-10 6.50651e-10 0.625975 7.54739e-10 1.82168e-09 3.82675
1066.34 5.64294e-10 6.37765e-10 0.531551 7.54082e-10 1.70669e-09 3.54736
1067.26 5.38799e-10 6.69556e-10 0.9436 7.51739e-10 1.69321e-09 3.52644
1068.19 5.31316e-10 6.90017e-10 1.13507 7.17511e-10 1.65141e-09 3.62026
1069.11 5.29403e-10 6.63332e-10 0.979446 7.0176e-10 1.70359e-09 3.85176
1070.04 5.16952e-10 6.42127e-10 0.941704 7.27701e-10 1.77617e-09 3.87532
1070.96 5.43015e-10 6.43373e-10 0.736508 7.09713e-10 1.74728e-09 3.9128
1071.88 5.82246e-10 7.07312e-10 0.845048 6.94396e-10 1.74038e-09 3.99037
1072.81 5.94656e-10 9.38415e-10 1.98129 7.14424e-10 1.83246e-09 4.09079
1073.73 6.06626e-10 1.23614e-09 3.09147 7.40344e-10 1.88218e-09 4.05227
1074.66 6.99921e-10 1.32351e-09 2.76678 7.98661e-10 1.86956e-09 3.69377
1075.58 9.86314e-10 1.4238e-09 1.59434 9.90773e-10 1.88327e-09 2.78938
1076.51 1.35715e-09 1.25063e-09 -0.354982 1.18851e-09 1.90304e-09 2.04444
1077.43 1.34673e-09 8.60771e-10 -1.94394 1.1626e-09 1.8046e-09 1.90949
1078.36 8.65768e-10 6.1379e-10 -1.49382 9.46254e-10 1.64369e-09 2.39812
1079.28 5.85606e-10 5.71897e-10 -0.102874 7.90042e-10 1.61353e-09 3.10127
1080.21 5.39953e-10 6.23154e-10 0.622398 7.31449e-10 1.5845e-09 3.35708
1081.13 5.40415e-10 6.33939e-10 0.693198 7.39059e-10 1.48261e-09 3.02348
1082.06 5.29779e-10 6.30631e-10 0.756803 7.70628e-10 1.53187e-09 2.98377
1082.98 5.33568e-10 6.20452e-10 0.655186 7.42322e-10 1.59888e-09 3.33223
1083.91 5.33244e-10 6.05254e-10 0.550116 7.14492e-10 1.62851e-09 3.57793
1084.83 5.50345e-10 5.92873e-10 0.323268 6.84604e-10 1.54865e-09 3.54514
1085.76 5.88972e-10 5.75596e-10 -0.0997657 7.20465e-10 1.48304e-09 3.1354
1086.68 5.71295e-10 5.70115e-10 -0.00898203 7.48541e-10 1.45761e-09 2.89426
1087.61 5.50047e-10 6.25326e-10 0.557067 7.66836e-10 1.51811e-09 2.96601
1088.53 5.74609e-10 6.44381e-10 0.497704 7.44149e-10 1.57219e-09 3.24845
1089.46 5.65318e-10 6.14757e-10 0.364103 7.48929e-10 1.54276e-09 3.13858
1090.38 5.30015e-10 5.84337e-10 0.423755 7.68604e-10 1.5135e-09 2.9428
1091.31 5.29397e-10 5.86891e-10 0.447757 7.40404e-10 1.50123e-09 3.06978
1092.23 5.40754e-10 5.50256e-10 0.0756482 7.3101e-10 1.5055e-09 3.13757
1093.16 5.30209e-10 5.9836e-10 0.525152 7.6081e-10 1.49308e-09 2.92807
1094.08 5.37135e-10 5.89267e-10 0.402284 7.4536e-10 1.543e-09 3.16
1095.01 5.32265e-10 5.63163e-10 0.245062 7.50812e-10 1.53036e-09 3.09263
1095.93 5.15956e-10 5.6108e-10 0.364123 7.42216e-10 1.54469e-09 3.18311
1096.86 5.42925e-10 5.74989e-10 0.249194 7.00072e-10 1.5549e-09 3.4656
1097.78 5.5208e-10 5.70237e-10 0.140531 7.18963e-10 1.60013e-09 3.47449
1098.71 5.42548e-10 5.3546e-10 -0.0571124 7.06141e-10 1.45416e-09 3.13721
1099.63 5.52171e-10 5.24539e-10 -0.222961 7.19475e-10 1.40116e-09 2.89472
1100.55 5.09859e-10 5.3249e-10 0.188617 7.02982e-10 1.38039e-09 2.93058
1101.48 5.27387e-10 5.53156e-10 0.207184 7.53139e-10 1.39843e-09 2.68765
1102.4 5.48717e-10 5.4935e-10 0.00500535 7.75971e-10 1.36842e-09 2.46374
1103.33 5.57206e-10 5.44843e-10 -0.0974409 7.15577e-10 1.38977e-09 2.88287
1104.25 5.53283e-10 5.52354e-10 -0.00730042 7.05277e-10 1.43393e-09 3.08168
1105.18 5.59488e-10 5.17541e-10 -0.338461 7.18808e-10 1.42004e-09 2.95688
1106.1 5.41118e-10 4.82095e-10 -0.50159 6.85078e-10 1.37189e-09 3.01579
1107.03 5.3465e-10 4.89924e-10 -0.379411 6.51988e-10 1.31531e-09 3.04789
1107.95 5.36379e-10 4.89097e-10 -0.40077 6.80791e-10 1.32207e-09 2.88241
1108.88 5.64448e-10 4.92672e-10 -0.590664 7.13126e-10 1.37884e-09 2.86348
1109.8 5.84616e-10 5.27382e-10 -0.447453 6.98919e-10 1.39633e-09 3.00561
1110.73 5.67708e-10 5.15346e-10 -0.420262 7.02104e-10 1.27169e-09 2.5798
1111.65 5.63834e-10 4.89847e-10 -0.610907 7.01712e-10 1.25464e-09 2.5236
1112.58 5.45177e-10 4.75757e-10 -0.591523 6.92148e-10 1.32166e-09 2.80921
1113.5 5.39512e-10 4.55609e-10 -0.734091 7.22082e-10 1.34458e-09 2.7
1114.43 5.35379e-10 4.71773e-10 -0.549286 7.1411e-10 1.3047e-09 2.61746
1115.35 5.39615e-10 4.84457e-10 -0.468286 7.3374e-10 1.25486e-09 2.33053
1116.28 5.37373e-10 4.76248e-10 -0.524426 7.25769e-10 1.32515e-09 2.61467
1117.2 5.41333e-10 4.74818e-10 -0.569372 6.96968e-10 1.30962e-09 2.73933
1118.13 5.28393e-10 4.54032e-10 -0.658708 7.03341e-10 1.32329e-09 2.74489
1119.05 5.33771e-10 4.63856e-10 -0.609717 6.92112e-10 1.253e-09 2.57775
1119.98 5.3604e-10 4.64883e-10 -0.618539 7.03893e-10 1.19706e-09 2.30609
1120.9 5.58354e-10 4.5234e-10 -0.914445 7.22311e-10 1.25182e-09 2.38818
1121.83 5.71744e-10 4.07606e-10 -1.46961 7.71758e-10 1.25437e-09 2.10945
1122.75 5.68861e-10 4.10341e-10 -1.41861 7.55589e-10 1.23849e-09 2.14607
1123.68 5.30838e-10 4.3617e-10 -0.853058 6.95296e-10 1.1168e-09 2.05806
1124.6 5.14162e-10 4.22725e-10 -0.850418 6.86137e-10 1.16396e-09 2.29528
1125.53 5.21181e-10 4.26763e-10 -0.86802 7.02859e-10 1.19672e-09 2.31124
1126.45 5.47756e-10 4.51014e-10 -0.843974 7.33594e-10 1.08708e-09 1.70806
1127.38 5.82174e-10 4.37139e-10 -1.24433 7.2304e-10 1.1251e-09 1.92029
1128.3 5.49892e-10 4.25357e-10 -1.11524 7.33998e-10 1.1422e-09 1.92047
1129.22 5.60264e-10 4.42441e-10 -1.02537 7.40118e-10 1.11973e-09 1.79812
1130.15 5.76433e-10 4.2314e-10 -1.34265 7.62385e-10 1.05333e-09 1.4039
1131.07 5.70075e-10 3.96093e-10 -1.58134 7.48714e-10 1.02822e-09 1.3777
1132 5.60266e-10 3.85888e-10 -1.61933 7.14505e-10 1.08954e-09 1.83238
1132.92 5.56379e-10 3.86328e-10 -1.58415 7.14955e-10 1.08363e-09 1.80602
1133.85 5.57228e-10 3.80959e-10 -1.65155 7.03359e-10 1.05743e-09 1.77075
1134.77 5.35969e-10 3.72666e-10 -1.5782 6.86832e-10 9.6588e-10 1.48073
1135.7 5.23877e-10 3.61232e-10 -1.61443 6.80249e-10 1.03212e-09 1.81062
1136.62 5.33567e-10 3.68755e-10 -1.60451 7.19887e-10 1.01914e-09 1.5097
1137.55 5.55074e-10 3.75495e-10 -1.69746 7.12672e-10 9.47991e-10 1.23914
1138.47 5.38349e-10 3.63802e-10 -1.70199 7.23527e-10 9.19365e-10 1.04033
1139.4 5.50504e-10 3.58803e-10 -1.85904 7.12208e-10 9.29018e-10 1.15418
1140.32 5.41228e-10 3.56006e-10 -1.81923 7.19574e-10 9.70971e-10 1.30131
1141.25 5.68798e-10 3.44106e-10 -2.18265 7.2179e-10 9.44372e-10 1.16732
1142.17 5.82003e-10 3.27411e-10 -2.49832 6.95207e-10 9.28353e-10 1.25599
1143.1 5.59661e-10 3.09498e-10 -2.57267 7.23744e-10 9.14947e-10 1.01811
1144.02 5.33585e-10 3.12507e-10 -2.32344 7.10151e-10 9.44837e-10 1.24006
1144.95 5.35661e-10 3.06096e-10 -2.43033 7.20877e-10 9.38024e-10 1.14353
1145.87 5.46398e-10 3.30034e-10 -2.18951 7.32517e-10 8.80121e-10 0.797248
1146.8 5.56395e-10 3.38203e-10 -2.16206 7.47835e-10 8.48706e-10 0.549517
1147.72 5.72343e-10 3.17534e-10 -2.55866 7.53448e-10 8.4625e-10 0.504453
1148.65 5.35513e-10 3.00936e-10 -2.50296 7.14531e-10 8.29054e-10 0.645616
1149.57 5.64341e-10 2.90021e-10 -2.89112 7.16e-10 8.11839e-10 0.545567
1150.5 5.75031e-10 2.91072e-10 -2.95691 7.37857e-10 8.26623e-10 0.493353
1151.42 5.41427e-10 2.92358e-10 -2.67625 7.57931e-10 8.16799e-10 0.324854
1152.35 5.48369e-10 3.02648e-10 -2.58135 7.33419e-10 7.74085e-10 0.234367
1153.27 5.68151e-10 2.94055e-10 -2.86035 7.20838e-10 8.02108e-10 0.463951
1154.2 5.54569e-10 2.75633e-10 -3.03624 7.19647e-10 7.88515e-10 0.396905
1155.12 5.58682e-10 2.67412e-10 -3.19984 7.27866e-10 7.79664e-10 0.298559
1156.05 5.5988e-10 2.56303e-10 -3.39341 7.47296e-10 7.83769e-10 0.206953
1156.97 5.67162e-10 2.55157e-10 -3.46899 7.2646e-10 7.91787e-10 0.373969
1157.89 5.67708e-10 2.52569e-10 -3.51745 7.23535e-10 8.16262e-10 0.523698
1158.82 5.55043e-10 2.30064e-10 -3.82478 6.89221e-10 8.29698e-10 0.805612
1159.74 5.24382e-10 2.49698e-10 -3.22233 6.90661e-10 7.59278e-10 0.411358
1160.67 5.49875e-10 2.52191e-10 -3.38535 6.77717e-10 7.11845e-10 0.213371
1161.59 5.76697e-10 2.57493e-10 -3.50183 6.72901e-10 7.65475e-10 0.559795
1162.52 5.48463e-10 2.48239e-10 -3.44277 6.83268e-10 7.88942e-10 0.624539
1163.44 5.57393e-10 2.3601e-10 -3.73231 7.15967e-10 7.79195e-10 0.367533
1164.37 5.6932e-10 2.49621e-10 -3.58076 7.24583e-10 7.59719e-10 0.20565
1165.29 5.53202e-10 2.3302e-10 -3.75491 7.00102e-10 7.2926e-10 0.177213
1166.22 5.51663e-10 2.06265e-10 -4.27248 7.2425e-10 7.54345e-10 0.176816
1167.14 5.40639e-10 2.18626e-10 -3.93206 7.1277e-10 7.41944e-10 0.174217
1168.07 5.75224e-10 2.31011e-10 -3.96204 7.35056e-10 7.13591e-10 -0.128708
1168.99 5.67753e-10 2.30125e-10 -3.92195 7.64507e-10 7.2412e-10 -0.235712
1169.92 5.83039e-10 2.27766e-10 -4.08209 7.61188e-10 7.16053e-10 -0.265465
1170.84 5.97618e-10 2.12948e-10 -4.4815 7.71599e-10 7.15974e-10 -0.324943
1171.77 5.59084e-10 2.15052e-10 -4.14933 7.62437e-10 7.08149e-10 -0.320796
1172.69 5.23086e-10 2.22334e-10 -3.71567 7.33582e-10 7.18888e-10 -0.0878726
1173.62 5.54705e-10 2.13622e-10 -4.14416 7.76169e-10 6.8563e-10 -0.538664
1174.54 5.80301e-10 2.05751e-10 -4.50311 7.88271e-10 6.5088e-10 -0.831745
1175.47 5.61476e-10 2.00942e-10 -4.46261 7.4647e-10 6.68045e-10 -0.482068
1176.39 5.80057e-10 2.02696e-10 -4.56625 7.43704e-10 6.39393e-10 -0.65632
1177.32 5.8719e-10 2.08303e-10 -4.50083 7.58296e-10 6.33172e-10 -0.783171
1178.24 5.42612e-10 2.14462e-10 -4.03139 7.24922e-10 6.83524e-10 -0.255377
1179.17 5.4071e-10 2.02375e-10 -4.26808 7.28992e-10 6.6552e-10 -0.395615
1180.09 5.47082e-10 1.91772e-10 -4.55267 7.44202e-10 6.73104e-10 -0.436086
1181.02 5.4771e-10 2.05238e-10 -4.26293 7.21997e-10 6.83728e-10 -0.236519
1181.94 5.49728e-10 2.1019e-10 -4.17536 7.07347e-10 7.05288e-10 -0.0126575
1182.87 5.56548e-10 2.21537e-10 -4.00056 6.86569e-10 7.19857e-10 0.205622
1183.79 6.13613e-10 2.18377e-10 -4.48688 7.39503e-10 7.28636e-10 -0.0642954
1184.71 6.21715e-10 2.19452e-10 -4.52252 7.70185e-10 7.12431e-10 -0.338524
1185.64 6.08696e-10 1.99765e-10 -4.83881 7.38295e-10 7.27951e-10 -0.0612765
1186.56 5.56796e-10 1.91579e-10 -4.63348 7.45019e-10 6.98886e-10 -0.27761
1187.49 5.52009e-10 1.912e-10 -4.60458 7.7232e-10 6.5126e-10 -0.740426
1188.41 5.58577e-10 1.90983e-10 -4.66088 7.53368e-10 6.35516e-10 -0.738804
1189.34 5.59147e-10 1.93231e-10 -4.61449 7.19508e-10 6.28054e-10 -0.590384
1190.26 5.63944e-10 1.95841e-10 -4.59332 7.40787e-10 6.29867e-10 -0.704446
1191.19 5.56957e-10 2.09663e-10 -4.243 7.3677e-10 6.74276e-10 -0.384943
1192.11 5.19113e-10 2.21761e-10 -3.69377 7.22471e-10 6.75449e-10 -0.292281
1193.04 5.11271e-10 2.11579e-10 -3.83178 7.15189e-10 6.64872e-10 -0.316829
1193.96 5.38265e-10 2.15332e-10 -3.97888 7.48107e-10 6.76259e-10 -0.438506
1194.89 5.42967e-10 2.16593e-10 -3.99129 7.76559e-10 6.81619e-10 -0.566328
1195.81 5.48115e-10 2.11765e-10 -4.13018 7.40176e-10 6.72251e-10 -0.418033
1196.74 5.26255e-10 2.21239e-10 -3.76335 7.20948e-10 6.40429e-10 -0.51433
1197.66 5.29549e-10 2.30293e-10 -3.61626 7.82826e-10 6.84694e-10 -0.581685
1198.59 5.35132e-10 2.35062e-10 -3.57278 7.70423e-10 6.90846e-10 -0.47348
1199.51 5.22981e-10 2.3286e-10 -3.51391 7.68313e-10 6.66923e-10 -0.614624
1200.44 5.52168e-10 2.27505e-10 -3.8508 7.51043e-10 6.7246e-10 -0.479984
1201.36 5.72415e-10 2.40791e-10 -3.76071 7.38534e-10 6.70286e-10 -0.421102
1202.29 5.32508e-10 2.48282e-10 -3.31381 7.41735e-10 6.50111e-10 -0.572612
1203.21 5.28203e-10 2.53462e-10 -3.18888 7.516e-10 6.76972e-10 -0.454162
1204.14 5.54176e-10 2.71975e-10 -3.09118 7.34405e-10 7.0154e-10 -0.198835
1205.06 5.25629e-10 2.84299e-10 -2.66904 7.32924e-10 6.95349e-10 -0.228558
1205.99 5.4891e-10 2.74632e-10 -3.0075 7.46202e-10 6.67372e-10 -0.484887
1206.91 5.43698e-10 2.77744e-10 -2.91713 7.42127e-10 6.58585e-10 -0.518665
1207.84 5.2426e-10 2.75848e-10 -2.78877 6.91696e-10 6.25342e-10 -0.437977
1208.76 5.58124e-10 2.75993e-10 -3.05833 7.37732e-10 6.36046e-10 -0.6441
1209.69 5.70795e-10 2.72864e-10 -3.20534 7.28985e-10 6.55137e-10 -0.463867
1210.61 5.55237e-10 2.89567e-10 -2.82729 7.23914e-10 6.57809e-10 -0.415873
1211.54 5.42994e-10 2.9634e-10 -2.63005 7.34174e-10 6.30593e-10 -0.660501
1212.46 5.56483e-10 2.8952e-10 -2.83773 7.43249e-10 6.06912e-10 -0.880084
1213.38 5.56966e-10 3.03121e-10 -2.64212 7.7795e-10 6.12831e-10 -1.03611
1214.31 5.48396e-10 2.86777e-10 -2.8155 7.58941e-10 6.0151e-10 -1.00965
1215.23 5.32175e-10 2.92148e-10 -2.60451 7.0675e-10 6.30169e-10 -0.498087
1216.16 5.37513e-10 3.13072e-10 -2.34745 7.39032e-10 6.58428e-10 -0.501552
1217.08 5.34038e-10 3.3265e-10 -2.05584 7.82062e-10 6.67195e-10 -0.689882
1218.01 5.29788e-10 3.35974e-10 -1.97796 7.26122e-10 6.30315e-10 -0.614518
1218.93 5.41027e-10 3.22026e-10 -2.25328 7.01564e-10 6.22479e-10 -0.519428
1219.86 5.65159e-10 3.30693e-10 -2.32746 7.12742e-10 5.89986e-10 -0.820906
1220.78 5.39679e-10 3.29707e-10 -2.14007 7.26759e-10 5.66096e-10 -1.085
1221.71 5.29174e-10 3.36265e-10 -1.96917 7.18399e-10 5.86875e-10 -0.878203
1222.63 5.59331e-10 3.37564e-10 -2.19313 7.63833e-10 6.35736e-10 -0.797217
1223.56 5.52674e-10 3.30771e-10 -2.22942 7.56756e-10 6.24815e-10 -0.832043
1224.48 5.557e-10 3.30793e-10 -2.25284 7.38021e-10 6.0299e-10 -0.877586
1225.41 5.41633e-10 3.34551e-10 -2.09243 7.15969e-10 5.97278e-10 -0.787179
1226.33 5.46861e-10 3.53491e-10 -1.89499 7.22005e-10 6.1171e-10 -0.719946
1227.26 5.42168e-10 3.61617e-10 -1.75885 7.42218e-10 6.21538e-10 -0.77064
1228.18 5.2731e-10 3.62467e-10 -1.62797 7.55435e-10 5.86765e-10 -1.09733
1229.11 5.17597e-10 3.35185e-10 -1.88707 7.28085e-10 5.96684e-10 -0.864377
1230.03 5.39104e-10 3.2465e-10 -2.20257 7.44308e-10 6.48609e-10 -0.597698
1230.96 5.40992e-10 3.44191e-10 -1.96391 7.20496e-10 6.44037e-10 -0.48721
1231.88 5.29787e-10 3.49328e-10 -1.80868 7.32064e-10 6.14134e-10 -0.762862
1232.81 5.31709e-10 3.51674e-10 -1.79534 7.53471e-10 6.41551e-10 -0.698353
1233.73 5.3782e-10 3.65909e-10 -1.67264 7.63375e-10 6.65992e-10 -0.592691
1234.66 5.31336e-10 3.57787e-10 -1.71745 7.62117e-10 6.4858e-10 -0.70058
1235.58 5.26862e-10 3.30989e-10 -2.01883 7.40612e-10 6.61668e-10 -0.489506
1236.51 5.24916e-10 3.6369e-10 -1.59359 7.13703e-10 6.49668e-10 -0.408261
1237.43 5.12816e-10 3.51242e-10 -1.64355 6.87277e-10 6.71811e-10 -0.0988451
1238.36 5.37727e-10 3.30176e-10 -2.11816 7.15865e-10 6.71954e-10 -0.274914
1239.28 5.71102e-10 3.44957e-10 -2.18949 7.51278e-10 6.89191e-10 -0.374609
1240.21 5.60456e-10 3.72344e-10 -1.77597 7.49226e-10 6.94329e-10 -0.330474
1241.13 5.24688e-10 3.71249e-10 -1.50236 7.3513e-10 7.03872e-10 -0.188704
1242.05 5.11114e-10 3.73639e-10 -1.36065 7.53009e-10 7.24574e-10 -0.167174
1242.98 5.377e-10 3.65581e-10 -1.67556 7.32495e-10 7.18211e-10 -0.0855246
1243.9 5.29852e-10 3.52543e-10 -1.76942 7.31978e-10 7.16886e-10 -0.090478
1244.83 5.42234e-10 3.54021e-10 -1.85158 7.2071e-10 7.19303e-10 -0.00848768
1245.75 5.32346e-10 3.56825e-10 -1.73739 7.21159e-10 7.3474e-10 0.0810295
1246.68 5.6498e-10 3.66407e-10 -1.8807 7.33717e-10 7.14785e-10 -0.113529
1247.6 5.5523e-10 3.70492e-10 -1.75694 7.46395e-10 7.63437e-10 0.0980439
1248.53 5.70592e-10 3.68333e-10 -1.90085 7.43194e-10 7.60419e-10 0.0995093
1249.45 5.70953e-10 3.66615e-10 -1.9239 7.21121e-10 7.18663e-10 -0.0148278
1250.38 5.27411e-10 3.61226e-10 -1.6437 7.37566e-10 7.33853e-10 -0.0219168
1251.3 5.38542e-10 3.57555e-10 -1.77877 8.10768e-10 7.41462e-10 -0.388076
1252.23 5.51242e-10 3.64763e-10 -1.79331 7.79762e-10 7.7983e-10 0.000376319
1253.15 5.17676e-10 3.72903e-10 -1.42462 7.23326e-10 8.00638e-10 0.44102
1254.08 5.09389e-10 3.51643e-10 -1.60948 7.22064e-10 7.93306e-10 0.408653
1255 5.1608e-10 3.60715e-10 -1.55552 7.56932e-10 7.92608e-10 0.200018
1255.93 5.17498e-10 3.70249e-10 -1.45415 7.39765e-10 8.21678e-10 0.456077
1256.85 5.36809e-10 3.58309e-10 -1.75562 7.26783e-10 8.50511e-10 0.682752
1257.78 5.32294e-10 3.60576e-10 -1.69154 7.47073e-10 8.41007e-10 0.514364
1258.7 5.25844e-10 3.66569e-10 -1.56701 7.4016e-10 8.09609e-10 0.389499
1259.63 5.15851e-10 3.71154e-10 -1.42971 7.45162e-10 8.36466e-10 0.501976
1260.55 5.37284e-10 3.74322e-10 -1.56959 7.67825e-10 8.66281e-10 0.523966
1261.48 5.43621e-10 3.57457e-10 -1.82072 7.41755e-10 8.4008e-10 0.540603
1262.4 5.6199e-10 3.69145e-10 -1.82532 7.05522e-10 8.37571e-10 0.745111
1263.33 5.75487e-10 3.89251e-10 -1.69806 7.24472e-10 8.49202e-10 0.689895
1264.25 5.58826e-10 3.74794e-10 -1.73484 7.34678e-10 8.69343e-10 0.73094
1265.18 5.02354e-10 4.0057e-10 -0.983317 6.9339e-10 8.74027e-10 1.00547
1266.1 5.01056e-10 3.86439e-10 -1.12805 6.61888e-10 9.18318e-10 1.42209
1267.03 5.20287e-10 3.66919e-10 -1.51673 6.89716e-10 8.79763e-10 1.05696
1267.95 5.27755e-10 3.85297e-10 -1.36637 7.24695e-10 9.10492e-10 0.991207
1268.88 5.21017e-10 3.82122e-10 -1.3465 7.29014e-10 8.51785e-10 0.675938
1269.8 5.32051e-10 3.64037e-10 -1.64808 7.4442e-10 8.81361e-10 0.733356
1270.72 5.74534e-10 3.70015e-10 -1.91096 7.50778e-10 9.44496e-10 0.996886
1271.65 5.58233e-10 3.77716e-10 -1.6965 7.44084e-10 9.44349e-10 1.03511
1272.57 5.24641e-10 3.88927e-10 -1.29994 7.08196e-10 1.00935e-09 1.53888
1273.5 5.30864e-10 3.65444e-10 -1.62162 7.11789e-10 9.87967e-10 1.42391
1274.42 5.29124e-10 3.74592e-10 -1.49999 7.4572e-10 1.00042e-09 1.27606
1275.35 5.41166e-10 4.02621e-10 -1.28434 7.51482e-10 1.0428e-09 1.42282
1276.27 5.50742e-10 4.02936e-10 -1.35712 6.91969e-10 9.85749e-10 1.5368
1277.2 5.53834e-10 3.75847e-10 -1.68368 6.8637e-10 9.90792e-10 1.59424
1278.12 5.49254e-10 3.88209e-10 -1.50707 6.85745e-10 9.67817e-10 1.49631
1279.05 5.31981e-10 3.83741e-10 -1.41858 6.99824e-10 9.76729e-10 1.44785
1279.97 5.32898e-10 3.7122e-10 -1.57013 7.18905e-10 1.04672e-09 1.63159
1280.9 5.31093e-10 3.75694e-10 -1.50336 7.00703e-10 1.05898e-09 1.79354
1281.82 5.45387e-10 3.55316e-10 -1.8609 6.99748e-10 1.03202e-09 1.68747
1282.75 5.69334e-10 3.73211e-10 -1.83413 7.51585e-10 9.83642e-10 1.16859
1283.67 5.54732e-10 4.10904e-10 -1.30343 7.36755e-10 1.02907e-09 1.45122
1284.6 5.61785e-10 4.16539e-10 -1.29914 7.48821e-10 1.09259e-09 1.64079
1285.52 5.55459e-10 4.14235e-10 -1.27405 7.01052e-10 1.07471e-09 1.85541
1286.45 5.31613e-10 4.19379e-10 -1.02989 6.77092e-10 1.06589e-09 1.97065
1287.37 5.38225e-10 4.48823e-10 -0.788888 6.96113e-10 1.06516e-09 1.84735
1288.3 5.63933e-10 4.49254e-10 -0.987355 7.21766e-10 1.11932e-09 1.90558
1289.22 5.65612e-10 4.50286e-10 -0.990299 7.08102e-10 1.13738e-09 2.0581
1290.15 5.90887e-10 4.96863e-10 -0.752679 7.36566e-10 1.18718e-09 2.07305
1291.07 7.03204e-10 5.23776e-10 -1.27936 8.20787e-10 1.22726e-09 1.74706
1292 8.09396e-10 4.73233e-10 -2.33086 8.51312e-10 1.1116e-09 1.1586
1292.92 7.59078e-10 4.04705e-10 -2.73148 7.94087e-10 1.10163e-09 1.42168
1293.85 6.48105e-10 3.66658e-10 -2.47384 7.70313e-10 1.14515e-09 1.72195
1294.77 5.66524e-10 3.6847e-10 -1.86816 6.89544e-10 1.12822e-09 2.13832
1295.7 5.2509e-10 3.72184e-10 -1.49476 6.9242e-10 1.15035e-09 2.20461
1296.62 5.08352e-10 3.62576e-10 -1.46765 7.09225e-10 1.14093e-09 2.06475
1297.54 5.53003e-10 3.55007e-10 -1.92491 7.28921e-10 1.11491e-09 1.8456
1298.47 5.60109e-10 3.47199e-10 -2.07694 7.02196e-10 1.07578e-09 1.85265
1299.39 5.62273e-10 3.51732e-10 -2.03735 6.71484e-10 1.04966e-09 1.94013
1300.32 5.49372e-10 3.57485e-10 -1.86609 6.5983e-10 1.12784e-09 2.32816
1301.24 5.48855e-10 3.37683e-10 -2.10949 6.94688e-10 1.1686e-09 2.25876
1302.17 5.41662e-10 3.24232e-10 -2.22872 7.36724e-10 1.11216e-09 1.78862
1303.09 5.45693e-10 3.27499e-10 -2.21739 6.91989e-10 1.01506e-09 1.66392
1304.02 5.50662e-10 3.22494e-10 -2.32363 6.68306e-10 1.01488e-09 1.81439
1304.94 5.24988e-10 3.20277e-10 -2.14623 6.78763e-10 1.0486e-09 1.88892
1305.87 5.33554e-10 3.16503e-10 -2.268 6.98419e-10 1.06773e-09 1.84346
1306.79 5.3276e-10 3.15422e-10 -2.2764 7.28763e-10 1.08121e-09 1.71324
1307.72 5.42658e-10 3.13056e-10 -2.38904 7.53176e-10 1.10105e-09 1.64911
1308.64 5.49161e-10 3.14563e-10 -2.41992 7.35883e-10 1.04853e-09 1.53772
1309.57 5.68071e-10 3.17261e-10 -2.52986 7.4059e-10 1.03116e-09 1.43748
1310.49 5.93877e-10 2.99827e-10 -2.96825 7.04755e-10 1.01868e-09 1.6
1311.42 5.52245e-10 3.02009e-10 -2.62112 6.93976e-10 1.0503e-09 1.79969
1312.34 5.52903e-10 3.15279e-10 -2.43954 7.16372e-10 1.05466e-09 1.67974
1313.27 5.71813e-10 3.1383e-10 -2.60559 7.36642e-10 1.00909e-09 1.36673
1314.19 5.94045e-10 2.96362e-10 -3.01997 7.21723e-10 1.02634e-09 1.52921
1315.12 5.91299e-10 3.02348e-10 -2.913 7.32054e-10 1.0226e-09 1.45163
1316.04 5.77086e-10 3.17658e-10 -2.59281 7.46191e-10 1.01501e-09 1.3362
1316.97 5.58167e-10 3.19672e-10 -2.42059 7.13035e-10 1.02338e-09 1.56926
1317.89 5.67957e-10 3.10686e-10 -2.61994 7.06692e-10 1.01623e-09 1.57762
1318.82 5.94788e-10 2.99597e-10 -2.97824 7.05957e-10 9.56333e-10 1.31831
1319.74 5.97893e-10 2.91995e-10 -3.11248 7.11589e-10 9.93939e-10 1.45131
1320.67 5.79746e-10 2.94332e-10 -2.944 7.01585e-10 1.00734e-09 1.57096
1321.59 5.91062e-10 3.0799e-10 -2.83096 7.31569e-10 1.02818e-09 1.47814
1322.52 5.93663e-10 3.09776e-10 -2.82492 7.35585e-10 1.01388e-09 1.39353
1323.44 5.84256e-10 3.17671e-10 -2.64626 7.44335e-10 9.80474e-10 1.19668
1324.37 6.02658e-10 3.10901e-10 -2.87449 7.45655e-10 1.02655e-09 1.38842
1325.29 5.95773e-10 3.16455e-10 -2.74769 7.3614e-10 1.03547e-09 1.48177
1326.21 5.95511e-10 3.13475e-10 -2.78687 7.23848e-10 1.04294e-09 1.58612
1327.14 6.03807e-10 3.17333e-10 -2.79383 6.93015e-10 1.04888e-09 1.79983
1328.06 6.08025e-10 3.24829e-10 -2.72267 7.27343e-10 1.00741e-09 1.41467
1328.99 5.82124e-10 3.4628e-10 -2.25588 7.61534e-10 1.05183e-09 1.40257
1329.91 5.82921e-10 3.49937e-10 -2.2162 7.15505e-10 1.01321e-09 1.51087
1330.84 5.82972e-10 3.71984e-10 -1.95123 6.96949e-10 1.02212e-09 1.66301
1331.76 5.82291e-10 3.90764e-10 -1.73226 6.88439e-10 1.06459e-09 1.89317
1332.69 5.80146e-10 3.70525e-10 -1.9472 6.97177e-10 1.05046e-09 1.78036
1333.61 5.72787e-10 3.63162e-10 -1.97893 7.10351e-10 1.07487e-09 1.79883
1334.54 5.91426e-10 3.78563e-10 -1.93762 7.20304e-10 1.02784e-09 1.54409
1335.46 5.90391e-10 3.90288e-10 -1.79755 7.45624e-10 1.05107e-09 1.49112
1336.39 5.55095e-10 3.94746e-10 -1.4805 7.09286e-10 1.09059e-09 1.8684
1337.31 5.66958e-10 4.39497e-10 -1.10595 6.8869e-10 1.11672e-09 2.09921
1338.24 5.83968e-10 4.58953e-10 -1.0462 6.87352e-10 1.15926e-09 2.27002
1339.16 5.52636e-10 4.41521e-10 -0.974878 7.0285e-10 1.20701e-09 2.34848
1340.09 5.65059e-10 4.41066e-10 -1.0759 7.49607e-10 1.14631e-09 1.84468
1341.01 6.03602e-10 4.8682e-10 -0.933819 7.47001e-10 1.16084e-09 1.91451
1341.94 5.93653e-10 4.90902e-10 -0.82538 7.39483e-10 1.15804e-09 1.94795
1342.86 5.79063e-10 5.05112e-10 -0.593381 7.43519e-10 1.09074e-09 1.66429
1343.79 5.75034e-10 5.604e-10 -0.111956 7.52188e-10 1.17184e-09 1.92542
1344.71 5.92912e-10 5.53337e-10 -0.300005 7.92944e-10 1.17293e-09 1.7003
1345.64 6.24447e-10 5.29003e-10 -0.720377 8.25629e-10 1.13628e-09 1.387
1346.56 6.33199e-10 5.07554e-10 -0.960577 8.41803e-10 1.13531e-09 1.29904
1347.49 5.86044e-10 5.1649e-10 -0.548684 7.89225e-10 1.15154e-09 1.64078
1348.41 5.64692e-10 5.36624e-10 -0.221419 7.10818e-10 1.20083e-09 2.27723
1349.34 5.48529e-10 4.9189e-10 -0.473317 7.11108e-10 1.18916e-09 2.23305
1350.26 5.46234e-10 5.23252e-10 -0.186681 7.39229e-10 1.18132e-09 2.03589
1351.19 5.47739e-10 5.44027e-10 -0.029529 7.25052e-10 1.20547e-09 2.20787
1352.11 5.55409e-10 5.21656e-10 -0.272291 7.04818e-10 1.20394e-09 2.32528
1353.04 5.80583e-10 5.47526e-10 -0.254598 7.10101e-10 1.11656e-09 1.96562
1353.96 5.62311e-10 4.99757e-10 -0.51218 7.06186e-10 1.14433e-09 2.09632
1354.88 5.30508e-10 4.97334e-10 -0.280438 7.39853e-10 1.16133e-09 1.9581
1355.81 5.33064e-10 5.01918e-10 -0.261469 7.59022e-10 1.13904e-09 1.76284
1356.73 5.68886e-10 5.51594e-10 -0.134056 6.98545e-10 1.19809e-09 2.34295
1357.66 5.53366e-10 5.56022e-10 0.0207934 6.82284e-10 1.22189e-09 2.53067
1358.58 5.45969e-10 5.62744e-10 0.131427 6.77047e-10 1.20965e-09 2.52041
1359.51 5.6355e-10 5.51754e-10 -0.0918694 6.6828e-10 1.19613e-09 2.5282
1360.43 5.60785e-10 5.523e-10 -0.0662114 6.99383e-10 1.136e-09 2.10663
1361.36 5.32554e-10 5.45485e-10 0.104192 7.08048e-10 1.17454e-09 2.19805
1362.28 5.20651e-10 5.39602e-10 0.155266 7.08366e-10 1.18787e-09 2.24511
1363.21 5.27097e-10 5.47941e-10 0.168432 7.05872e-10 1.15229e-09 2.12836
1364.13 5.52663e-10 5.44485e-10 -0.0647437 7.02434e-10 1.12112e-09 2.03046
1365.06 5.26288e-10 5.42562e-10 0.132257 6.89132e-10 1.12125e-09 2.114
1365.98 5.06374e-10 5.0091e-10 -0.0471166 6.77888e-10 1.17564e-09 2.39116
1366.91 5.47816e-10 5.34169e-10 -0.109563 6.97555e-10 1.20916e-09 2.38905
1367.83 5.36298e-10 5.32801e-10 -0.0284125 7.11099e-10 1.25796e-09 2.47737
1368.76 5.21805e-10 5.2859e-10 0.0561111 6.67838e-10 1.2518e-09 2.72864
1369.68 5.24421e-10 5.4043e-10 0.130592 6.77956e-10 1.18152e-09 2.4124
1370.61 5.32977e-10 5.59066e-10 0.207542 6.87796e-10 1.2108e-09 2.45613
1371.53 5.25627e-10 5.70802e-10 0.358076 6.64713e-10 1.17998e-09 2.4924
1372.46 5.09296e-10 5.19414e-10 0.085436 6.74018e-10 1.1599e-09 2.35749
1373.38 5.38157e-10 5.06584e-10 -0.262575 6.93937e-10 1.11978e-09 2.07813
1374.31 5.43767e-10 5.20135e-10 -0.192965 6.93243e-10 1.14322e-09 2.17244
1375.23 5.30822e-10 5.36101e-10 0.0429784 6.8452e-10 1.19437e-09 2.41753
1376.16 5.18457e-10 5.26645e-10 0.0680509 6.79968e-10 1.1372e-09 2.23348
1377.08 5.31911e-10 5.02781e-10 -0.244605 7.02996e-10 1.13185e-09 2.06836
1378.01 5.19486e-10 5.15153e-10 -0.0363735 7.12159e-10 1.16929e-09 2.15345
1378.93 5.29442e-10 5.00462e-10 -0.244474 7.1124e-10 1.13337e-09 2.02355
1379.86 5.18519e-10 5.07008e-10 -0.0975026 6.83571e-10 1.11266e-09 2.11579
1380.78 5.19564e-10 4.96716e-10 -0.195309 6.87755e-10 1.12075e-09 2.12075
1381.71 5.26574e-10 4.66119e-10 -0.529629 7.0465e-10 1.09582e-09 1.91766
1382.63 5.1872e-10 4.85539e-10 -0.287089 6.87752e-10 1.10709e-09 2.06751
1383.55 5.43409e-10 4.89998e-10 -0.449327 6.87855e-10 1.10916e-09 2.07497
1384.48 5.45661e-10 5.1872e-10 -0.219895 6.92825e-10 1.18155e-09 2.31828
1385.4 5.20208e-10 5.30914e-10 0.0884679 6.92689e-10 1.13536e-09 2.14595
1386.33 5.16489e-10 4.98346e-10 -0.155302 6.86466e-10 1.1109e-09 2.09056
1387.25 5.47211e-10 4.88184e-10 -0.495709 6.95822e-10 1.10445e-09 2.00648
1388.18 5.46926e-10 4.67283e-10 -0.683488 6.81732e-10 1.07615e-09 1.98259
1389.1 5.28228e-10 4.83757e-10 -0.381941 6.77945e-10 1.12724e-09 2.20822
1390.03 5.2507e-10 4.96568e-10 -0.242387 6.92388e-10 1.16638e-09 2.2649
1390.95 5.22066e-10 4.59276e-10 -0.556521 7.50836e-10 1.12662e-09 1.76232
1391.88 5.13367e-10 4.76745e-10 -0.321418 7.24005e-10 1.06051e-09 1.65773
1392.8 5.20151e-10 4.80317e-10 -0.346018 6.91635e-10 1.05708e-09 1.84231
1393.73 5.56229e-10 4.90355e-10 -0.547433 6.73736e-10 1.13856e-09 2.27866
1394.65 5.43349e-10 5.10818e-10 -0.268124 6.82611e-10 1.15403e-09 2.28044
1395.58 5.28345e-10 5.1628e-10 -0.100322 6.70086e-10 1.18909e-09 2.49084
1396.5 5.18749e-10 5.08411e-10 -0.0874252 6.79154e-10 1.1454e-09 2.26989
1397.43 5.16226e-10 4.75093e-10 -0.360611 7.0493e-10 1.05585e-09 1.75456
1398.35 5.12621e-10 4.5633e-10 -0.505172 7.0714e-10 1.10666e-09 1.94509
1399.28 5.3204e-10 4.79964e-10 -0.44736 7.13038e-10 1.11539e-09 1.94314
1400.2 5.53557e-10 4.90926e-10 -0.521462 7.41845e-10 1.05988e-09 1.54943
1401.13 5.61384e-10 4.62846e-10 -0.838232 7.16274e-10 1.09491e-09 1.84299
1402.05 5.51431e-10 4.85415e-10 -0.553782 7.0289e-10 1.18153e-09 2.25557
1402.98 5.2945e-10 4.95995e-10 -0.283473 6.69621e-10 1.18756e-09 2.48826
1403.9 5.42644e-10 4.7704e-10 -0.559605 6.87347e-10 1.08549e-09 1.9845
1404.83 5.5038e-10 4.63236e-10 -0.748603 7.12495e-10 1.07645e-09 1.79212
1405.75 5.28258e-10 4.35713e-10 -0.836457 6.90298e-10 1.07658e-09 1.9301
1406.68 5.33088e-10 4.20428e-10 -1.03107 6.69895e-10 1.09175e-09 2.12117
1407.6 5.19217e-10 4.39003e-10 -0.728812 6.93477e-10 1.05415e-09 1.8187
1408.53 5.32506e-10 4.72006e-10 -0.52377 6.94873e-10 1.07735e-09 1.90451
1409.45 5.37571e-10 4.57478e-10 -0.700657 6.91773e-10 1.01583e-09 1.66857
1410.37 5.02848e-10 4.55663e-10 -0.427929 6.71358e-10 1.02068e-09 1.81936
1411.3 4.90537e-10 4.53345e-10 -0.342426 6.75305e-10 1.02047e-09 1.793
1412.22 4.94836e-10 4.51191e-10 -0.401008 6.67483e-10 1.04871e-09 1.96215
1413.15 5.18776e-10 4.73245e-10 -0.398936 6.69559e-10 1.03653e-09 1.89793
1414.07 5.16741e-10 4.60673e-10 -0.498802 6.86564e-10 1.06552e-09 1.9088
1415 5.22672e-10 4.58599e-10 -0.56796 7.06496e-10 1.04657e-09 1.70659
1415.92 5.28579e-10 4.6933e-10 -0.516317 7.22527e-10 1.04511e-09 1.60308
1416.85 5.01935e-10 4.65096e-10 -0.331051 6.84311e-10 1.11831e-09 2.13309
1417.77 5.17307e-10 4.66073e-10 -0.452942 6.5039e-10 1.0442e-09 2.0561
1418.7 5.0529e-10 4.45651e-10 -0.545456 6.59277e-10 1.00454e-09 1.82899
1419.62 5.19666e-10 4.42555e-10 -0.697569 6.7055e-10 1.02456e-09 1.84106
1420.55 5.40277e-10 4.72382e-10 -0.583228 6.71428e-10 1.08567e-09 2.08698
1421.47 5.39267e-10 4.6905e-10 -0.605851 6.70241e-10 1.0561e-09 1.97474
1422.4 5.03378e-10 4.5388e-10 -0.449529 6.83681e-10 1.00635e-09 1.67896
1423.32 4.99791e-10 4.46056e-10 -0.493993 6.73338e-10 1.03078e-09 1.84933
1424.25 5.23072e-10 4.80564e-10 -0.368101 6.74873e-10 1.06963e-09 2.00011
1425.17 5.39169e-10 4.90153e-10 -0.413931 7.0651e-10 1.03208e-09 1.64595
1426.1 5.26596e-10 4.88849e-10 -0.323028 6.80721e-10 9.85996e-10 1.60906
1427.02 5.11072e-10 4.80863e-10 -0.264607 7.02942e-10 1.02356e-09 1.63194
1427.95 5.27162e-10 4.5841e-10 -0.606902 7.1431e-10 1.06534e-09 1.73601
1428.87 5.40168e-10 4.59236e-10 -0.704927 6.92874e-10 1.06516e-09 1.8676
1429.8 5.4605e-10 4.6684e-10 -0.680645 6.98578e-10 1.07243e-09 1.86154
1430.72 5.2449e-10 4.58954e-10 -0.579683 7.06264e-10 1.07217e-09 1.81296
1431.65 5.22611e-10 4.79375e-10 -0.375028 6.92938e-10 1.04575e-09 1.78733
1432.57 5.26173e-10 4.53421e-10 -0.646267 6.85587e-10 1.01388e-09 1.69924
1433.5 5.35863e-10 4.5591e-10 -0.701744 7.15045e-10 1.03513e-09 1.60661
1434.42 5.47695e-10 4.54824e-10 -0.806954 7.2841e-10 1.07022e-09 1.67097
1435.35 5.19257e-10 4.61792e-10 -0.509357 6.94286e-10 1.04664e-09 1.78259
1436.27 5.19435e-10 4.63942e-10 -0.490673 6.70155e-10 1.07311e-09 2.04469
1437.2 5.24877e-10 4.57532e-10 -0.596363 6.6121e-10 1.10988e-09 2.24936
1438.12 5.30592e-10 4.6567e-10 -0.566824 6.69364e-10 1.06252e-09 2.00675
1439.04 5.23189e-10 4.36085e-10 -0.790879 6.77137e-10 1.04459e-09 1.88269
1439.97 5.06844e-10 4.47366e-10 -0.542114 6.87185e-10 1.09234e-09 2.01284
1440.89 5.1333e-10 4.41016e-10 -0.659422 6.75944e-10 1.08563e-09 2.05771
1441.82 5.49321e-10 4.24411e-10 -1.12039 6.65334e-10 1.06496e-09 2.04294
1442.74 5.31149e-10 4.47624e-10 -0.743034 6.57238e-10 1.04747e-09 2.02419
1443.67 5.14404e-10 4.59351e-10 -0.491599 6.72484e-10 9.97871e-10 1.71392
1444.59 5.18722e-10 4.57188e-10 -0.548399 6.8841e-10 1.01334e-09 1.67908
1445.52 5.3482e-10 4.56435e-10 -0.688287 7.08365e-10 1.02029e-09 1.58467
1446.44 5.08437e-10 4.62067e-10 -0.41532 7.27171e-10 9.96428e-10 1.36809
1447.37 4.96624e-10 4.61899e-10 -0.314805 6.85219e-10 1.00403e-09 1.65917
1448.29 5.49693e-10 4.55846e-10 -0.81302 6.85765e-10 1.03013e-09 1.76717
1449.22 5.50301e-10 4.61978e-10 -0.759791 6.9081e-10 1.08489e-09 1.96027
1450.14 5.28002e-10 4.70085e-10 -0.504588 6.70797e-10 1.04746e-09 1.93546
1451.07 5.11243e-10 4.5861e-10 -0.471835 6.65617e-10 1.05666e-09 2.00711
1451.99 5.25946e-10 4.39184e-10 -0.78295 6.90747e-10 1.02069e-09 1.69575
1452.92 5.16513e-10 4.5767e-10 -0.525292 6.48792e-10 1.01477e-09 1.94262
1453.84 5.02594e-10 4.46148e-10 -0.517387 6.92338e-10 1.01338e-09 1.65454
1454.77 5.28975e-10 4.3262e-10 -0.873285 6.9753e-10 1.0165e-09 1.63545
1455.69 5.32208e-10 4.65071e-10 -0.585618 7.11935e-10 1.02496e-09 1.58267
1456.62 5.33629e-10 4.8831e-10 -0.385437 6.8799e-10 1.04048e-09 1.79651
1457.54 5.53699e-10 4.35938e-10 -1.03849 6.73597e-10 1.02602e-09 1.82756
1458.47 5.40743e-10 4.25956e-10 -1.03626 6.95429e-10 1.05374e-09 1.80481
1459.39 5.21397e-10 4.37353e-10 -0.763367 6.91208e-10 1.06634e-09 1.88287
1460.32 5.27119e-10 4.42021e-10 -0.764655 6.95385e-10 1.02423e-09 1.68172
1461.24 5.52952e-10 4.4999e-10 -0.894848 7.10657e-10 1.00875e-09 1.52123
1462.17 5.47485e-10 4.60535e-10 -0.751095 7.14985e-10 1.03529e-09 1.60765
1463.09 5.37995e-10 4.57097e-10 -0.707701 7.08738e-10 1.06094e-09 1.75205
1464.02 5.29862e-10 4.69898e-10 -0.521592 6.85213e-10 1.00967e-09 1.68354
1464.94 5.32519e-10 4.71843e-10 -0.525372 6.68059e-10 9.71801e-10 1.62762
1465.87 5.14502e-10 4.55255e-10 -0.531321 6.8174e-10 9.63505e-10 1.50235
1466.79 5.03937e-10 4.62823e-10 -0.369612 6.93926e-10 9.99989e-10 1.58682
1467.71 5.13988e-10 4.64866e-10 -0.436251 6.67889e-10 1.03743e-09 1.91254
1468.64 5.20475e-10 4.37503e-10 -0.754191 6.56803e-10 1.00779e-09 1.85935
1469.56 5.29643e-10 4.51855e-10 -0.689842 7.04764e-10 9.6286e-10 1.3552
1470.49 5.36012e-10 4.6616e-10 -0.606394 6.82262e-10 1.02238e-09 1.75661
1471.41 5.13438e-10 4.69633e-10 -0.387295 6.61794e-10 9.96273e-10 1.77655
1472.34 5.15767e-10 4.54839e-10 -0.545955 6.41057e-10 1.02632e-09 2.04386
1473.26 5.38358e-10 4.51607e-10 -0.763109 6.62285e-10 1.02175e-09 1.883
1474.19 5.19578e-10 4.55027e-10 -0.576132 6.86881e-10 9.90599e-10 1.59016
1475.11 5.18372e-10 4.78458e-10 -0.34798 6.68109e-10 1.01762e-09 1.82738
1476.04 5.10036e-10 4.52953e-10 -0.515478 6.61564e-10 1.01503e-09 1.85907
1476.96 5.17112e-10 4.36568e-10 -0.735327 6.73087e-10 1.0222e-09 1.81465
1477.89 5.48831e-10 4.47143e-10 -0.889926 6.74177e-10 9.98644e-10 1.70637
1478.81 5.34482e-10 4.68798e-10 -0.569477 7.02e-10 9.67705e-10 1.39406
1479.74 5.31258e-10 4.46574e-10 -0.754118 6.90468e-10 9.61104e-10 1.43627
1480.66 5.52301e-10 4.24784e-10 -1.14008 6.78005e-10 1.00145e-09 1.69396
1481.59 5.49481e-10 4.48156e-10 -0.885232 6.57395e-10 1.06086e-09 2.07832
1482.51 5.44614e-10 4.63944e-10 -0.696229 6.69083e-10 1.03149e-09 1.87985
1483.44 5.10982e-10 4.64913e-10 -0.410341 6.77993e-10 9.96174e-10 1.6711
1484.36 5.01849e-10 4.65404e-10 -0.327431 7.14601e-10 1.02245e-09 1.55579
1485.29 5.08807e-10 4.36726e-10 -0.663443 6.80439e-10 9.85284e-10 1.60772
1486.21 5.36316e-10 4.40329e-10 -0.856436 6.7356e-10 9.60682e-10 1.54203
1487.14 5.42971e-10 4.68176e-10 -0.643679 6.78973e-10 9.52292e-10 1.46917
1488.06 5.1596e-10 4.42633e-10 -0.66572 6.96522e-10 9.77176e-10 1.47038
1488.99 5.10431e-10 4.56794e-10 -0.482168 6.94029e-10 9.77493e-10 1.48736
1489.91 5.01938e-10 4.62642e-10 -0.354046 7.06387e-10 9.98013e-10 1.50094
1490.84 5.12101e-10 4.58673e-10 -0.478524 6.96738e-10 1.02062e-09 1.65794
1491.76 4.9619e-10 4.50435e-10 -0.420162 6.84015e-10 1.02381e-09 1.75154
1492.69 5.01871e-10 4.39887e-10 -0.572509 7.0483e-10 9.73503e-10 1.40253
1493.61 5.16104e-10 4.3979e-10 -0.694923 7.11161e-10 9.71535e-10 1.35491
1494.54 5.29675e-10 4.58061e-10 -0.630866 7.05645e-10 1.06014e-09 1.76777
1495.46 5.41377e-10 4.70926e-10 -0.605475 7.0266e-10 1.02101e-09 1.62285
1496.38 5.66272e-10 4.56988e-10 -0.931205 6.83177e-10 1.00258e-09 1.66586
1497.31 5.39189e-10 4.62286e-10 -0.668304 6.72264e-10 1.03566e-09 1.87677
1498.23 5.30845e-10 4.41193e-10 -0.803388 6.50791e-10 9.93255e-10 1.83619
1499.16 5.45236e-10 4.54336e-10 -0.792074 6.56557e-10 9.87075e-10 1.77077
1500.08 5.47074e-10 4.47512e-10 -0.872414 6.82446e-10 9.97804e-10 1.64977
1501.01 5.44288e-10 4.56717e-10 -0.761812 7.11791e-10 1.02982e-09 1.60409
1501.93 5.39123e-10 4.76027e-10 -0.540566 6.64176e-10 1.01895e-09 1.85869
1502.86 5.58819e-10 4.75463e-10 -0.701546 6.50991e-10 1.02916e-09 1.98908
1503.78 5.44716e-10 4.60797e-10 -0.726608 6.6794e-10 1.03699e-09 1.91037
1504.71 5.12882e-10 4.5648e-10 -0.505959 6.51807e-10 9.66039e-10 1.70876
1505.63 5.26134e-10 4.47958e-10 -0.69859 6.6232e-10 9.67114e-10 1.6441
1506.56 5.32202e-10 4.42299e-10 -0.803602 6.75445e-10 1.02348e-09 1.8049
1507.48 5.27501e-10 4.35227e-10 -0.835074 6.49007e-10 1.01112e-09 1.92553
1508.41 5.5136e-10 4.83492e-10 -0.570456 6.48057e-10 1.0371e-09 2.04207
1509.33 5.56781e-10 4.69715e-10 -0.738501 6.39637e-10 1.03001e-09 2.06908
1510.26 5.51622e-10 4.55758e-10 -0.829072 6.96617e-10 9.96522e-10 1.55493
1511.18 5.48183e-10 4.7058e-10 -0.662924 6.72856e-10 1.04402e-09 1.90787
1512.11 5.09475e-10 4.72046e-10 -0.331384 6.86293e-10 1.04804e-09 1.83869
1513.03 4.95109e-10 4.46895e-10 -0.444956 6.91329e-10 9.41736e-10 1.34245
1513.96 5.16167e-10 4.31006e-10 -0.783071 6.79662e-10 9.51636e-10 1.46178
1514.88 5.24639e-10 4.36254e-10 -0.801211 6.80434e-10 9.92714e-10 1.64038
1515.81 5.12809e-10 4.41493e-10 -0.650322 6.71684e-10 1.01287e-09 1.78389
1516.73 5.17576e-10 4.50293e-10 -0.604787 7.07875e-10 1.01281e-09 1.55571
1517.66 5.43103e-10 4.56436e-10 -0.75502 7.22591e-10 1.0368e-09 1.56802
1518.58 5.51302e-10 4.45292e-10 -0.92745 7.07692e-10 1.01379e-09 1.56104
1519.51 5.43264e-10 4.39324e-10 -0.92226 7.14837e-10 9.60519e-10 1.28299
1520.43 5.48918e-10 4.5911e-10 -0.775906 7.0754e-10 9.72944e-10 1.38337
1521.36 5.20659e-10 4.53773e-10 -0.597151 6.9231e-10 9.98283e-10 1.58953
1522.28 5.22274e-10 4.58619e-10 -0.56446 6.6521e-10 9.23258e-10 1.42364
1523.2 5.33387e-10 4.54142e-10 -0.698506 6.64832e-10 9.25844e-10 1.43826
1524.13 5.33078e-10 4.5172e-10 -0.719213 6.74642e-10 9.33076e-10 1.40844
1525.05 5.22297e-10 4.69604e-10 -0.461857 7.09068e-10 9.39992e-10 1.22436
1525.98 5.2302e-10 4.60968e-10 -0.548476 7.03411e-10 9.51657e-10 1.31271
1526.9 5.52562e-10 4.65874e-10 -0.741121 6.85338e-10 1.00361e-09 1.6566
1527.83 5.45221e-10 4.75841e-10 -0.59111 6.7006e-10 9.99693e-10 1.73753
1528.75 5.26158e-10 4.50943e-10 -0.669944 6.54245e-10 9.76694e-10 1.74018
1529.68 5.37503e-10 4.53306e-10 -0.739895 6.74628e-10 9.14028e-10 1.31895
1530.6 5.1548e-10 4.45935e-10 -0.629398 6.60883e-10 9.73104e-10 1.68034
1531.53 5.24537e-10 4.40824e-10 -0.75511 6.74754e-10 1.01625e-09 1.77855
1532.45 5.42099e-10 4.54624e-10 -0.764259 6.78519e-10 9.37397e-10 1.40361
1533.38 5.28189e-10 4.43067e-10 -0.763199 6.72623e-10 9.29481e-10 1.40469
1534.3 5.10741e-10 4.25839e-10 -0.789551 6.51196e-10 9.30425e-10 1.54969
1535.23 5.01291e-10 4.31084e-10 -0.655282 6.67872e-10 9.18095e-10 1.38194
1536.15 5.01754e-10 4.59346e-10 -0.383508 6.88485e-10 9.26832e-10 1.29107
1537.08 5.35627e-10 4.4981e-10 -0.758336 6.46481e-10 9.53249e-10 1.6865
1538 5.35464e-10 4.44467e-10 -0.808905 6.56382e-10 9.46873e-10 1.59135
1538.93 5.07498e-10 4.69801e-10 -0.335204 6.70121e-10 9.94291e-10 1.7136
1539.85 4.8448e-10 4.78304e-10 -0.0557146 6.7911e-10 9.83735e-10 1.60938
1540.78 5.04042e-10 4.86994e-10 -0.14943 6.90599e-10 9.54811e-10 1.40692
1541.7 5.04157e-10 4.57865e-10 -0.41828 6.927e-10 9.16791e-10 1.21725
1542.63 5.10872e-10 4.34547e-10 -0.702749 6.68859e-10 9.1193e-10 1.34627
1543.55 5.12525e-10 4.51729e-10 -0.548375 6.58727e-10 9.76592e-10 1.71008
1544.48 5.05294e-10 4.61656e-10 -0.392255 6.39771e-10 1.05548e-09 2.17425
1545.4 5.47197e-10 4.50808e-10 -0.841517 6.81754e-10 9.6387e-10 1.50391
1546.33 5.23001e-10 4.35758e-10 -0.792572 7.00267e-10 8.91603e-10 1.04908
1547.25 5.24285e-10 4.4481e-10 -0.713929 7.28051e-10 9.19742e-10 1.01504
1548.18 5.20403e-10 4.55268e-10 -0.580725 6.86862e-10 9.08935e-10 1.21663
1549.1 5.10766e-10 4.66516e-10 -0.393551 6.79119e-10 9.28334e-10 1.35758
1550.03 5.16828e-10 4.62042e-10 -0.486642 6.7694e-10 9.07077e-10 1.27094
1550.95 5.45324e-10 4.58865e-10 -0.749695 6.748e-10 8.97618e-10 1.23916
1551.87 5.45424e-10 4.53184e-10 -0.8046 6.58174e-10 8.9677e-10 1.3434
1552.8 5.36579e-10 4.68998e-10 -0.584629 6.49538e-10 9.6139e-10 1.70295
1553.72 5.23708e-10 4.66458e-10 -0.502771 6.24852e-10 1.00417e-09 2.0603
1554.65 5.13702e-10 4.44971e-10 -0.623797 6.38793e-10 9.6314e-10 1.78329
1555.57 5.31274e-10 4.80969e-10 -0.432018 6.80466e-10 9.80477e-10 1.58631
1556.5 5.26497e-10 4.85483e-10 -0.352218 6.77568e-10 9.66874e-10 1.54417
1557.42 5.15266e-10 4.73796e-10 -0.364401 6.62776e-10 9.53547e-10 1.57975
1558.35 5.31019e-10 4.79235e-10 -0.445616 6.66608e-10 9.32902e-10 1.45966
1559.27 5.36302e-10 4.75264e-10 -0.524748 6.95986e-10 9.48858e-10 1.34601
1560.2 5.23114e-10 4.5784e-10 -0.578829 6.75062e-10 9.41594e-10 1.4452
1561.12 5.13988e-10 4.58262e-10 -0.498391 6.66625e-10 9.35021e-10 1.4694
1562.05 5.16164e-10 4.44107e-10 -0.652999 6.48154e-10 9.26102e-10 1.54981
1562.97 5.32709e-10 4.41277e-10 -0.817787 6.71179e-10 9.76241e-10 1.62719
1563.9 5.35501e-10 4.50215e-10 -0.753406 6.94313e-10 1.02154e-09 1.677
1564.82 5.1637e-10 4.70367e-10 -0.405245 7.12347e-10 9.36583e-10 1.18855
1565.75 5.04031e-10 4.67209e-10 -0.329457 6.76079e-10 9.30015e-10 1.38493
1566.67 5.07188e-10 4.3578e-10 -0.659013 6.64862e-10 9.43948e-10 1.52217
1567.6 5.18722e-10 4.48044e-10 -0.636137 6.84316e-10 9.06377e-10 1.22052
1568.52 5.04588e-10 4.51112e-10 -0.486527 6.80365e-10 9.53845e-10 1.46736
1569.45 5.1637e-10 4.72072e-10 -0.389525 6.80973e-10 1.03259e-09 1.80798
1570.37 5.28454e-10 5.01003e-10 -0.231667 7.08247e-10 1.0353e-09 1.64881
1571.3 5.32452e-10 4.70665e-10 -0.535688 7.04742e-10 9.38717e-10 1.24505
1572.22 5.63294e-10 4.67197e-10 -0.812349 6.61632e-10 9.57438e-10 1.60494
1573.15 5.51241e-10 4.46253e-10 -0.917605 6.32919e-10 9.59431e-10 1.80665
1574.07 5.22463e-10 4.354e-10 -0.791671 6.32106e-10 9.00065e-10 1.53484
1575 5.09073e-10 4.35704e-10 -0.675888 6.35582e-10 8.9918e-10 1.50675
1575.92 4.7571e-10 4.74392e-10 -0.012052 6.62194e-10 9.17029e-10 1.41398
1576.85 5.04776e-10 4.64943e-10 -0.356992 6.67867e-10 9.59944e-10 1.57556
1577.77 5.26746e-10 4.58825e-10 -0.599542 6.84987e-10 9.48897e-10 1.41536
1578.7 5.20982e-10 4.80075e-10 -0.355135 6.7556e-10 9.19553e-10 1.33913
1579.62 5.20536e-10 4.91612e-10 -0.248287 6.70642e-10 9.3165e-10 1.42762
1580.54 4.98827e-10 4.78339e-10 -0.182137 6.78652e-10 9.52715e-10 1.47316
1581.47 4.94407e-10 4.47176e-10 -0.436061 6.69548e-10 9.49547e-10 1.51735
1582.39 4.88591e-10 4.48963e-10 -0.367347 6.82007e-10 9.25527e-10 1.326
1583.32 5.03526e-10 4.57353e-10 -0.417702 6.8464e-10 9.54838e-10 1.44467
1584.24 5.26166e-10 4.63574e-10 -0.550034 7.1903e-10 9.36498e-10 1.1476
1585.17 5.25164e-10 4.50456e-10 -0.666426 7.09333e-10 8.97672e-10 1.02268
1586.09 5.13963e-10 4.60255e-10 -0.47933 7.02392e-10 9.18273e-10 1.16392
1587.02 5.05847e-10 4.46415e-10 -0.542808 6.68629e-10 9.4882e-10 1.51998
1587.94 5.04559e-10 4.28822e-10 -0.70635 6.42628e-10 9.05375e-10 1.48869
1588.87 5.11415e-10 4.46127e-10 -0.59315 6.45095e-10 9.22679e-10 1.55427
1589.79 5.19874e-10 4.77356e-10 -0.370558 6.33312e-10 9.36451e-10 1.69868
1590.72 5.12773e-10 4.74579e-10 -0.336163 6.57956e-10 8.83432e-10 1.27977
1591.64 4.93904e-10 4.5202e-10 -0.384847 6.62312e-10 8.71443e-10 1.19176
1592.57 5.21307e-10 4.50055e-10 -0.638277 6.84322e-10 8.78394e-10 1.08429
1593.49 5.50298e-10 4.45329e-10 -0.919173 7.04834e-10 8.99121e-10 1.05731
1594.42 5.47308e-10 4.46481e-10 -0.884286 7.14357e-10 9.64556e-10 1.30412
1595.34 5.37765e-10 4.60272e-10 -0.675783 6.90275e-10 9.69675e-10 1.47604
1596.27 5.14251e-10 4.55117e-10 -0.530519 6.76284e-10 9.35463e-10 1.40898
1597.19 4.92171e-10 4.69607e-10 -0.203817 6.69977e-10 8.79048e-10 1.17953
1598.12 4.82945e-10 4.52863e-10 -0.279309 6.70347e-10 9.09234e-10 1.32376
1599.04 4.88488e-10 4.41914e-10 -0.435166 6.7897e-10 8.97035e-10 1.20959
1599.97 5.18519e-10 4.40615e-10 -0.707052 6.77314e-10 8.45879e-10 0.965179
1600.89 5.12272e-10 4.57337e-10 -0.492645 7.20686e-10 8.95201e-10 0.941744
1601.82 5.19578e-10 4.57988e-10 -0.547968 6.96834e-10 9.16795e-10 1.19143
1602.74 5.14877e-10 4.60533e-10 -0.484431 6.6986e-10 9.30561e-10 1.42761
1603.67 4.87482e-10 4.45884e-10 -0.387369 6.75799e-10 8.96867e-10 1.22911
1604.59 4.88768e-10 4.49534e-10 -0.363405 6.58563e-10 8.34018e-10 1.02578
1605.52 4.94235e-10 4.64877e-10 -0.265951 6.86752e-10 9.03248e-10 1.19007
1606.44 5.31989e-10 4.4789e-10 -0.747316 6.83978e-10 8.99616e-10 1.19015
1607.37 5.28376e-10 4.49748e-10 -0.699735 6.6075e-10 9.17536e-10 1.42586
1608.29 5.3852e-10 4.53353e-10 -0.747654 6.80939e-10 8.86195e-10 1.14421
1609.21 5.1317e-10 4.62172e-10 -0.454572 6.89231e-10 8.88792e-10 1.10435
1610.14 5.25582e-10 4.5077e-10 -0.666857 6.90667e-10 9.45936e-10 1.36593
1611.06 5.06803e-10 4.32599e-10 -0.687541 6.9347e-10 9.13602e-10 1.19729
1611.99 4.99383e-10 4.42178e-10 -0.528368 6.86773e-10 8.77789e-10 1.06577
1612.91 4.99254e-10 4.45075e-10 -0.498882 6.65681e-10 8.90829e-10 1.26528
1613.84 5.19847e-10 4.53605e-10 -0.59198 6.71326e-10 8.52612e-10 1.03818
1614.76 5.15965e-10 4.69741e-10 -0.407619 6.82641e-10 8.28315e-10 0.840029
1615.69 5.32295e-10 4.48223e-10 -0.746586 6.93906e-10 8.70675e-10 0.985555
1616.61 5.24791e-10 4.60648e-10 -0.566173 6.87072e-10 8.86663e-10 1.10756
1617.54 5.23493e-10 4.57396e-10 -0.586182 6.38619e-10 8.78666e-10 1.38582
1618.46 5.30135e-10 4.45339e-10 -0.756961 6.75651e-10 8.78739e-10 1.14138
1619.39 5.28772e-10 4.4212e-10 -0.777282 6.9285e-10 9.2505e-10 1.25526
1620.31 5.29272e-10 4.50054e-10 -0.704145 6.57039e-10 9.02549e-10 1.3788
1621.24 5.48874e-10 4.72011e-10 -0.655208 6.27429e-10 8.95722e-10 1.54609
1622.16 5.43731e-10 4.49152e-10 -0.829904 6.51961e-10 9.35884e-10 1.57001
1623.09 5.27836e-10 4.31718e-10 -0.872988 6.72245e-10 9.22445e-10 1.37413
1624.01 5.30645e-10 4.5278e-10 -0.689167 6.86036e-10 9.09482e-10 1.22447
1624.94 5.1592e-10 4.45553e-10 -0.636831 6.92259e-10 8.60182e-10 0.943218
1625.86 5.29229e-10 4.4465e-10 -0.756255 6.76563e-10 8.49107e-10 0.98654
1626.79 5.27485e-10 4.37071e-10 -0.816584 6.54193e-10 8.50585e-10 1.14012
1627.71 5.26176e-10 4.33259e-10 -0.843834 6.42621e-10 8.77023e-10 1.35056
1628.64 5.18435e-10 4.69594e-10 -0.42972 6.8415e-10 9.17827e-10 1.2761
1629.56 5.08017e-10 4.75113e-10 -0.290813 6.9613e-10 9.06437e-10 1.14647
1630.49 5.22168e-10 4.40193e-10 -0.741673 6.59007e-10 8.74074e-10 1.22658
1631.41 5.00058e-10 4.28677e-10 -0.668902 6.65821e-10 8.89943e-10 1.26004
1632.34 4.9654e-10 4.18736e-10 -0.740141 6.49207e-10 8.82523e-10 1.33343
1633.26 5.1549e-10 4.35812e-10 -0.729212 6.31367e-10 8.89277e-10 1.48755
1634.19 5.19674e-10 4.51345e-10 -0.612224 6.56698e-10 8.73097e-10 1.23697
1635.11 5.41583e-10 4.65854e-10 -0.654152 6.76904e-10 9.06034e-10 1.26617
1636.03 5.3654e-10 4.69414e-10 -0.58046 6.56113e-10 9.21693e-10 1.47608
1636.96 5.33005e-10 4.5178e-10 -0.718041 6.71263e-10 9.32029e-10 1.42537
1637.88 5.13051e-10 4.43682e-10 -0.630884 6.94097e-10 8.81315e-10 1.03711
1638.81 4.98869e-10 4.44471e-10 -0.501429 6.89801e-10 8.60647e-10 0.961014
1639.73 5.12542e-10 4.57508e-10 -0.49331 6.85198e-10 9.17358e-10 1.26722
1640.66 5.33042e-10 4.51897e-10 -0.717216 6.60046e-10 9.46255e-10 1.56434
1641.58 5.06806e-10 4.53593e-10 -0.481755 6.45839e-10 9.06565e-10 1.47275
1642.51 4.83562e-10 4.29485e-10 -0.515043 6.30561e-10 8.89634e-10 1.49484
1643.43 5.0746e-10 4.41049e-10 -0.609146 6.28974e-10 8.5309e-10 1.32362
1644.36 5.17618e-10 4.47032e-10 -0.636706 6.83506e-10 8.43017e-10 0.910941
1645.28 5.06024e-10 4.27271e-10 -0.734681 6.98073e-10 8.40429e-10 0.805999
1646.21 4.86906e-10 4.34521e-10 -0.494341 6.67401e-10 8.45827e-10 1.02895
1647.13 5.02884e-10 4.4335e-10 -0.547208 6.55231e-10 8.91e-10 1.33483
1648.06 5.28348e-10 4.51129e-10 -0.68619 6.69121e-10 8.66877e-10 1.12453
1648.98 5.2941e-10 4.00408e-10 -1.21289 6.85202e-10 8.30313e-10 0.834234
1649.91 5.24579e-10 4.0623e-10 -1.11039 7.26174e-10 8.50941e-10 0.688587
1650.83 5.30721e-10 4.33091e-10 -0.882872 6.68498e-10 8.74607e-10 1.16713
1651.76 5.34085e-10 4.3545e-10 -0.886721 6.54268e-10 8.32583e-10 1.04672
1652.68 5.08504e-10 4.51297e-10 -0.518323 6.8902e-10 8.6387e-10 0.982168
1653.61 4.98794e-10 4.65505e-10 -0.29997 6.68244e-10 8.77001e-10 1.18065
1654.53 5.05795e-10 4.53306e-10 -0.475833 6.64402e-10 8.32053e-10 0.977203
1655.46 5.18871e-10 4.16543e-10 -0.953995 6.84135e-10 7.88047e-10 0.614106
1656.38 5.25247e-10 4.17537e-10 -0.99669 6.92576e-10 8.4595e-10 0.86877
1657.31 5.46382e-10 4.34516e-10 -0.994909 6.61882e-10 8.46197e-10 1.06691
1658.23 5.43974e-10 4.3233e-10 -0.99763 6.61704e-10 8.69416e-10 1.18564
1659.16 5.37103e-10 4.33843e-10 -0.927254 6.39973e-10 8.57276e-10 1.26959
1660.08 5.075e-10 4.10531e-10 -0.920903 6.33752e-10 8.35594e-10 1.20076
1661.01 5.21607e-10 4.33925e-10 -0.799284 6.49364e-10 8.7767e-10 1.30843
1661.93 5.22646e-10 4.37467e-10 -0.772624 6.52571e-10 8.66062e-10 1.22921
1662.86 5.1683e-10 4.18396e-10 -0.917602 6.69808e-10 7.99669e-10 0.769598
1663.78 5.1635e-10 4.0772e-10 -1.02582 6.7066e-10 8.01922e-10 0.776297
1664.7 5.26179e-10 4.15105e-10 -1.02976 6.51644e-10 8.62573e-10 1.21785
1665.63 5.25828e-10 4.31524e-10 -0.85839 6.56414e-10 8.42395e-10 1.08338
1666.55 5.20147e-10 4.34794e-10 -0.778429 6.81916e-10 8.49712e-10 0.955411
1667.48 5.22905e-10 4.42731e-10 -0.722828 6.8088e-10 8.36131e-10 0.892035
1668.4 4.97826e-10 4.69906e-10 -0.250668 6.37908e-10 8.49924e-10 1.24622
1669.33 5.08852e-10 4.62535e-10 -0.414468 6.66516e-10 8.70304e-10 1.1586
1670.25 5.28468e-10 4.44167e-10 -0.754722 6.96836e-10 8.38501e-10 0.803732
1671.18 5.21606e-10 4.3031e-10 -0.835614 6.74308e-10 8.08742e-10 0.789516
1672.1 5.21408e-10 4.1245e-10 -1.01806 6.7089e-10 8.35478e-10 0.952834
1673.03 5.21952e-10 4.23623e-10 -0.906512 7.01935e-10 8.88741e-10 1.02478
1673.95 4.95678e-10 4.16782e-10 -0.75291 6.97351e-10 8.74917e-10 0.985155
1674.88 4.84432e-10 4.11964e-10 -0.703732 6.47103e-10 8.30388e-10 1.08308
1675.8 5.0049e-10 4.21695e-10 -0.743968 6.6724e-10 8.63532e-10 1.11996
1676.73 5.30673e-10 4.2958e-10 -0.917832 6.92455e-10 8.49523e-10 0.887837
1677.65 5.37754e-10 4.18066e-10 -1.09338 6.88019e-10 8.27442e-10 0.801373
1678.58 4.91702e-10 4.35008e-10 -0.532049 6.97679e-10 8.81167e-10 1.01402
1679.5 4.84935e-10 4.42148e-10 -0.401161 6.41226e-10 8.85306e-10 1.40082
1680.43 5.0403e-10 4.14326e-10 -0.851142 6.4545e-10 8.85762e-10 1.37455
1681.35 5.13197e-10 4.24716e-10 -0.821853 6.93186e-10 8.6118e-10 0.942439
1682.28 4.88568e-10 4.1885e-10 -0.668665 6.68245e-10 8.63384e-10 1.11268
1683.2 5.02379e-10 4.39647e-10 -0.579275 6.50387e-10 8.36476e-10 1.09282
1684.13 4.9542e-10 4.57415e-10 -0.346632 6.39674e-10 8.61069e-10 1.2908
1685.05 5.04528e-10 4.35552e-10 -0.63845 6.64262e-10 8.65305e-10 1.1483
1685.98 5.00005e-10 4.20622e-10 -0.750824 6.70277e-10 8.19428e-10 0.872566
1686.9 5.18026e-10 4.46901e-10 -0.641401 7.098e-10 8.48568e-10 0.775504
1687.83 5.02287e-10 4.30495e-10 -0.66984 6.82928e-10 8.32249e-10 0.858783
1688.75 5.15254e-10 4.05993e-10 -1.03503 6.28635e-10 8.10725e-10 1.10475
1689.68 5.33573e-10 4.10562e-10 -1.13815 6.35132e-10 7.99077e-10 0.997247
1690.6 5.07603e-10 4.30654e-10 -0.713955 6.55394e-10 8.20068e-10 0.973476
1691.53 5.22735e-10 4.20193e-10 -0.948324 6.69557e-10 8.65199e-10 1.11328
1692.45 5.19602e-10 4.43996e-10 -0.682916 6.85071e-10 8.50861e-10 0.94123
1693.37 5.33129e-10 4.503e-10 -0.733303 7.04099e-10 8.08727e-10 0.601679
1694.3 5.04555e-10 4.23928e-10 -0.75616 6.69251e-10 8.19543e-10 0.879827
1695.22 4.94645e-10 4.23332e-10 -0.676128 6.50562e-10 8.76523e-10 1.29475
1696.15 4.98866e-10 4.3521e-10 -0.592854 6.54661e-10 8.82578e-10 1.29737
1697.07 5.09516e-10 4.29464e-10 -0.742307 6.57261e-10 8.72849e-10 1.23201
1698 5.19515e-10 4.38931e-10 -0.732018 6.78572e-10 8.58875e-10 1.02334
1698.92 5.14348e-10 4.49039e-10 -0.58973 6.68035e-10 8.65766e-10 1.12601
1699.85 5.37221e-10 4.36741e-10 -0.899289 6.46472e-10 8.69531e-10 1.28735
1700.77 5.42877e-10 4.01149e-10 -1.31395 6.65448e-10 8.58237e-10 1.10493
1701.7 5.21038e-10 3.99692e-10 -1.15144 6.57942e-10 8.09622e-10 0.900944
1702.62 5.22538e-10 4.57452e-10 -0.577725 6.53875e-10 8.16473e-10 0.964468
1703.55 5.25339e-10 4.57151e-10 -0.603803 6.74126e-10 8.31683e-10 0.912165
1704.47 5.16204e-10 4.12492e-10 -0.974055 6.60032e-10 8.22243e-10 0.954351
1705.4 5.38604e-10 4.17114e-10 -1.11014 6.47463e-10 8.23553e-10 1.04477
1706.32 5.11246e-10 4.39591e-10 -0.655807 6.32601e-10 8.22091e-10 1.1379
1707.25 5.20508e-10 4.38703e-10 -0.742567 6.53151e-10 8.15656e-10 0.964937
1708.17 5.22256e-10 4.30031e-10 -0.84384 6.5964e-10 8.18679e-10 0.938066
1709.1 4.92085e-10 4.30308e-10 -0.582609 6.81883e-10 8.08359e-10 0.738947
1710.02 4.8746e-10 4.3322e-10 -0.512301 6.89222e-10 8.5188e-10 0.920194
1710.95 5.00991e-10 4.45912e-10 -0.505808 6.40078e-10 8.50393e-10 1.23387
1711.87 5.11219e-10 4.09594e-10 -0.962531 6.4718e-10 8.59746e-10 1.23345
1712.8 5.14633e-10 4.21018e-10 -0.87197 6.64276e-10 8.47528e-10 1.05805
1713.72 5.26213e-10 4.14782e-10 -1.03341 6.80836e-10 8.38673e-10 0.905498
1714.65 5.37502e-10 4.43518e-10 -0.834687 6.82033e-10 8.43894e-10 0.924822
1715.57 5.42864e-10 4.31434e-10 -0.997764 6.54492e-10 8.20019e-10 0.979193
1716.5 5.43311e-10 4.19374e-10 -1.12447 6.78966e-10 8.22547e-10 0.833125
1717.42 5.34132e-10 4.1174e-10 -1.13025 6.87032e-10 8.11685e-10 0.724104
1718.35 4.98248e-10 4.22442e-10 -0.716786 6.65867e-10 8.33844e-10 0.976973
1719.27 5.04572e-10 4.21055e-10 -0.785841 6.71893e-10 8.25886e-10 0.896203
1720.2 4.99099e-10 4.15746e-10 -0.793589 7.05222e-10 8.47077e-10 0.795973
1721.12 5.13317e-10 4.21991e-10 -0.850822 6.75183e-10 7.93832e-10 0.703069
1722.04 5.26836e-10 4.3671e-10 -0.814822 6.37179e-10 8.29464e-10 1.14536
1722.97 5.44317e-10 4.3926e-10 -0.931303 6.66216e-10 8.11432e-10 0.856368
1723.89 5.59605e-10 4.34402e-10 -1.0999 6.83748e-10 8.39455e-10 0.891016
1724.82 5.30922e-10 4.49418e-10 -0.723803 6.55312e-10 8.69937e-10 1.2304
1725.74 5.25209e-10 4.28322e-10 -0.88562 6.91678e-10 8.78752e-10 1.03962
1726.67 5.30941e-10 4.25251e-10 -0.96401 6.92834e-10 8.46047e-10 0.867651
1727.59 5.21884e-10 4.12661e-10 -1.0198 6.87041e-10 8.49057e-10 0.919543
1728.52 5.15075e-10 4.37927e-10 -0.704685 6.83116e-10 8.65044e-10 1.02544
1729.44 5.10772e-10 4.06421e-10 -0.992511 6.84997e-10 8.95807e-10 1.16526
1730.37 4.90191e-10 4.16207e-10 -0.710563 6.50841e-10 8.81411e-10 1.31703
1731.29 4.88298e-10 4.29165e-10 -0.560606 6.44581e-10 8.5193e-10 1.21127
1732.22 5.23796e-10 4.31576e-10 -0.841049 6.55604e-10 8.85123e-10 1.30362
1733.14 5.37044e-10 4.25898e-10 -1.00704 6.6178e-10 8.44776e-10 1.06028
1734.07 5.405e-10 3.89336e-10 -1.42472 6.71368e-10 7.97658e-10 0.748558
1734.99 5.21886e-10 4.12938e-10 -1.01691 6.33007e-10 8.50433e-10 1.28231
1735.92 5.17222e-10 4.00684e-10 -1.10875 6.26838e-10 8.30386e-10 1.22125
1736.84 5.12884e-10 3.83601e-10 -1.2614 6.33806e-10 8.35199e-10 1.19833
1737.77 5.20699e-10 4.16253e-10 -0.972293 6.49241e-10 8.16095e-10 0.993347
1738.69 5.11114e-10 3.95877e-10 -1.10957 6.46821e-10 8.2305e-10 1.04642
1739.62 5.18653e-10 4.23046e-10 -0.884894 6.73416e-10 8.53467e-10 1.02903
1740.54 4.97704e-10 4.56652e-10 -0.373854 6.84215e-10 8.83922e-10 1.11221
1741.47 4.89425e-10 4.42876e-10 -0.43404 6.69936e-10 8.47895e-10 1.02309
1742.39 5.16146e-10 4.2556e-10 -0.838119 6.42299e-10 8.13838e-10 1.02801
1743.32 5.18319e-10 4.19957e-10 -0.913921 6.35314e-10 8.11701e-10 1.06407
1744.24 5.51712e-10 4.1589e-10 -1.22734 6.51037e-10 8.895e-10 1.3554
1745.17 5.54134e-10 4.26322e-10 -1.13877 6.7269e-10 8.74628e-10 1.14008
1746.09 5.31018e-10 4.29687e-10 -0.919572 6.97462e-10 8.18657e-10 0.695811
1747.02 5.16436e-10 4.14084e-10 -0.959277 6.82569e-10 7.95442e-10 0.664621
1747.94 5.23798e-10 3.98312e-10 -1.1894 6.9634e-10 8.10352e-10 0.658526
1748.86 5.27691e-10 4.01661e-10 -1.1852 6.76262e-10 8.26148e-10 0.869429
1749.79 5.42689e-10 4.28574e-10 -1.02525 6.74372e-10 9.00643e-10 1.25653
1750.71 5.46031e-10 4.05607e-10 -1.29112 6.70269e-10 8.68205e-10 1.12373
1751.64 4.98424e-10 4.08102e-10 -0.868302 6.55388e-10 8.62748e-10 1.19385
1752.56 4.92296e-10 4.22227e-10 -0.666803 6.55504e-10 8.57907e-10 1.16865
1753.49 4.95167e-10 4.28289e-10 -0.630145 6.65305e-10 8.07712e-10 0.842356
1754.41 4.82703e-10 4.23949e-10 -0.563662 6.56394e-10 8.25001e-10 0.992896
1755.34 4.89984e-10 4.24502e-10 -0.623017 6.90732e-10 8.34053e-10 0.81884
1756.26 4.87587e-10 4.20041e-10 -0.647606 7.0414e-10 8.80703e-10 0.971702
1757.19 5.16798e-10 4.11539e-10 -0.989096 6.81278e-10 8.44926e-10 0.93494
1758.11 5.0937e-10 4.28294e-10 -0.752915 6.62744e-10 8.42314e-10 1.04128
1759.04 4.86489e-10 4.27647e-10 -0.559877 6.52181e-10 8.55816e-10 1.18012
1759.96 4.84948e-10 4.25914e-10 -0.563736 6.32004e-10 8.20174e-10 1.13186
1760.89 4.94846e-10 4.20088e-10 -0.711298 6.65712e-10 7.95053e-10 0.771099
1761.81 5.33726e-10 4.41884e-10 -0.820101 6.99512e-10 8.22286e-10 0.70228
1762.74 5.13831e-10 4.2839e-10 -0.78981 7.05686e-10 8.47651e-10 0.796056
1763.66 5.19485e-10 3.91916e-10 -1.2238 6.83254e-10 8.32585e-10 0.858461
1764.59 5.3381e-10 3.92423e-10 -1.33632 6.55619e-10 8.11896e-10 0.928486
1765.51 5.31746e-10 4.1955e-10 -1.0292 6.48251e-10 8.8323e-10 1.3433
1766.44 5.10584e-10 4.25999e-10 -0.786585 6.82973e-10 8.96462e-10 1.18128
1767.36 5.06276e-10 4.16479e-10 -0.847942 6.99381e-10 8.50187e-10 0.848006
1768.29 5.28883e-10 4.16905e-10 -1.03322 6.82236e-10 8.87725e-10 1.14344
1769.21 5.15041e-10 4.23471e-10 -0.850184 6.75945e-10 8.5801e-10 1.03581
1770.14 5.0491e-10 4.41806e-10 -0.579823 6.40274e-10 8.18394e-10 1.06596
1771.06 5.17078e-10 4.25727e-10 -0.844248 6.41534e-10 8.29203e-10 1.11441
1771.99 5.20971e-10 3.92147e-10 -1.23365 6.81313e-10 8.72701e-10 1.07519
1772.91 5.01456e-10 4.13332e-10 -0.839342 6.72632e-10 8.97485e-10 1.2525
1773.84 5.13614e-10 3.98838e-10 -1.0984 6.62867e-10 8.13423e-10 0.888902
1774.76 5.06107e-10 4.12593e-10 -0.887201 6.75149e-10 8.08859e-10 0.784734
1775.69 4.95616e-10 4.16535e-10 -0.754937 6.55311e-10 8.04876e-10 0.892816
1776.61 5.22163e-10 4.0475e-10 -1.10619 6.60643e-10 8.21017e-10 0.943856
1777.53 5.45666e-10 4.16673e-10 -1.17131 6.85551e-10 8.42184e-10 0.893671
1778.46 5.2837e-10 4.13202e-10 -1.06775 6.57703e-10 8.04716e-10 0.876129
1779.38 5.19228e-10 4.0652e-10 -1.06276 6.70594e-10 8.24762e-10 0.898692
1780.31 5.23704e-10 4.04168e-10 -1.12524 6.87497e-10 8.52658e-10 0.935044
1781.23 5.1039e-10 4.26372e-10 -0.781134 6.53228e-10 8.70363e-10 1.24636
1782.16 4.87244e-10 4.23256e-10 -0.611435 6.28303e-10 8.53531e-10 1.3305
1783.08 4.84601e-10 4.10164e-10 -0.724264 6.28782e-10 8.16427e-10 1.13417
1784.01 4.92663e-10 4.18626e-10 -0.707237 6.32025e-10 8.11012e-10 1.08293
1784.93 5.16153e-10 4.23788e-10 -0.856297 6.43289e-10 8.49492e-10 1.20753
1785.86 5.29704e-10 4.35006e-10 -0.855377 6.7937e-10 8.75005e-10 1.09904
1786.78 5.20213e-10 4.30773e-10 -0.819327 6.99979e-10 8.78623e-10 0.987178
1787.71 5.30416e-10 4.13807e-10 -1.07819 6.48891e-10 8.57862e-10 1.21246
1788.63 5.43702e-10 4.34027e-10 -0.978442 6.54159e-10 8.04342e-10 0.897577
1789.56 5.308e-10 4.27555e-10 -0.939391 6.65744e-10 8.48699e-10 1.05446
1790.48 5.00542e-10 4.47589e-10 -0.485612 6.65896e-10 8.23968e-10 0.92504
1791.41 5.22166e-10 4.40005e-10 -0.743514 6.81647e-10 8.70789e-10 1.06353
1792.33 5.43403e-10 4.18453e-10 -1.13475 6.92976e-10 8.7328e-10 1.00435
1793.26 5.15057e-10 4.1545e-10 -0.933364 6.69787e-10 8.37093e-10 0.968369
1794.18 4.8849e-10 4.27315e-10 -0.581073 6.46729e-10 8.38947e-10 1.13012
1795.11 4.98104e-10 4.05714e-10 -0.891004 6.59835e-10 8.58095e-10 1.141
1796.03 5.19922e-10 4.11259e-10 -1.01822 6.71375e-10 8.55356e-10 1.05182
1796.96 5.23887e-10 4.29218e-10 -0.865596 6.6292e-10 8.02439e-10 0.829511
1797.88 5.02576e-10 4.30175e-10 -0.675564 6.79193e-10 8.14531e-10 0.789145
1798.81 5.11363e-10 4.23147e-10 -0.822377 6.73305e-10 8.82217e-10 1.17363
1799.73 5.30524e-10 4.07196e-10 -1.14901 6.46255e-10 8.42328e-10 1.15077
1800.66 5.08079e-10 4.15037e-10 -0.878441 6.56904e-10 8.65489e-10 1.1976
1801.58 4.9916e-10 4.07941e-10 -0.876424 6.71794e-10 8.80509e-10 1.17497
1802.51 5.07354e-10 4.14706e-10 -0.87571 6.64942e-10 8.80223e-10 1.21809
1803.43 4.90017e-10 4.49385e-10 -0.375929 6.63067e-10 8.55389e-10 1.10606
1804.36 5.02448e-10 4.37326e-10 -0.602857 7.02385e-10 8.22667e-10 0.686486
1805.28 5.09615e-10 4.09668e-10 -0.948098 7.07318e-10 8.48001e-10 0.787818
1806.2 5.04186e-10 4.14606e-10 -0.849549 6.99144e-10 8.31235e-10 0.751575
1807.13 5.11066e-10 4.39263e-10 -0.657526 6.80513e-10 8.33321e-10 0.879759
1808.05 5.04107e-10 4.50389e-10 -0.489353 6.57148e-10 8.68967e-10 1.2134
1808.98 5.02924e-10 4.36963e-10 -0.610578 6.7018e-10 8.67442e-10 1.12049
1809.9 5.09335e-10 4.33558e-10 -0.699563 6.75391e-10 8.62153e-10 1.06029
1810.83 5.09324e-10 4.07967e-10 -0.963695 6.82828e-10 8.29776e-10 0.846498
1811.75 5.15329e-10 3.94747e-10 -1.15766 7.16246e-10 8.70606e-10 0.847597
1812.68 5.65736e-10 3.96778e-10 -1.54066 6.99202e-10 8.47716e-10 0.836476
1813.6 5.54569e-10 4.23267e-10 -1.17341 6.72682e-10 8.38536e-10 0.957117
1814.53 5.28378e-10 4.38373e-10 -0.811005 6.75872e-10 8.27576e-10 0.879435
1815.45 5.17355e-10 4.10319e-10 -1.00667 6.51317e-10 8.23947e-10 1.02107
1816.38 4.99765e-10 4.14298e-10 -0.814533 6.4848e-10 8.30563e-10 1.07476
1817.3 5.18224e-10 4.01537e-10 -1.10792 6.72251e-10 8.10131e-10 0.810236
1818.23 4.99986e-10 4.38222e-10 -0.572637 6.63427e-10 8.37039e-10 1.00953
1819.15 4.71931e-10 4.25769e-10 -0.447046 6.60673e-10 8.44381e-10 1.06552
1820.08 5.08998e-10 4.11533e-10 -0.923111 7.1163e-10 8.49395e-10 0.768557
1821 5.23955e-10 4.12467e-10 -1.03905 6.95077e-10 8.71958e-10 0.984627
1821.93 5.51239e-10 4.3407e-10 -1.0378 6.6651e-10 8.66235e-10 1.13829
1822.85 5.55684e-10 4.1289e-10 -1.28994 7.07174e-10 8.6987e-10 0.899282
1823.78 5.3089e-10 3.97451e-10 -1.25721 6.94248e-10 8.62705e-10 0.943474
1824.7 5.10541e-10 3.94962e-10 -1.11476 6.7167e-10 8.3893e-10 0.965696
1825.63 5.13205e-10 4.13255e-10 -0.940728 6.49933e-10 8.60005e-10 1.21632
1826.55 5.24581e-10 4.16896e-10 -0.997852 6.44587e-10 8.60388e-10 1.25413
1827.48 5.24686e-10 3.97854e-10 -1.20176 6.45893e-10 8.34998e-10 1.11525
1828.4 5.27598e-10 4.12959e-10 -1.06396 6.63956e-10 8.48146e-10 1.06332
1829.33 5.31962e-10 4.47136e-10 -0.754413 6.83507e-10 8.60026e-10 0.997688
1830.25 5.39787e-10 4.23121e-10 -1.05758 6.95712e-10 8.54986e-10 0.895296
1831.18 5.12837e-10 4.26172e-10 -0.803944 7.06367e-10 8.5258e-10 0.817048
1832.1 5.05881e-10 4.26069e-10 -0.745685 7.00378e-10 8.77922e-10 0.981236
1833.03 5.49068e-10 4.50928e-10 -0.855188 6.76014e-10 8.71957e-10 1.1054
1833.95 5.36895e-10 4.62553e-10 -0.647282 6.92228e-10 8.14242e-10 0.705047
1834.87 5.28598e-10 4.24951e-10 -0.947866 6.79219e-10 8.25972e-10 0.849557
1835.8 5.26616e-10 4.24788e-10 -0.933216 6.77132e-10 8.51994e-10 0.997634
1836.72 5.11786e-10 4.06839e-10 -0.996662 7.39087e-10 7.9803e-10 0.333234
1837.65 4.89306e-10 4.23416e-10 -0.628134 6.83081e-10 8.16103e-10 0.77273
1838.57 5.02404e-10 4.18766e-10 -0.790813 6.3521e-10 8.80046e-10 1.41588
1839.5 5.25655e-10 4.35713e-10 -0.815 6.42071e-10 8.64506e-10 1.29185
1840.42 5.0447e-10 4.02821e-10 -0.977232 6.6597e-10 8.38903e-10 1.00257
1841.35 4.9357e-10 4.27748e-10 -0.621604 6.51014e-10 8.74568e-10 1.28204
1842.27 5.04728e-10 4.1955e-10 -0.802736 6.46561e-10 8.87689e-10 1.37652
1843.2 5.13712e-10 4.00452e-10 -1.08169 6.60747e-10 8.98217e-10 1.33346
1844.12 5.08132e-10 4.42609e-10 -0.599563 6.64051e-10 9.10965e-10 1.373
1845.05 4.90621e-10 4.27045e-10 -0.602729 6.55962e-10 8.81035e-10 1.28115
1845.97 5.07941e-10 4.16833e-10 -0.858515 6.70599e-10 9.03982e-10 1.29697
1846.9 5.19561e-10 4.27823e-10 -0.843728 6.65054e-10 9.12421e-10 1.37338
1847.82 5.56357e-10 4.26525e-10 -1.15409 6.80638e-10 8.72882e-10 1.08039
1848.75 5.78349e-10 4.35763e-10 -1.2294 6.97858e-10 8.26975e-10 0.737252
1849.67 5.78704e-10 4.22098e-10 -1.37043 6.71062e-10 8.43347e-10 0.992436
1850.6 5.68436e-10 4.43038e-10 -1.0824 6.63183e-10 8.75247e-10 1.20498
1851.52 5.37576e-10 4.40969e-10 -0.860315 6.43753e-10 8.60062e-10 1.2581
1852.45 5.32209e-10 4.10403e-10 -1.12871 6.79257e-10 8.1798e-10 0.807083
1853.37 5.13664e-10 3.99241e-10 -1.09444 6.66849e-10 8.29152e-10 0.946067
1854.3 5.03509e-10 3.97196e-10 -1.03002 6.50791e-10 8.34159e-10 1.07807
1855.22 5.0857e-10 4.2757e-10 -0.753437 6.42021e-10 8.53718e-10 1.23765
1856.15 5.05708e-10 4.1538e-10 -0.854544 6.7321e-10 8.72919e-10 1.12824
1857.07 5.23586e-10 4.11357e-10 -1.04769 6.8001e-10 8.57203e-10 1.00569
1858 5.60367e-10 4.21417e-10 -1.23761 6.93392e-10 8.53106e-10 0.900241
1858.92 5.46706e-10 4.2477e-10 -1.096 6.665e-10 8.81852e-10 1.21596
1859.85 5.06497e-10 4.04715e-10 -0.974273 6.49102e-10 8.50087e-10 1.17151
1860.77 5.11764e-10 4.04353e-10 -1.02309 6.93976e-10 8.53216e-10 0.897144
1861.69 5.25349e-10 4.45926e-10 -0.711852 7.05607e-10 8.63522e-10 0.877104
1862.62 5.25728e-10 4.05655e-10 -1.12605 6.93704e-10 8.5771e-10 0.921663
1863.54 5.10594e-10 4.03106e-10 -1.02656 6.78752e-10 8.61509e-10 1.03549
1864.47 5.20901e-10 4.26754e-10 -0.865774 6.71845e-10 8.56315e-10 1.05364
1865.39 5.06415e-10 4.14097e-10 -0.874045 6.69272e-10 8.44636e-10 1.01067
1866.32 5.00347e-10 4.07788e-10 -0.888368 6.69276e-10 8.70681e-10 1.14254
1867.24 5.03912e-10 4.1265e-10 -0.86773 6.93263e-10 8.36944e-10 0.817982
1868.17 4.93576e-10 3.99326e-10 -0.920264 6.96411e-10 8.38922e-10 0.808559
1869.09 4.92633e-10 4.10032e-10 -0.797055 6.54987e-10 8.43012e-10 1.09601
1870.02 5.08093e-10 4.04801e-10 -0.987018 6.48186e-10 8.03303e-10 0.9318
1870.94 5.19357e-10 4.14651e-10 -0.977831 6.72828e-10 8.80363e-10 1.16758
1871.87 5.19267e-10 4.30564e-10 -0.813526 6.9295e-10 9.47313e-10 1.35792
1872.79 5.18133e-10 4.08525e-10 -1.03223 6.82756e-10 9.01791e-10 1.2084
1873.72 5.06664e-10 4.1338e-10 -0.883704 6.7106e-10 9.13333e-10 1.33868
1874.64 5.22944e-10 4.32101e-10 -0.828696 6.82765e-10 9.49776e-10 1.4335
1875.57 5.29874e-10 4.23771e-10 -0.970412 6.83434e-10 8.58967e-10 0.992799
1876.49 5.17364e-10 4.06809e-10 -1.04405 6.98679e-10 8.53722e-10 0.870385
1877.42 4.95916e-10 4.07067e-10 -0.857421 6.64701e-10 8.68263e-10 1.16025
1878.34 5.00146e-10 4.22386e-10 -0.733875 6.65647e-10 8.64427e-10 1.13484
1879.27 5.03214e-10 4.23435e-10 -0.749663 6.39906e-10 8.66504e-10 1.31655
1880.19 5.12318e-10 3.96936e-10 -1.10819 6.53347e-10 8.70975e-10 1.24862
1881.12 5.45731e-10 4.22222e-10 -1.11438 7.01368e-10 9.05055e-10 1.10729
1882.04 5.35575e-10 4.28047e-10 -0.973285 6.93201e-10 8.94847e-10 1.1089
1882.97 4.93329e-10 4.01193e-10 -0.897837 6.49888e-10 8.28044e-10 1.05215
1883.89 4.99245e-10 4.07488e-10 -0.881991 6.58468e-10 8.3636e-10 1.03859
1884.82 4.9798e-10 4.27125e-10 -0.666566 6.61925e-10 8.5141e-10 1.0933
1885.74 5.10742e-10 4.3231e-10 -0.724059 6.53258e-10 8.28535e-10 1.03226
1886.67 5.32355e-10 4.18975e-10 -1.04014 6.57652e-10 8.70156e-10 1.21601
1887.59 5.5584e-10 4.34827e-10 -1.06634 6.463e-10 9.08671e-10 1.47972
1888.52 5.45677e-10 4.37714e-10 -0.957452 6.41192e-10 8.34591e-10 1.14486
1889.44 5.30947e-10 4.37022e-10 -0.845475 6.61955e-10 8.64116e-10 1.15744
1890.36 5.19802e-10 4.17588e-10 -0.950899 6.72506e-10 8.83664e-10 1.18591
1891.29 5.00862e-10 3.89932e-10 -1.08729 6.70046e-10 8.50659e-10 1.03651
1892.21 5.14672e-10 4.04184e-10 -1.04951 6.94847e-10 8.08698e-10 0.658971
1893.14 5.26054e-10 4.13115e-10 -1.04959 6.93812e-10 8.20828e-10 0.730102
1894.06 2.97021e-10 2.10042e-10 -1.50482 3.8382e-10 4.57188e-10 0.759669
