# fs_open=3788.23 fs_closed=3787.03 nfft=4096 open_s=500 closed_s=500 labels=y,x
# start=2026-07-30 15:42:44
# pixel_scale=15.5
# stat 0 0.118291 0.0610108 -0.000113615 0.00804521
# stat 1 0.0689806 0.0277035 -0.00017535 0.00628915
# config ATTENUATION PAR-2 -- second closed-loop attenuation run through the PARPORT DAC (TI DAC81404 over the StarTech PEX1P2 / AX99100 PCIe parallel card, spi link, mmio backend), replacing the DAQC2/BRIDGEplate serial path used by every previous attenuation run.
# config TRANSPORT: bit-banged 24-bit SPI, ~6.4 us per channel update (~12.8 us for both channels), against the BRIDGEplate's ~0.5-1.4 ms. DAC range is FIXED at +-5 V bipolar (153 uV/LSB) with the mirror parked at 0 V, matching the bode sweeps exactly; auto-ranging is off, so the actuator is a fixed-gain element for both phases of the A/B and the open/closed comparison is clean. Supplies +/-12 V: AVDD needs VMAX+1.5 = 11.5 V for +-10, AVSS -11.5 V, leaving only 0.5 V of margin -- meter the rails under load. AVSS is therefore NEGATIVE, not grounded, which means the 0-5 base range runs outside the AVSS = 0 V condition SLASEH2A 7.5 gives the unipolar figures at (see _avss_tradeoff); 16-bit = 76 uV/LSB in 0-5, 305 uV/LSB in +-10, vs the BRIDGEplate's 12-bit 1 mV.
# config OUTPUTS: two channels, no coarse stage -- ch0 = y/tip (+1.0 V/unit), ch1 = x/tilt (-1.0 V/unit), offset 0 V, symmetric command bounds +-1 V (59 px of authority against a +-16 px ROI; the mirror's full range is deliberately NOT given to the loop on this first run). NOTE the command->FSM voltage mapping is NOT the same as any previous attenuation run, so K is not comparable across the transport change and was re-measured -- and it came out 4.7-5.5x HIGHER, not lower as this file originally predicted, so nothing about the piplate-era gains carries over.
# config Camera/CoM: 32x32 ROI start_x 1840 / start_y 680, exposure 50, gain 100, bw 100, 20x20 tracked window thr 5 (the camera is now shrouded, so the background floor no longer needs a high threshold).
# config FSP: broad_order 128, broad_mu .005 (the attenuation12 point; run 1 used the superseded attenuation11 512/.03), broad_lp 5 (retuned: the shorter delay moved the regeneration band from ~325 Hz to ~700 Hz); adapt_period 8, adapt_tau 5. Guard ON (guard_ratio 4). Cold-start observer: pass_open false + broad_freeze_closed false, so no weight is derived from open-loop data; drift_tau and the transient path are OFF. Modal freqs re-derived from run 1's own open PSD (8-mode cap), though they are inert while broad_order > 0.
# config RUN 1 RESULT TO BEAT (attenuation_par_fsp1, same config except 512/.03): y 0.518 -> 0.0804 px, x 0.496 -> 0.0966 px; 60-150 Hz only 1.5x and the largest closed contributor on both axes; waterbed 3.4-3.5x at 195-250 Hz; no regeneration (400-800 Hz = 0.0% of command power).
# config DELAY AND K: BOTH re-fit for this transport 2026-07-30 from conf_bode_par_x/y.json (+/-100 mV sweep, full-band 5-300 Hz phase slope for tau, <=30 Hz plateau for K). Kx 3.787 +/- 0.008, Ky 3.636 +/- 0.005; delay x 2.717 fr, y 2.577 fr at fs 3788. Against the piplate era that is 4.7-5.5x MORE loop gain and LESS THAN HALF the delay -- the shorter delay is the entire reason to expect better rejection here.
# config COMPARE against attenuation_fsp21 and attenuation_fsp15 (run 15: y 0.073 / x 0.168 px): report total and per-band closed RMS, 60-400 Hz waterbed, command/clamp behavior, and transient activation count on the shared 500/500/4096 grid. Closed RMS in PIXELS remains comparable across the change; command units do not. refs: Kulcsar 2006 / Petit 2008 / Meimon 2010 / Correia 2010
# freq_Hz psd_open_0 psd_closed_0 atten_dB_0 psd_open_1 psd_closed_1 atten_dB_1
0 3.68814e-06 4.2672e-09 -29.3666 1.91047e-06 2.09941e-09 -29.5904
0.924567 9.51756e-06 3.37261e-09 -34.5056 9.75418e-06 5.24313e-09 -32.696
1.84913 4.71707e-06 1.25697e-09 -35.7435 4.82425e-06 4.75889e-09 -30.0592
2.7737 1.23089e-06 1.10972e-09 -30.4501 1.22257e-06 4.3429e-09 -24.4949
3.69827 1.62298e-06 2.24648e-09 -28.5881 5.27009e-07 3.41572e-09 -21.8834
4.62284 9.26374e-05 7.1312e-08 -31.1362 1.48401e-05 4.26461e-09 -35.4156
5.5474 0.000984269 7.98903e-07 -30.9062 0.000137288 2.75634e-08 -36.973
6.47197 0.000670452 5.42834e-07 -30.917 9.94379e-05 3.10401e-08 -35.0563
7.39654 3.93869e-05 2.50007e-08 -31.974 1.47463e-05 3.14991e-08 -26.7039
8.3211 5.5836e-06 1.79014e-07 -14.9403 1.39025e-05 3.09512e-07 -16.5241
9.24567 8.66884e-06 8.66455e-07 -10.0021 2.97399e-05 8.23176e-07 -15.5785
10.1702 5.67526e-06 6.37622e-07 -9.49422 1.24705e-05 4.56262e-07 -14.3667
11.0948 3.83906e-06 6.53172e-07 -7.69197 7.83542e-06 4.5571e-07 -12.3537
12.0194 1.18309e-05 2.39091e-06 -6.94456 1.91194e-05 1.24267e-06 -11.8712
12.9439 5.63372e-06 1.04999e-06 -7.2961 1.92272e-05 8.71236e-07 -13.4378
13.8685 7.69866e-07 7.77957e-08 -9.95459 8.43836e-06 2.84474e-07 -14.7222
14.7931 2.70091e-07 2.63375e-08 -10.1094 1.92007e-06 5.88774e-08 -15.1337
15.7176 2.87852e-07 3.23081e-08 -9.49859 1.05161e-06 2.66658e-08 -15.959
16.6422 7.38349e-07 7.28374e-08 -10.0591 5.65163e-07 1.22303e-08 -16.6474
17.5668 1.43602e-06 1.27892e-07 -10.5032 9.29996e-07 1.60367e-08 -17.6337
18.4913 7.46788e-06 3.73736e-07 -13.0063 6.57633e-06 3.93017e-08 -22.2357
19.4159 2.97505e-05 1.40004e-06 -13.2735 2.62052e-05 1.39624e-07 -22.7343
20.3405 4.37118e-05 1.27826e-06 -15.3398 3.1152e-05 1.14926e-07 -24.3307
21.265 0.000141376 2.87498e-06 -16.9174 9.72028e-05 2.4948e-07 -25.9064
22.1896 6.41778e-05 9.85497e-07 -18.1373 4.23223e-05 1.56182e-07 -24.3294
23.1142 2.22386e-05 1.26433e-07 -22.4525 8.91314e-06 8.83298e-08 -20.0392
24.0387 1.03272e-05 5.57542e-08 -22.677 2.26488e-06 6.80948e-08 -15.2193
24.9633 1.43067e-05 2.1803e-07 -18.1702 2.58069e-06 1.36314e-07 -12.772
25.8879 2.47684e-05 7.22718e-07 -15.3493 4.67622e-06 3.00276e-07 -11.9237
26.8124 3.59178e-05 2.06033e-06 -12.4137 5.81527e-06 5.86938e-07 -9.95978
27.737 3.25014e-05 2.33873e-06 -11.4292 4.05314e-06 5.0102e-07 -9.07937
28.6616 1.65245e-05 1.69565e-06 -9.88794 1.36549e-06 2.01682e-07 -8.30622
29.5861 3.69093e-05 5.2716e-06 -8.45193 2.799e-06 5.89936e-07 -6.76198
30.5107 1.26761e-05 1.83651e-06 -8.38993 1.12463e-06 2.27981e-07 -6.9311
31.4353 1.68031e-07 3.20334e-08 -7.19787 7.97963e-08 9.77982e-09 -9.11652
32.3598 8.21193e-08 2.3599e-08 -5.41551 7.67426e-08 1.16399e-08 -8.19089
33.2844 6.34757e-08 2.05823e-08 -4.89114 7.59249e-08 1.32063e-08 -7.59602
34.209 5.44585e-08 2.46995e-08 -3.43377 9.65604e-08 2.34442e-08 -6.14764
35.1335 1.48336e-07 7.4561e-08 -2.98735 4.22051e-07 1.28568e-07 -5.16232
36.0581 1.4056e-07 6.96027e-08 -3.05234 4.28085e-07 1.26142e-07 -5.3067
36.9827 7.09516e-08 3.96086e-08 -2.53173 1.41947e-07 3.90418e-08 -5.60596
37.9072 2.18058e-07 1.63026e-07 -1.26316 2.94635e-07 1.4333e-07 -3.12945
38.8318 1.18296e-06 9.07456e-07 -1.15144 1.02827e-06 5.70356e-07 -2.55962
39.7564 1.96562e-06 1.60239e-06 -0.887312 1.2401e-06 7.51033e-07 -2.17796
40.681 1.82199e-06 1.43635e-06 -1.03286 9.51039e-07 5.34699e-07 -2.50089
41.6055 1.38029e-06 1.02728e-06 -1.28284 4.98136e-07 2.65262e-07 -2.73673
42.5301 3.68839e-07 2.64891e-07 -1.4377 1.48656e-07 6.58135e-08 -3.53867
43.4547 7.56271e-08 6.46139e-08 -0.683514 5.50259e-08 1.70124e-08 -5.09802
44.3792 1.07203e-07 7.59996e-08 -1.49398 4.35438e-08 1.1238e-08 -5.88236
45.3038 1.38471e-07 8.99037e-08 -1.87582 4.428e-08 1.05546e-08 -6.22767
46.2284 1.56886e-07 9.49849e-08 -2.17931 5.38649e-08 1.30856e-08 -6.14514
47.1529 1.57377e-07 9.42861e-08 -2.22493 7.22601e-08 1.60033e-08 -6.5469
48.0775 1.52955e-07 9.62426e-08 -2.01197 9.83706e-08 2.60448e-08 -5.77144
49.0021 1.06081e-07 6.03094e-08 -2.45252 1.28187e-07 3.41591e-08 -5.74338
49.9266 6.60047e-08 2.50872e-08 -4.20123 1.43089e-07 3.16998e-08 -6.54551
50.8512 1.42715e-07 4.48804e-08 -5.02412 1.44532e-07 2.45803e-08 -7.69377
51.7758 1.67978e-06 3.5792e-07 -6.71466 3.68072e-07 5.66896e-08 -8.12429
52.7003 2.86056e-06 5.47747e-07 -7.1787 5.14433e-07 7.40126e-08 -8.42023
53.6249 6.97529e-07 1.10405e-07 -8.00574 9.45816e-08 1.19456e-08 -8.98599
54.5495 2.00483e-07 2.00993e-08 -9.98896 3.13451e-08 2.41665e-09 -11.1296
55.474 1.56739e-07 4.33573e-09 -15.5811 3.09366e-08 2.44308e-09 -11.0254
56.3986 4.06081e-06 3.07655e-08 -21.2055 2.36835e-07 4.52016e-08 -7.19292
57.3232 9.14979e-05 6.54852e-07 -21.4527 4.8207e-06 9.6962e-07 -6.96508
58.2477 9.6009e-05 7.13372e-07 -21.29 5.04555e-06 9.90928e-07 -7.06866
59.1723 1.30336e-05 3.22427e-07 -16.0663 6.46057e-07 1.85391e-07 -5.42183
60.0969 3.46538e-06 1.57933e-07 -13.4128 1.82808e-07 6.37921e-08 -4.57228
61.0214 1.01193e-06 1.12341e-07 -9.54613 6.17732e-08 2.2807e-08 -4.32732
61.946 1.49014e-06 2.45407e-07 -7.8334 6.67524e-08 3.3848e-08 -2.94935
62.8706 9.05656e-07 1.84502e-07 -6.90961 5.00293e-08 2.43407e-08 -3.12892
63.7951 4.11354e-07 1.21454e-07 -5.29802 4.77271e-08 1.70974e-08 -4.45834
64.7197 3.04878e-07 1.00915e-07 -4.80171 4.35484e-08 1.54559e-08 -4.49878
65.6443 1.98178e-07 7.73114e-08 -4.08811 3.10224e-08 1.09885e-08 -4.50737
66.5688 1.70981e-07 8.42e-08 -3.07636 2.73225e-08 8.97559e-09 -4.83458
67.4934 1.96499e-07 1.07564e-07 -2.61694 2.69922e-08 8.60923e-09 -4.96275
68.418 1.64794e-07 9.80963e-08 -2.25289 3.14197e-08 9.34249e-09 -5.26739
69.3425 1.22865e-07 9.29192e-08 -1.21323 4.09458e-08 1.36829e-08 -4.76033
70.2671 1.54953e-07 1.34752e-07 -0.606657 5.4357e-08 2.14365e-08 -4.04101
71.1917 2.4252e-07 2.35508e-07 -0.127417 8.081e-08 3.82418e-08 -3.24927
72.1162 2.99374e-07 3.15379e-07 0.22618 1.05379e-07 5.64414e-08 -2.71157
73.0408 3.01427e-07 3.36956e-07 0.483918 1.2984e-07 6.60502e-08 -2.93534
73.9654 2.69806e-07 3.13937e-07 0.657907 1.54451e-07 7.86335e-08 -2.93184
74.8899 3.02926e-07 3.68173e-07 0.847162 2.09328e-07 1.05383e-07 -2.98058
75.8145 3.64291e-07 4.43236e-07 0.851869 2.31531e-07 1.11996e-07 -3.15408
76.7391 3.38548e-07 5.12643e-07 1.80194 2.35428e-07 1.1567e-07 -3.08637
77.6636 3.7648e-07 6.23056e-07 2.18785 3.43929e-07 1.43134e-07 -3.80725
78.5882 6.91156e-07 1.13251e-06 2.14466 8.40524e-07 2.79685e-07 -4.7788
79.5128 3.3168e-07 5.31926e-07 2.05132 4.60087e-07 1.2985e-07 -5.49397
80.4373 1.8219e-07 2.74806e-07 1.785 5.57908e-07 9.68673e-08 -7.60386
81.3619 2.28243e-07 3.37128e-07 1.69396 1.02516e-06 1.53881e-07 -8.23606
82.2865 9.433e-08 1.52632e-07 2.08995 1.03323e-06 1.29207e-07 -9.02908
83.211 8.99029e-08 1.02252e-07 0.558983 2.82836e-06 2.95695e-07 -9.80689
84.1356 1.46814e-07 1.2133e-07 -0.827993 4.87265e-06 4.90447e-07 -9.97173
85.0602 1.29699e-07 1.12968e-07 -0.599821 2.52508e-06 2.28671e-07 -10.4306
85.9847 1.23732e-07 1.42072e-07 0.60027 6.22001e-07 5.85088e-08 -10.2657
86.9093 1.907e-07 2.22986e-07 0.679275 2.08918e-07 2.33434e-08 -9.51811
87.8339 2.7042e-07 3.09941e-07 0.592398 1.07782e-07 1.34206e-08 -9.04773
88.7584 3.14414e-07 3.87552e-07 0.908288 7.5071e-08 1.34603e-08 -7.46418
89.683 3.34682e-07 4.1746e-07 0.959825 6.28409e-08 1.4636e-08 -6.32821
90.6076 3.14721e-07 3.4988e-07 0.459926 6.85759e-08 1.91792e-08 -5.53341
91.5321 3.18886e-07 3.20976e-07 0.0283622 9.10866e-08 2.81958e-08 -5.0927
92.4567 4.48025e-07 4.18608e-07 -0.294948 1.41181e-07 5.31098e-08 -4.24603
93.3813 5.82898e-07 5.82994e-07 0.000718237 2.01786e-07 9.82327e-08 -3.12636
94.3058 7.1119e-07 8.43773e-07 0.742401 2.72822e-07 1.85765e-07 -1.66915
95.2304 6.43245e-07 8.25586e-07 1.08386 2.86245e-07 2.32662e-07 -0.900119
96.155 6.13392e-07 7.46399e-07 0.85233 3.25369e-07 2.93486e-07 -0.447899
97.0795 8.03585e-07 9.91018e-07 0.910497 4.76209e-07 4.95815e-07 0.175218
98.0041 3.8565e-07 4.67863e-07 0.839247 3.02272e-07 3.20554e-07 0.255027
98.9287 2.60959e-07 2.35648e-07 -0.443072 2.5546e-07 2.51323e-07 -0.0708979
99.8532 5.17182e-07 4.91178e-07 -0.224044 4.55824e-07 5.64514e-07 0.928773
100.778 1.72602e-07 2.35177e-07 1.34349 1.84927e-07 3.09596e-07 2.23796
101.702 2.57872e-08 2.96872e-08 0.61165 4.1557e-08 5.49157e-08 1.21052
102.627 2.02865e-08 2.67987e-08 1.20905 2.98251e-08 3.58134e-08 0.794633
103.552 3.08907e-08 3.84663e-08 0.95252 2.75947e-08 3.42823e-08 0.942437
104.476 4.29152e-08 4.86289e-08 0.542836 3.01663e-08 3.35459e-08 0.461172
105.401 7.15175e-08 7.58209e-08 0.253766 4.54562e-08 4.95212e-08 0.371973
106.325 1.38821e-07 1.59526e-07 0.603776 1.17785e-07 1.29522e-07 0.412513
107.25 1.88643e-07 2.27207e-07 0.807804 2.60747e-07 2.71364e-07 0.173339
108.174 1.23279e-07 1.3798e-07 0.489254 2.905e-07 2.62132e-07 -0.446261
109.099 5.68478e-08 4.76996e-08 -0.76199 1.74401e-07 1.17982e-07 -1.69731
110.023 5.90712e-08 4.14626e-08 -1.53719 1.20968e-07 5.83927e-08 -3.16312
110.948 8.87652e-08 5.38891e-08 -2.16741 1.18109e-07 3.81815e-08 -4.90432
111.873 6.66133e-08 4.75866e-08 -1.46076 7.79509e-08 2.35994e-08 -5.18921
112.797 2.90863e-07 1.80835e-07 -2.06406 2.25035e-07 4.29104e-08 -7.19689
113.722 2.67295e-06 1.5779e-06 -2.28911 1.80123e-06 3.22295e-07 -7.47316
114.646 2.25738e-06 1.32802e-06 -2.304 1.48262e-06 2.52268e-07 -7.69169
115.571 2.7568e-06 1.53396e-06 -2.54592 1.71955e-06 2.46256e-07 -8.44027
116.495 8.96896e-07 4.5759e-07 -2.92266 6.14658e-07 8.1259e-08 -8.78762
117.42 1.08544e-07 6.55784e-08 -2.18846 1.94784e-07 3.40723e-08 -7.57152
118.345 1.72458e-07 1.1157e-07 -1.89137 2.50939e-07 4.98317e-08 -7.02062
119.269 1.76044e-06 1.03591e-06 -2.30298 1.81378e-06 4.3074e-07 -6.24371
120.194 3.34037e-06 1.95227e-06 -2.33255 3.4532e-06 8.0866e-07 -6.30455
121.118 3.9878e-07 2.39613e-07 -2.21223 4.3177e-07 1.04222e-07 -6.17291
122.043 4.53997e-08 3.68966e-08 -0.900661 5.16638e-08 1.93799e-08 -4.25834
122.967 8.21815e-08 6.97251e-08 -0.713845 5.04873e-08 1.98995e-08 -4.04339
123.892 1.08212e-07 9.7624e-08 -0.447183 5.23954e-08 2.39604e-08 -3.39799
124.817 1.31148e-07 1.28202e-07 -0.0986416 6.55345e-08 3.83153e-08 -2.33098
125.741 9.24375e-08 1.01559e-07 0.408703 5.91578e-08 4.19358e-08 -1.49427
126.666 1.0077e-07 1.39856e-07 1.4235 8.58645e-08 8.23527e-08 -0.18136
127.59 2.26533e-07 3.34591e-07 1.69383 1.8121e-07 1.72543e-07 -0.212858
128.515 1.07092e-07 1.61803e-07 1.7923 9.36715e-08 9.08529e-08 -0.132687
129.439 6.95851e-08 1.20543e-07 2.38626 5.48002e-08 6.78156e-08 0.925472
130.364 7.5557e-08 1.45296e-07 2.83979 4.88589e-08 6.85513e-08 1.47072
131.289 6.86876e-08 1.41947e-07 3.15248 3.79276e-08 5.70162e-08 1.77043
132.213 5.56111e-08 1.24018e-07 3.48323 3.10677e-08 5.65901e-08 2.60432
133.138 3.85308e-08 9.06883e-08 3.71743 2.5295e-08 5.4849e-08 3.36135
134.062 2.8464e-08 7.00058e-08 3.90838 2.27913e-08 5.64213e-08 3.93675
134.987 2.21013e-08 5.78619e-08 4.17974 2.28552e-08 5.8913e-08 4.11226
135.911 1.85071e-08 4.98769e-08 4.3056 2.46948e-08 6.32331e-08 4.08339
136.836 2.16512e-08 5.81145e-08 4.28803 2.91685e-08 7.47777e-08 4.08858
137.76 2.66079e-08 7.294e-08 4.37955 3.59545e-08 8.87512e-08 3.92422
138.685 2.87788e-08 8.19885e-08 4.54681 4.46533e-08 1.01253e-07 3.55556
139.61 4.34757e-08 1.31242e-07 4.79825 6.04191e-08 1.36369e-07 3.53541
140.534 4.34678e-08 1.30947e-07 4.78928 5.78107e-08 1.25309e-07 3.35974
141.459 5.10143e-08 1.42305e-07 4.45528 5.62372e-08 1.05774e-07 2.74357
142.383 8.80446e-08 2.22258e-07 4.02155 1.08338e-07 2.05033e-07 2.77044
143.308 2.07457e-07 4.59062e-07 3.44944 4.34407e-07 8.55442e-07 2.94294
144.232 1.59275e-07 3.62926e-07 3.57671 2.22408e-07 4.27237e-07 2.83518
145.157 1.32722e-07 3.02438e-07 3.57695 9.5317e-08 1.44748e-07 1.81441
146.082 1.38334e-07 3.18511e-07 3.62195 1.18563e-07 1.7258e-07 1.63041
147.006 1.21874e-07 2.6383e-07 3.35411 1.28277e-07 1.92991e-07 1.7739
147.931 8.97298e-08 1.80499e-07 3.03537 1.11706e-07 1.75866e-07 1.97103
148.855 5.68035e-08 1.08711e-07 2.81898 7.24627e-08 1.19147e-07 2.1597
149.78 3.33786e-08 6.04495e-08 2.57924 4.02675e-08 7.04156e-08 2.42713
150.704 2.38173e-08 4.36851e-08 2.6344 2.66186e-08 4.89802e-08 2.64836
151.629 2.06408e-08 3.81391e-08 2.66644 1.78833e-08 3.5121e-08 2.93118
152.554 1.71311e-08 3.15293e-08 2.64929 1.26799e-08 2.76346e-08 3.38338
153.478 1.74867e-08 3.30412e-08 2.76347 1.24655e-08 3.19956e-08 4.09381
154.403 1.92674e-08 3.52733e-08 2.62624 1.40352e-08 4.10003e-08 4.65569
155.327 1.46998e-08 2.9485e-08 3.02288 1.49188e-08 5.34052e-08 5.53849
156.252 1.2066e-08 2.37257e-08 2.93657 1.594e-08 6.04136e-08 5.78646
157.176 1.15227e-08 2.52955e-08 3.4149 2.11827e-08 8.52184e-08 6.04551
158.101 8.13192e-09 1.9444e-08 3.78592 1.71843e-08 7.36801e-08 6.32217
159.026 5.51883e-09 1.53809e-08 4.45135 1.28438e-08 6.30527e-08 6.91011
159.95 5.43283e-09 1.58699e-08 4.65547 1.07518e-08 5.88919e-08 7.38573
160.875 6.36061e-09 1.64831e-08 4.13539 1.01908e-08 6.255e-08 7.8802
161.799 5.99266e-09 1.65953e-08 4.42365 9.75305e-09 7.81071e-08 9.0355
162.724 1.63007e-08 4.87958e-08 4.76176 2.87968e-08 2.48709e-07 9.36346
163.648 2.18007e-08 5.88582e-08 4.31337 3.94337e-08 3.20728e-07 9.10269
164.573 6.48062e-09 1.62928e-08 4.00379 1.38501e-08 1.27803e-07 9.65088
165.498 4.79945e-09 1.23326e-08 4.09864 1.20368e-08 1.40592e-07 10.6745
166.422 4.4735e-09 1.21669e-08 4.34532 1.42342e-08 1.74041e-07 10.8732
167.347 4.03085e-09 1.10631e-08 4.38482 1.44729e-08 1.77856e-07 10.8951
168.271 3.41301e-09 9.21326e-09 4.31275 1.30887e-08 1.65115e-07 11.0089
169.196 3.34733e-09 8.10672e-09 3.84147 1.14574e-08 1.40197e-07 10.8765
170.12 3.10459e-09 7.74589e-09 3.97067 1.0272e-08 1.23633e-07 10.8048
171.045 1.18915e-08 3.05662e-08 4.10003 1.37555e-08 1.39411e-07 10.0582
171.969 1.80239e-08 4.79056e-08 4.24538 1.61292e-08 1.55707e-07 9.84697
172.894 9.10139e-09 2.33616e-08 4.09396 1.01208e-08 1.16456e-07 10.6095
173.819 8.52979e-09 2.07299e-08 3.8566 9.91473e-09 1.18996e-07 10.7925
174.743 4.96358e-09 1.55555e-08 4.96089 1.29873e-08 1.58601e-07 10.8679
175.668 1.89168e-08 4.71505e-08 3.96638 4.61803e-08 4.05843e-07 9.43902
176.592 1.52258e-08 3.90522e-08 4.09067 3.67922e-08 3.3003e-07 9.52797
177.517 1.08846e-08 1.81222e-08 2.214 1.99706e-08 1.41729e-07 8.51066
178.441 6.6308e-09 1.2788e-08 2.85238 1.28993e-08 9.94299e-08 8.8695
179.366 2.67223e-09 8.83667e-09 5.19414 8.60625e-09 1.04374e-07 10.8378
180.291 2.92424e-09 7.82601e-09 4.27528 9.9792e-09 8.47771e-08 9.29183
181.215 2.12571e-09 5.55179e-09 4.16929 6.57586e-09 5.04378e-08 8.84804
182.14 1.82033e-09 4.97918e-09 4.37007 5.90288e-09 5.24253e-08 9.48477
183.064 1.69555e-09 4.77909e-09 4.50034 6.05529e-09 5.41857e-08 9.51749
183.989 1.48701e-09 4.17608e-09 4.48454 6.06903e-09 5.27855e-08 9.39395
184.913 1.41376e-09 3.52927e-09 3.97311 5.66352e-09 5.48186e-08 9.85841
185.838 1.35985e-09 3.26323e-09 3.80157 5.59389e-09 5.77e-08 10.1346
186.763 1.35612e-09 3.43399e-09 4.03499 5.36508e-09 6.17728e-08 10.6122
187.687 1.47325e-09 3.44421e-09 3.68815 5.38204e-09 6.86524e-08 11.0571
188.612 1.27724e-09 3.11492e-09 3.87176 6.00183e-09 8.14878e-08 11.3281
189.536 1.262e-09 3.234e-09 4.08679 6.04612e-09 8.57504e-08 11.5176
190.461 1.16988e-09 3.06031e-09 4.17626 4.75226e-09 7.8295e-08 12.1683
191.385 1.18673e-09 2.85603e-09 3.8141 4.57212e-09 8.48776e-08 12.6868
192.31 1.19809e-09 2.84251e-09 3.75213 4.60002e-09 9.44414e-08 13.124
193.235 1.16276e-09 2.95322e-09 4.04805 4.30011e-09 1.01185e-07 13.7164
194.159 1.05349e-09 2.78944e-09 4.22885 4.15112e-09 1.12097e-07 14.3143
195.084 1.07239e-09 2.7711e-09 4.12299 4.16551e-09 1.23721e-07 14.7277
196.008 1.1682e-09 2.7622e-09 3.73738 3.96646e-09 1.31501e-07 15.2052
196.933 1.25524e-09 2.97441e-09 3.74673 3.95263e-09 1.35393e-07 15.3471
197.857 1.31576e-09 3.35118e-09 4.0602 3.71832e-09 1.45425e-07 15.9229
198.782 1.36922e-09 3.56428e-09 4.15499 3.57036e-09 1.4903e-07 16.2056
199.706 1.30129e-09 3.48047e-09 4.27264 3.36203e-09 1.4437e-07 16.3288
200.631 1.24628e-09 3.57133e-09 4.57215 3.27288e-09 1.52223e-07 16.6755
201.556 1.34272e-09 3.74134e-09 4.45042 3.37465e-09 1.56613e-07 16.666
202.48 1.40388e-09 3.88776e-09 4.42369 3.48022e-09 1.59794e-07 16.6195
203.405 1.45015e-09 3.79031e-09 4.17261 3.44998e-09 1.46846e-07 16.2905
204.329 1.3042e-09 3.45133e-09 4.22641 3.38237e-09 1.22621e-07 15.5934
205.254 1.20055e-09 3.21103e-09 4.27264 3.52671e-09 1.11159e-07 14.9857
206.178 1.22107e-09 3.16503e-09 4.13636 3.42508e-09 1.00108e-07 14.658
207.103 1.28898e-09 3.50746e-09 4.34746 3.3318e-09 8.79672e-08 14.2164
208.028 1.35769e-09 3.696e-09 4.34931 3.23636e-09 8.32257e-08 14.102
208.952 1.44291e-09 3.64701e-09 4.02697 3.18368e-09 7.66735e-08 13.8172
209.877 1.34726e-09 3.48662e-09 4.12953 3.0921e-09 7.42017e-08 13.8016
210.801 1.38253e-09 3.65512e-09 4.22228 3.08109e-09 7.35528e-08 13.779
211.726 1.40855e-09 3.61708e-09 4.09587 3.08134e-09 7.00471e-08 13.5665
212.65 1.54324e-09 3.63638e-09 3.72237 3.03656e-09 7.0082e-08 13.6323
213.575 1.67806e-09 3.89433e-09 3.65626 2.96332e-09 6.97254e-08 13.7161
214.5 1.81361e-09 4.19375e-09 3.6406 3.10627e-09 7.14362e-08 13.6168
215.424 2.2278e-09 4.43101e-09 2.98627 3.17025e-09 7.34522e-08 13.6491
216.349 1.94454e-09 3.95106e-09 3.07897 2.93089e-09 6.88171e-08 13.707
217.273 1.46952e-09 3.23956e-09 3.43311 2.81339e-09 7.00089e-08 13.9592
218.198 1.18874e-09 2.6996e-09 3.56214 2.94123e-09 7.07196e-08 13.8101
219.122 1.16999e-09 2.74505e-09 3.7037 2.82594e-09 6.9626e-08 13.9161
220.047 1.49949e-09 3.72664e-09 3.95374 2.81824e-09 6.98172e-08 13.9398
220.972 4.21149e-09 1.04266e-08 3.93705 2.83271e-09 7.4043e-08 14.1728
221.896 1.05968e-08 2.48248e-08 3.69713 2.98942e-09 8.51949e-08 14.5483
222.821 8.18447e-09 1.94483e-08 3.7589 3.03339e-09 9.46919e-08 14.9439
223.745 5.27337e-09 1.22071e-08 3.64523 2.90287e-09 9.83152e-08 15.2979
224.67 4.10678e-09 1.01223e-08 3.91779 2.92382e-09 1.02581e-07 15.4512
225.594 2.99713e-09 7.59371e-09 4.03748 2.77625e-09 1.10147e-07 15.9851
226.519 2.72412e-09 7.18185e-09 4.21011 2.81725e-09 1.18169e-07 16.2268
227.443 6.31518e-09 1.51177e-08 3.791 2.89003e-09 1.22599e-07 16.2758
228.368 7.02169e-09 1.68168e-08 3.79302 2.86149e-09 1.20754e-07 16.2531
229.293 2.30193e-09 6.26628e-09 4.34918 2.65644e-09 1.27257e-07 16.8038
230.217 2.23169e-09 5.4067e-09 3.84299 2.50266e-09 1.28682e-07 17.1112
231.142 3.16877e-09 6.60603e-09 3.1905 2.56004e-09 1.19567e-07 16.6937
232.066 3.15696e-09 7.45372e-09 3.73103 2.52755e-09 1.03668e-07 16.1295
232.991 6.27689e-09 1.49539e-08 3.7701 2.54986e-09 9.54646e-08 15.7333
233.915 3.98037e-09 1.00419e-08 4.01893 2.59237e-09 8.99487e-08 15.403
234.84 2.6442e-09 6.5834e-09 3.96155 2.57894e-09 7.85682e-08 14.8381
235.765 2.59266e-09 6.00739e-09 3.6494 2.61053e-09 7.58208e-08 14.6306
236.689 4.21692e-09 8.38935e-09 2.98733 2.62369e-09 6.80876e-08 14.1415
237.614 3.289e-09 6.573e-09 3.007 2.45047e-09 6.09644e-08 13.9583
238.538 2.62221e-09 5.75677e-09 3.41511 2.52804e-09 6.41297e-08 14.0427
239.463 2.10962e-08 4.75438e-08 3.52889 3.35307e-09 7.76144e-08 13.645
240.387 2.17321e-08 4.84797e-08 3.48458 3.33825e-09 7.90111e-08 13.7417
241.312 2.61875e-09 5.77442e-09 3.43415 2.62148e-09 6.07287e-08 13.6485
242.237 1.65025e-09 3.72262e-09 3.53297 2.56051e-09 5.7611e-08 13.5218
243.161 1.51198e-09 3.30934e-09 3.40197 2.54419e-09 5.64722e-08 13.4628
244.086 1.47468e-09 3.14681e-09 3.29173 2.56591e-09 5.88896e-08 13.608
245.01 1.46382e-09 3.04787e-09 3.18508 2.3747e-09 6.34818e-08 14.2704
245.935 1.27142e-09 2.8241e-09 3.4659 2.32753e-09 6.38129e-08 14.3801
246.859 1.22223e-09 2.56635e-09 3.22162 2.20773e-09 6.6823e-08 14.8098
247.784 1.05904e-09 2.32966e-09 3.4238 2.28723e-09 6.6851e-08 14.658
248.709 9.77985e-10 2.22731e-09 3.57448 2.42576e-09 6.61886e-08 14.3593
249.633 9.1406e-10 2.09229e-09 3.59647 2.40557e-09 6.76943e-08 14.4933
250.558 9.04214e-10 2.0418e-09 3.53742 2.26275e-09 6.89349e-08 14.838
251.482 9.13509e-10 2.00347e-09 3.41071 2.25954e-09 7.89457e-08 15.4331
252.407 8.01524e-10 1.96449e-09 3.89334 2.3229e-09 8.22345e-08 15.4902
253.331 7.69403e-10 1.87447e-09 3.86724 2.28177e-09 8.1828e-08 15.5463
254.256 7.24311e-10 1.88526e-09 4.15447 2.22198e-09 8.45417e-08 15.8033
255.181 7.27692e-10 1.81493e-09 3.96913 2.271e-09 8.07406e-08 15.5087
256.105 7.65955e-10 1.77508e-09 3.65016 2.28339e-09 7.90172e-08 15.3914
257.03 8.62894e-10 1.90127e-09 3.43086 2.2489e-09 7.56401e-08 15.2678
257.954 8.55434e-10 1.99043e-09 3.6676 2.17612e-09 6.99302e-08 15.0698
258.879 7.70579e-10 1.9003e-09 3.92005 2.14573e-09 6.52211e-08 14.8281
259.803 7.46282e-10 1.79153e-09 3.80322 2.24605e-09 6.16305e-08 14.3838
260.728 7.13375e-10 1.77525e-09 3.95943 2.34343e-09 6.03075e-08 14.1052
261.652 7.76605e-10 1.95218e-09 4.00321 2.29486e-09 5.80487e-08 14.0304
262.577 8.21876e-10 1.89582e-09 3.62991 2.16522e-09 5.10827e-08 13.7277
263.502 7.80956e-10 1.69681e-09 3.37006 2.19884e-09 4.63758e-08 13.241
264.426 7.81259e-10 1.78524e-09 3.58901 2.16903e-09 4.20467e-08 12.8747
265.351 8.2846e-10 1.9265e-09 3.66498 2.08243e-09 3.84663e-08 12.6651
266.275 8.48841e-10 1.88721e-09 3.46993 2.03813e-09 3.8254e-08 12.7345
267.2 8.60211e-10 1.8557e-09 3.33904 1.99177e-09 3.73089e-08 12.7257
268.124 8.35346e-10 1.85651e-09 3.46832 2.00661e-09 3.56771e-08 12.4993
269.049 8.38538e-10 1.79544e-09 3.30647 2.05757e-09 3.51621e-08 12.3272
269.974 8.12919e-10 1.80169e-09 3.45634 2.15573e-09 3.64146e-08 12.2768
270.898 8.189e-10 1.71602e-09 3.2129 2.07518e-09 3.61283e-08 12.4079
271.823 8.36835e-10 1.78639e-09 3.29335 1.94626e-09 3.45488e-08 12.4923
272.747 8.14776e-10 1.91931e-09 3.72106 1.94665e-09 3.54578e-08 12.6042
273.672 8.1221e-10 1.85895e-09 3.596 2.06009e-09 3.35411e-08 12.1169
274.596 7.70597e-10 1.81655e-09 3.7242 2.1608e-09 3.22881e-08 11.7443
275.521 7.44645e-10 1.82517e-09 3.89355 2.09984e-09 3.55774e-08 12.2899
276.446 7.01548e-10 1.59937e-09 3.57891 1.97501e-09 3.57591e-08 12.5782
277.37 6.92954e-10 1.46693e-09 3.25705 2.06458e-09 3.45214e-08 12.2326
278.295 7.49403e-10 1.42632e-09 2.79502 2.08192e-09 3.56407e-08 12.3348
279.219 7.21473e-10 1.24118e-09 2.35615 2.04097e-09 3.70637e-08 12.5911
280.144 6.96642e-10 1.2306e-09 2.47108 2.03246e-09 3.69674e-08 12.598
281.068 6.93916e-10 1.21403e-09 2.42923 1.88756e-09 3.70506e-08 12.9289
281.993 6.66609e-10 1.26892e-09 2.79563 1.84949e-09 3.65298e-08 12.9559
282.918 6.79659e-10 1.24819e-09 2.6399 1.90084e-09 3.75634e-08 12.9582
283.842 6.55745e-10 1.18054e-09 2.55345 1.81174e-09 3.56434e-08 12.9388
284.767 6.91844e-10 1.17946e-09 2.31675 1.79213e-09 3.25107e-08 12.5866
285.691 6.71352e-10 1.14189e-09 2.30673 1.84375e-09 3.26807e-08 12.4859
286.616 6.76183e-10 1.17549e-09 2.40154 1.86671e-09 3.37989e-08 12.5783
287.54 7.0567e-10 1.27915e-09 2.58319 1.92207e-09 3.15482e-08 12.152
288.465 8.505e-10 1.44161e-09 2.29174 2.05612e-09 3.03569e-08 11.6921
289.389 8.95777e-10 1.43142e-09 2.03566 2.18185e-09 3.01062e-08 11.3983
290.314 7.24122e-10 1.30512e-09 2.55838 1.98618e-09 2.90372e-08 11.6494
291.239 7.96104e-10 1.36948e-09 2.35586 2.02298e-09 2.89434e-08 11.5556
292.163 7.8515e-10 1.30225e-09 2.19743 1.98736e-09 2.79346e-08 11.4787
293.088 7.12417e-10 1.27434e-09 2.52552 1.94518e-09 2.6157e-08 11.2863
294.012 7.051e-10 1.1968e-09 2.29769 1.92837e-09 2.32177e-08 10.8063
294.937 6.90691e-10 1.06767e-09 1.89155 1.89368e-09 2.18124e-08 10.614
295.861 6.94095e-10 1.05019e-09 1.79848 1.83263e-09 2.16219e-08 10.7182
296.786 6.81367e-10 1.10669e-09 2.10644 1.76217e-09 2.07557e-08 10.7109
297.711 6.81395e-10 1.10235e-09 2.08921 1.92392e-09 1.93853e-08 10.0328
298.635 6.99118e-10 1.19344e-09 2.32251 1.81635e-09 1.87498e-08 10.138
299.56 7.29583e-10 1.40825e-09 2.85605 1.82967e-09 2.01143e-08 10.4113
300.484 7.83898e-10 1.50643e-09 2.83689 1.90535e-09 1.98808e-08 10.1846
301.409 8.26733e-10 1.63824e-09 2.97012 1.87778e-09 1.91821e-08 10.0925
302.333 7.98765e-10 1.59009e-09 2.99003 1.80186e-09 1.90171e-08 10.2342
303.258 8.3255e-10 1.54366e-09 2.68142 1.85194e-09 1.88384e-08 10.0742
304.183 7.38582e-10 1.52511e-09 3.14903 1.89271e-09 1.74496e-08 9.64701
305.107 7.0261e-10 1.3633e-09 2.87879 1.83247e-09 1.89052e-08 10.1355
306.032 7.01719e-10 1.26264e-09 2.55114 1.79675e-09 1.91098e-08 10.2677
306.956 6.58131e-10 1.22702e-09 2.70538 1.78672e-09 1.95392e-08 10.3885
307.881 6.36466e-10 1.22916e-09 2.85833 1.69731e-09 1.77138e-08 10.1855
308.805 6.36456e-10 1.19256e-09 2.72712 1.73979e-09 1.84058e-08 10.2446
309.73 6.2389e-10 1.1506e-09 2.65816 1.77158e-09 1.89906e-08 10.3018
310.655 6.38723e-10 1.13353e-09 2.49119 1.71429e-09 1.94992e-08 10.5593
311.579 6.74354e-10 1.176e-09 2.4152 1.66359e-09 1.90892e-08 10.5974
312.504 6.84688e-10 1.20681e-09 2.46148 1.66331e-09 1.85967e-08 10.4846
313.428 7.11234e-10 1.25275e-09 2.4585 1.63564e-09 1.83866e-08 10.5081
314.353 6.96545e-10 1.21907e-09 2.43079 1.6565e-09 1.75939e-08 10.2617
315.277 6.23426e-10 1.27655e-09 3.11252 1.72717e-09 1.83545e-08 10.2641
316.202 6.65711e-10 1.3e-09 2.90658 1.71668e-09 1.70192e-08 9.96251
317.127 6.63009e-10 1.24828e-09 2.74791 1.67746e-09 1.62664e-08 9.8664
318.051 6.55906e-10 1.18448e-09 2.56685 1.55187e-09 1.58278e-08 10.0856
318.976 6.72268e-10 1.12814e-09 2.24819 1.62411e-09 1.44433e-08 9.49051
319.9 6.82961e-10 1.14236e-09 2.23407 1.69287e-09 1.47962e-08 9.41525
320.825 6.92204e-10 1.09201e-09 1.97994 1.71222e-09 1.4628e-08 9.31625
321.749 6.3103e-10 1.08727e-09 2.36285 1.58761e-09 1.37068e-08 9.36194
322.674 6.09402e-10 1.17258e-09 2.84239 1.50784e-09 1.36088e-08 9.55462
323.598 6.41338e-10 1.16399e-09 2.58862 1.58596e-09 1.29572e-08 9.12219
324.523 6.15378e-10 1.03747e-09 2.26835 1.51215e-09 1.27658e-08 9.26453
325.448 6.30634e-10 9.88966e-10 1.95404 1.56724e-09 1.21602e-08 8.89808
326.372 6.39671e-10 1.02338e-09 2.04079 1.65071e-09 1.2097e-08 8.65008
327.297 6.54061e-10 1.06476e-09 2.11633 1.6028e-09 1.15347e-08 8.57127
328.221 6.73165e-10 9.59122e-10 1.53752 1.5554e-09 1.18875e-08 8.8325
329.146 6.4987e-10 9.77383e-10 1.77238 1.57837e-09 1.23924e-08 8.94947
330.07 6.25132e-10 9.85756e-10 1.97797 1.61962e-09 1.11181e-08 8.36618
330.995 6.6207e-10 1.01351e-09 1.84924 1.67689e-09 1.11034e-08 8.20953
331.92 6.42493e-10 9.50922e-10 1.70276 1.55475e-09 1.14951e-08 8.68852
332.844 6.32382e-10 9.6221e-10 1.8229 1.62096e-09 1.14451e-08 8.48849
333.769 6.37595e-10 1.03067e-09 2.08576 1.63931e-09 1.12388e-08 8.36059
334.693 6.48616e-10 1.00467e-09 1.90036 1.5664e-09 1.08778e-08 8.41636
335.618 6.67569e-10 1.06123e-09 2.01315 1.61902e-09 1.14e-08 8.47652
336.542 6.56845e-10 1.02626e-09 1.93796 1.67945e-09 1.14807e-08 8.34802
337.467 7.00919e-10 1.00251e-09 1.55421 1.60314e-09 1.17779e-08 8.66098
338.392 6.75103e-10 9.74855e-10 1.5957 1.53406e-09 1.22015e-08 9.0057
339.316 6.73298e-10 9.71784e-10 1.59362 1.61163e-09 1.17432e-08 8.62521
340.241 6.67779e-10 1.01237e-09 1.80706 1.65024e-09 1.10513e-08 8.25869
341.165 6.72508e-10 1.05017e-09 1.93563 1.52151e-09 1.14471e-08 8.76421
342.09 6.56266e-10 1.03214e-09 1.9666 1.47678e-09 1.17848e-08 9.02005
343.014 6.02236e-10 9.91523e-10 2.16536 1.47235e-09 1.17618e-08 9.02461
343.939 5.98093e-10 1.00714e-09 2.26322 1.53619e-09 1.15835e-08 8.77394
344.864 6.02762e-10 1.04369e-09 2.38425 1.5863e-09 1.09855e-08 8.40434
345.788 6.14036e-10 1.07459e-09 2.4305 1.64264e-09 1.09696e-08 8.24647
346.713 6.89435e-10 1.12849e-09 2.14003 1.68451e-09 1.11361e-08 8.20261
347.637 7.013e-10 1.09914e-09 1.95148 1.64785e-09 1.12338e-08 8.3361
348.562 6.85207e-10 1.1177e-09 2.12505 1.52253e-09 1.09952e-08 8.58638
349.486 6.62063e-10 1.15862e-09 2.43042 1.48678e-09 1.00521e-08 8.30009
350.411 6.5395e-10 1.14862e-09 2.44631 1.49965e-09 9.49129e-09 8.01335
351.335 6.39859e-10 1.0448e-09 2.12948 1.50289e-09 9.32086e-09 7.9253
352.26 6.55227e-10 1.02179e-09 1.92971 1.45517e-09 9.13665e-09 7.97873
353.185 6.57228e-10 1.0205e-09 1.91099 1.4097e-09 9.63842e-09 8.34879
354.109 6.53567e-10 1.08392e-09 2.19708 1.34819e-09 9.03392e-09 8.26124
355.034 6.74862e-10 1.14907e-09 2.31133 1.46359e-09 9.02453e-09 7.90005
355.958 6.94833e-10 1.12293e-09 2.08473 1.53747e-09 8.5533e-09 7.45327
356.883 7.0114e-10 9.83756e-10 1.47083 1.54044e-09 6.85915e-09 6.48625
357.807 7.00977e-10 8.4858e-10 0.829892 1.44788e-09 6.18665e-09 6.30722
358.732 6.62234e-10 8.07777e-10 0.862802 1.39772e-09 5.95702e-09 6.2961
359.657 6.09867e-10 8.10967e-10 1.23768 1.37768e-09 6.4662e-09 6.715
360.581 6.08141e-10 8.40387e-10 1.40475 1.37785e-09 6.79556e-09 6.93022
361.506 6.23473e-10 8.3539e-10 1.27072 1.43037e-09 6.74402e-09 6.73472
362.43 6.38216e-10 8.35885e-10 1.17179 1.50152e-09 7.1618e-09 6.78492
363.355 6.31356e-10 8.67013e-10 1.37751 1.46712e-09 7.5283e-09 7.10231
364.279 6.19119e-10 8.5353e-10 1.39445 1.4331e-09 7.29444e-09 7.06717
365.204 5.96241e-10 8.80416e-10 1.69266 1.42094e-09 7.94781e-09 7.47671
366.129 6.06668e-10 8.76251e-10 1.59677 1.41291e-09 7.73602e-09 7.38403
367.053 6.04971e-10 8.17421e-10 1.30711 1.38427e-09 7.54408e-09 7.36387
367.978 6.31771e-10 8.72976e-10 1.40443 1.42121e-09 7.71497e-09 7.34675
368.902 6.45112e-10 8.68403e-10 1.29086 1.38313e-09 7.48178e-09 7.33142
369.827 6.11242e-10 8.25566e-10 1.30539 1.39193e-09 7.65661e-09 7.40419
370.751 6.25909e-10 8.23049e-10 1.18914 1.43054e-09 7.52935e-09 7.21257
371.676 6.08703e-10 8.79556e-10 1.59858 1.42871e-09 7.6209e-09 7.27062
372.601 6.07302e-10 8.3558e-10 1.38583 1.3732e-09 7.2339e-09 7.2164
373.525 6.26714e-10 8.2979e-10 1.21899 1.35877e-09 7.04957e-09 7.15016
374.45 6.17357e-10 8.56879e-10 1.42384 1.44039e-09 7.10714e-09 6.93214
375.374 5.81178e-10 8.22148e-10 1.50641 1.37185e-09 6.788e-09 6.94435
376.299 6.0444e-10 8.12078e-10 1.28244 1.45688e-09 6.84493e-09 6.71944
377.223 6.12819e-10 8.33581e-10 1.33616 1.41621e-09 6.7428e-09 6.77713
378.148 6.23781e-10 8.37093e-10 1.27742 1.39114e-09 6.94785e-09 6.98481
379.072 6.10713e-10 8.1327e-10 1.24398 1.41602e-09 7.06599e-09 6.98103
379.997 5.9214e-10 8.53666e-10 1.58863 1.41862e-09 6.24603e-09 6.43739
380.922 6.16001e-10 8.12851e-10 1.2043 1.39533e-09 6.26307e-09 6.5211
381.846 5.99149e-10 8.21786e-10 1.37224 1.33343e-09 6.31505e-09 6.75407
382.771 6.13963e-10 9.17711e-10 1.74564 1.37368e-09 6.2326e-09 6.56784
383.695 6.27192e-10 8.77069e-10 1.45633 1.29309e-09 6.16736e-09 6.7847
384.62 6.0557e-10 8.20176e-10 1.31742 1.31249e-09 5.71264e-09 6.3874
385.544 6.23112e-10 7.86133e-10 1.0093 1.3148e-09 5.32788e-09 6.07694
386.469 6.39627e-10 7.69268e-10 0.801508 1.30552e-09 5.69499e-09 6.39709
387.394 6.1621e-10 7.69947e-10 0.967323 1.27423e-09 5.60366e-09 6.43223
388.318 6.0255e-10 8.0307e-10 1.24761 1.33769e-09 5.60078e-09 6.21893
389.243 6.2048e-10 7.83493e-10 1.01307 1.33085e-09 5.45198e-09 6.12425
390.167 6.28526e-10 7.8424e-10 0.961255 1.3873e-09 5.51913e-09 5.99701
391.092 6.1922e-10 8.05993e-10 1.14486 1.32443e-09 5.56564e-09 6.23485
392.016 6.12001e-10 7.59086e-10 0.935386 1.27629e-09 5.35442e-09 6.22765
392.941 6.2121e-10 7.47748e-10 0.805173 1.29487e-09 5.32818e-09 6.14354
393.866 6.15702e-10 8.04041e-10 1.15907 1.30447e-09 5.48701e-09 6.239
394.79 6.02803e-10 7.95348e-10 1.20382 1.26374e-09 5.45502e-09 6.35138
395.715 6.13554e-10 8.14821e-10 1.23209 1.30186e-09 5.50788e-09 6.2642
396.639 6.54059e-10 8.09165e-10 0.924199 1.30216e-09 5.48366e-09 6.24407
397.564 6.55261e-10 7.91146e-10 0.81842 1.32215e-09 5.52026e-09 6.20679
398.488 6.49719e-10 7.64334e-10 0.705575 1.36525e-09 5.31674e-09 5.90434
399.413 6.27421e-10 7.88433e-10 0.992053 1.3364e-09 5.44248e-09 6.09861
400.338 6.19273e-10 7.89867e-10 1.05672 1.30533e-09 5.41751e-09 6.1808
401.262 6.22671e-10 7.60748e-10 0.869822 1.2609e-09 5.35502e-09 6.2808
402.187 6.27411e-10 7.59124e-10 0.827602 1.32553e-09 5.29798e-09 6.01721
403.111 5.94477e-10 8.04122e-10 1.31187 1.31802e-09 5.32477e-09 6.06378
404.036 6.12828e-10 7.94765e-10 1.129 1.32786e-09 4.86978e-09 5.64358
404.96 6.65221e-10 7.14119e-10 0.308046 1.376e-09 4.72417e-09 5.35708
405.885 6.25688e-10 7.18136e-10 0.598485 1.38731e-09 4.97399e-09 5.5453
406.81 6.30798e-10 7.75161e-10 0.895017 1.37507e-09 5.14417e-09 5.72991
407.734 6.22092e-10 7.50158e-10 0.81298 1.41143e-09 5.03046e-09 5.51947
408.659 6.08878e-10 7.29444e-10 0.784619 1.40556e-09 4.64675e-09 5.19301
409.583 6.19121e-10 7.39694e-10 0.772765 1.36775e-09 4.4822e-09 5.15483
410.508 6.01533e-10 7.55697e-10 0.990882 1.2817e-09 4.58456e-09 5.53513
411.432 5.96073e-10 7.65832e-10 1.08834 1.24782e-09 4.68167e-09 5.74248
412.357 6.10551e-10 7.64839e-10 0.978482 1.23959e-09 4.62754e-09 5.72073
413.281 6.10255e-10 7.53356e-10 0.914891 1.22212e-09 4.38339e-09 5.54697
414.206 6.263e-10 7.02551e-10 0.498954 1.30033e-09 4.36236e-09 5.25667
415.131 6.02365e-10 7.14538e-10 0.741659 1.24826e-09 4.2032e-09 5.27274
416.055 6.06975e-10 7.15347e-10 0.713458 1.26196e-09 4.38077e-09 5.40506
416.98 6.07221e-10 6.99447e-10 0.614081 1.23209e-09 4.29826e-09 5.4265
417.904 6.1725e-10 6.97786e-10 0.53261 1.28902e-09 4.22888e-09 5.15965
418.829 6.23184e-10 7.20996e-10 0.63317 1.35618e-09 4.16825e-09 4.87636
419.753 6.16971e-10 7.10486e-10 0.612908 1.25459e-09 4.13008e-09 5.17458
420.678 5.97536e-10 7.24734e-10 0.838147 1.16891e-09 4.00937e-09 5.35295
421.603 6.07389e-10 6.909e-10 0.559481 1.29041e-09 4.221e-09 5.14686
422.527 6.06845e-10 6.89962e-10 0.557471 1.32024e-09 4.09036e-09 4.91109
423.452 6.11455e-10 7.12949e-10 0.666938 1.27377e-09 4.25315e-09 5.23621
424.376 6.15128e-10 7.44312e-10 0.827896 1.2564e-09 3.86506e-09 4.88026
425.301 5.9383e-10 7.40335e-10 0.957665 1.26476e-09 3.83888e-09 4.82196
426.225 5.99033e-10 7.2324e-10 0.818319 1.21249e-09 4.04279e-09 5.23003
427.15 6.23663e-10 7.55415e-10 0.832356 1.2648e-09 4.12228e-09 5.13116
428.075 6.18008e-10 7.61087e-10 0.904398 1.2946e-09 4.10324e-09 5.00991
428.999 6.84756e-10 7.60111e-10 0.453415 1.2965e-09 3.85418e-09 4.7316
429.924 1.0145e-09 1.19312e-09 0.704324 1.47593e-09 4.10489e-09 4.44237
430.848 1.37729e-09 1.52733e-09 0.449061 1.68544e-09 4.66442e-09 4.42084
431.773 8.64038e-10 9.0198e-10 0.186639 1.36193e-09 3.96084e-09 4.63632
432.697 6.63283e-10 7.40623e-10 0.478983 1.23148e-09 3.80956e-09 4.90447
433.622 6.35452e-10 7.03389e-10 0.441128 1.2409e-09 3.75859e-09 4.81287
434.547 6.07907e-10 6.61422e-10 0.366415 1.2804e-09 3.59173e-09 4.47958
435.471 5.86579e-10 6.85734e-10 0.678286 1.28064e-09 3.73826e-09 4.65243
436.396 5.93021e-10 7.01801e-10 0.731438 1.20722e-09 3.67639e-09 4.83634
437.32 6.10277e-10 6.89617e-10 0.530814 1.16431e-09 3.47025e-09 4.74293
438.245 6.20178e-10 6.84227e-10 0.426838 1.20982e-09 3.49653e-09 4.60917
439.169 5.83706e-10 6.78982e-10 0.656644 1.19154e-09 3.44177e-09 4.60672
440.094 5.61012e-10 6.25359e-10 0.471574 1.2393e-09 3.41681e-09 4.40443
441.018 5.59827e-10 6.35335e-10 0.549491 1.28496e-09 3.58997e-09 4.46201
441.943 5.86873e-10 6.69691e-10 0.573307 1.26509e-09 3.54174e-09 4.47096
442.868 6.40433e-10 6.96729e-10 0.365906 1.2392e-09 3.39619e-09 4.3785
443.792 6.44511e-10 7.06563e-10 0.399204 1.26986e-09 3.37486e-09 4.24499
444.717 6.12782e-10 6.63414e-10 0.344791 1.24207e-09 3.31553e-09 4.26405
445.641 6.02541e-10 6.80007e-10 0.525272 1.27816e-09 3.2073e-09 3.99553
446.566 6.22776e-10 6.89069e-10 0.439314 1.24623e-09 3.26576e-09 4.18387
447.49 6.0412e-10 6.58991e-10 0.377564 1.21182e-09 3.32937e-09 4.38923
448.415 6.46543e-10 6.25875e-10 -0.141098 1.15749e-09 3.07406e-09 4.24195
449.34 6.19721e-10 6.3365e-10 0.0965315 1.11716e-09 2.91478e-09 4.16489
450.264 5.96901e-10 6.51859e-10 0.382518 1.18995e-09 3.09865e-09 4.15644
451.189 5.91882e-10 6.41176e-10 0.347423 1.2291e-09 3.20275e-09 4.15935
452.113 5.99738e-10 6.53838e-10 0.375086 1.25679e-09 3.24026e-09 4.11317
453.038 5.98952e-10 6.77081e-10 0.532483 1.25884e-09 3.16377e-09 4.00236
453.962 5.84729e-10 6.35809e-10 0.363722 1.19517e-09 2.93538e-09 3.90233
454.887 6.02381e-10 6.25936e-10 0.166588 1.12545e-09 2.91763e-09 4.13704
455.812 6.19188e-10 6.48539e-10 0.201137 1.16837e-09 2.9285e-09 3.99063
456.736 6.22958e-10 6.22684e-10 -0.00190878 1.2343e-09 3.08959e-09 3.9848
457.661 6.3081e-10 6.21492e-10 -0.0646305 1.17432e-09 2.97485e-09 4.0368
458.585 6.06999e-10 6.48072e-10 0.284352 1.18681e-09 3.0141e-09 4.04778
459.51 5.72912e-10 6.458e-10 0.520099 1.23557e-09 3.05625e-09 3.93322
460.434 5.79265e-10 6.69372e-10 0.627904 1.26651e-09 3.03257e-09 3.79202
461.359 6.06058e-10 6.68486e-10 0.425781 1.25353e-09 3.08106e-09 3.90564
462.284 6.01524e-10 6.67134e-10 0.449604 1.1889e-09 3.02207e-09 4.05157
463.208 6.25255e-10 6.71604e-10 0.310565 1.20044e-09 2.99507e-09 3.97067
464.133 5.88774e-10 6.53037e-10 0.44989 1.17789e-09 2.93288e-09 3.96191
465.057 5.80196e-10 6.17645e-10 0.271646 1.15354e-09 2.89488e-09 3.996
465.982 6.17665e-10 6.16779e-10 -0.00623459 1.16547e-09 2.91263e-09 3.97784
466.906 6.09303e-10 6.52481e-10 0.297345 1.24288e-09 2.73132e-09 3.41944
467.831 6.06503e-10 6.11702e-10 0.0370711 1.19149e-09 2.66425e-09 3.49485
468.755 5.86232e-10 5.97633e-10 0.083656 1.18544e-09 2.76699e-09 3.68126
469.68 5.79353e-10 6.03399e-10 0.176618 1.18683e-09 2.76554e-09 3.67392
470.605 6.1279e-10 6.24266e-10 0.0805811 1.15504e-09 2.63487e-09 3.58162
471.529 6.00742e-10 6.63151e-10 0.429245 1.15359e-09 2.7904e-09 3.83614
472.454 5.93245e-10 6.47253e-10 0.378398 1.09842e-09 2.79005e-09 4.04844
473.378 6.2539e-10 6.48486e-10 0.157497 1.08219e-09 2.74339e-09 4.03983
474.303 6.19365e-10 6.23497e-10 0.0288796 1.08067e-09 2.5835e-09 3.78514
475.227 6.05066e-10 6.14126e-10 0.0645458 1.1425e-09 2.61222e-09 3.59154
476.152 5.91839e-10 6.01722e-10 0.0719243 1.19009e-09 2.67219e-09 3.51289
477.077 6.16246e-10 6.40239e-10 0.165883 1.19586e-09 2.70561e-09 3.54586
478.001 6.03883e-10 6.53264e-10 0.341356 1.1873e-09 2.70417e-09 3.57474
478.926 5.8117e-10 6.14759e-10 0.244021 1.24399e-09 2.57738e-09 3.16361
479.85 5.83288e-10 5.98283e-10 0.110238 1.17151e-09 2.48176e-09 3.26013
480.775 6.00264e-10 6.01071e-10 0.00583866 1.10456e-09 2.63558e-09 3.77689
481.699 5.92876e-10 6.20419e-10 0.197211 1.17457e-09 2.63776e-09 3.51355
482.624 5.83672e-10 6.18235e-10 0.249849 1.21672e-09 2.64471e-09 3.37188
483.549 5.89041e-10 6.50174e-10 0.428845 1.12563e-09 2.62397e-09 3.67564
484.473 6.00767e-10 6.46884e-10 0.321205 1.13008e-09 2.69583e-09 3.77584
485.398 6.23499e-10 6.21147e-10 -0.0164084 1.11798e-09 2.70813e-09 3.84235
486.322 6.36612e-10 6.02298e-10 -0.240637 1.14265e-09 2.54795e-09 3.48275
487.247 6.14737e-10 5.89312e-10 -0.183442 1.15583e-09 2.35704e-09 3.09475
488.171 5.63933e-10 6.09628e-10 0.338369 1.14628e-09 2.54597e-09 3.46562
489.096 5.75483e-10 5.86772e-10 0.0843701 1.17871e-09 2.54132e-09 3.33653
490.021 6.05931e-10 5.8325e-10 -0.165682 1.16057e-09 2.34709e-09 3.05858
490.945 6.13531e-10 5.65925e-10 -0.350776 1.17484e-09 2.42526e-09 3.14781
491.87 6.31791e-10 5.7673e-10 -0.396012 1.11945e-09 2.62313e-09 3.69813
492.794 5.99537e-10 5.91782e-10 -0.0565439 1.07816e-09 2.46333e-09 3.5884
493.719 6.02192e-10 5.70931e-10 -0.231511 1.09834e-09 2.37919e-09 3.35694
494.643 5.99185e-10 5.76039e-10 -0.171085 1.07593e-09 2.48334e-09 3.63254
495.568 6.0544e-10 5.92213e-10 -0.0959353 1.12914e-09 2.38081e-09 3.23978
496.493 6.19182e-10 5.96855e-10 -0.159496 1.15634e-09 2.2398e-09 2.87123
497.417 5.79628e-10 5.79262e-10 -0.00274331 1.10283e-09 2.10916e-09 2.81602
498.342 5.60346e-10 6.26247e-10 0.482896 1.08978e-09 2.39829e-09 3.42563
499.266 5.88522e-10 6.11964e-10 0.169627 1.0979e-09 2.24578e-09 3.10805
500.191 5.72743e-10 5.93706e-10 0.156113 1.18057e-09 2.21162e-09 2.7262
501.115 5.95844e-10 5.69664e-10 -0.195135 1.13953e-09 2.27797e-09 3.00821
502.04 5.942e-10 5.88673e-10 -0.0405847 1.13603e-09 2.26007e-09 2.98733
502.964 5.64189e-10 5.96519e-10 0.241998 1.13744e-09 2.15151e-09 2.76815
503.889 5.46751e-10 5.82228e-10 0.273038 1.12527e-09 2.15339e-09 2.81866
504.814 5.80633e-10 5.87623e-10 0.051972 1.14041e-09 2.06501e-09 2.57862
505.738 6.03399e-10 5.46856e-10 -0.427313 1.12331e-09 2.17559e-09 2.87077
506.663 6.22871e-10 5.69584e-10 -0.3884 1.10518e-09 2.23212e-09 3.05282
507.587 5.93585e-10 5.93874e-10 0.00211468 1.07224e-09 2.17596e-09 3.07359
508.512 5.75068e-10 5.59948e-10 -0.115717 1.07331e-09 2.24294e-09 3.20092
509.436 6.06683e-10 5.48287e-10 -0.439537 1.04524e-09 2.25625e-09 3.34172
510.361 6.02108e-10 5.91116e-10 -0.0800135 1.03472e-09 2.12628e-09 3.12799
511.286 5.84692e-10 6.13751e-10 0.21065 1.05626e-09 2.06236e-09 2.90593
512.21 5.51303e-10 5.91383e-10 0.304782 1.12033e-09 2.09174e-09 2.71161
513.135 5.98269e-10 5.7784e-10 -0.150888 1.20043e-09 2.13425e-09 2.49908
514.059 6.18105e-10 5.65596e-10 -0.385555 1.15028e-09 2.06811e-09 2.5477
514.984 6.24266e-10 6.19982e-10 -0.0299073 1.10738e-09 2.17557e-09 2.93274
515.908 6.40862e-10 5.9028e-10 -0.357065 1.04919e-09 2.13038e-09 3.07601
516.833 5.95787e-10 5.78211e-10 -0.130042 1.04282e-09 2.04691e-09 2.9289
517.758 5.87149e-10 5.73655e-10 -0.100976 1.06264e-09 2.15176e-09 3.0641
518.682 5.91481e-10 5.93308e-10 0.0133893 1.08325e-09 2.18676e-09 3.05072
519.607 6.02703e-10 6.07278e-10 0.0328366 1.10409e-09 2.21556e-09 3.02481
520.531 6.22821e-10 5.98019e-10 -0.176484 1.11895e-09 2.39476e-09 3.3045
521.456 6.17597e-10 5.66063e-10 -0.378402 1.15221e-09 2.27515e-09 2.95477
522.38 6.18757e-10 5.35914e-10 -0.624251 1.12619e-09 2.13464e-09 2.77714
523.305 6.36377e-10 5.59972e-10 -0.555479 1.05229e-09 2.08716e-09 2.97422
524.23 6.37376e-10 5.54064e-10 -0.608359 1.05472e-09 2.12598e-09 3.0442
525.154 5.68007e-10 5.26549e-10 -0.329149 1.08374e-09 2.11111e-09 2.89586
526.079 5.59659e-10 5.79092e-10 0.148236 1.06682e-09 2.17582e-09 3.09532
527.003 5.92671e-10 5.68551e-10 -0.180447 1.07883e-09 2.06942e-09 2.82898
527.928 6.03848e-10 5.60176e-10 -0.326028 1.08105e-09 2.01727e-09 2.7092
528.852 6.25675e-10 5.63273e-10 -0.456303 1.08478e-09 1.90356e-09 2.44226
529.777 6.13138e-10 5.51525e-10 -0.459934 1.0843e-09 1.88757e-09 2.40754
530.701 5.92704e-10 5.61936e-10 -0.231509 1.12351e-09 1.88754e-09 2.25319
531.626 5.96677e-10 5.55715e-10 -0.308874 1.12444e-09 2.02865e-09 2.56272
532.551 5.87531e-10 5.61122e-10 -0.199741 9.96325e-10 1.97734e-09 2.97681
533.475 5.68968e-10 5.75933e-10 0.0528447 1.00584e-09 1.93145e-09 2.83356
534.4 5.73736e-10 5.72154e-10 -0.0119925 1.05397e-09 1.9168e-09 2.59749
535.324 5.51769e-10 5.50085e-10 -0.0132776 1.02095e-09 1.98732e-09 2.89262
536.249 5.65013e-10 5.51286e-10 -0.106813 1.06905e-09 2.00999e-09 2.74195
537.173 5.87421e-10 5.7106e-10 -0.12268 1.08583e-09 1.89653e-09 2.42196
538.098 6.48982e-10 5.84315e-10 -0.455858 1.14799e-09 1.98857e-09 2.38605
539.023 6.31762e-10 5.45345e-10 -0.638819 1.06082e-09 1.87646e-09 2.47696
539.947 6.16485e-10 5.47816e-10 -0.512877 1.05966e-09 1.81387e-09 2.33439
540.872 5.79227e-10 5.4015e-10 -0.303344 1.04185e-09 1.91968e-09 2.65422
541.796 5.63513e-10 5.37598e-10 -0.204463 1.03331e-09 1.96809e-09 2.79812
542.721 6.14363e-10 5.4101e-10 -0.552201 1.01778e-09 1.90988e-09 2.73352
543.645 6.45101e-10 5.29559e-10 -0.857134 1.03959e-09 1.9386e-09 2.70625
544.57 6.60051e-10 5.38452e-10 -0.884304 1.07514e-09 1.99105e-09 2.67616
545.495 6.41045e-10 5.33249e-10 -0.799581 1.07597e-09 1.97396e-09 2.63537
546.419 6.01894e-10 5.31097e-10 -0.543461 1.06053e-09 1.9092e-09 2.55326
547.344 6.00624e-10 5.61088e-10 -0.295717 9.92852e-10 1.80393e-09 2.59335
548.268 5.78167e-10 5.60836e-10 -0.132177 1.04651e-09 1.84032e-09 2.45148
549.193 5.49817e-10 5.48638e-10 -0.00932388 1.07077e-09 1.88852e-09 2.46426
550.117 5.51345e-10 5.71252e-10 0.154044 1.00826e-09 1.95841e-09 2.88332
551.042 5.71803e-10 5.56302e-10 -0.119356 1.05678e-09 1.95783e-09 2.6779
551.967 6.33216e-10 5.53666e-10 -0.583043 1.08971e-09 1.93098e-09 2.48467
552.891 6.33843e-10 5.55819e-10 -0.570485 1.07515e-09 1.8871e-09 2.44328
553.816 6.22494e-10 5.64932e-10 -0.421395 1.0665e-09 1.81106e-09 2.29972
554.74 5.86638e-10 5.77514e-10 -0.0680722 9.76962e-10 1.81295e-09 2.68507
555.665 5.7579e-10 5.53229e-10 -0.173597 9.81574e-10 1.91447e-09 2.90125
556.589 5.70923e-10 5.4259e-10 -0.221058 9.82567e-10 1.92776e-09 2.92691
557.514 6.00699e-10 5.37748e-10 -0.480782 1.05626e-09 1.8233e-09 2.37087
558.439 6.1503e-10 5.37489e-10 -0.585263 1.0645e-09 1.77297e-09 2.21558
559.363 5.8345e-10 5.41285e-10 -0.325773 1.0042e-09 1.81721e-09 2.57587
560.288 5.98669e-10 5.52923e-10 -0.345218 1.00595e-09 1.87014e-09 2.69298
561.212 5.84818e-10 5.37755e-10 -0.364361 9.88874e-10 1.82825e-09 2.66894
562.137 5.68471e-10 5.51585e-10 -0.130965 1.04296e-09 1.83105e-09 2.44435
563.061 6.11619e-10 5.50096e-10 -0.460422 1.05813e-09 1.75305e-09 2.19257
563.986 5.97859e-10 5.66801e-10 -0.231686 1.03535e-09 1.75715e-09 2.29722
564.91 6.19313e-10 5.61625e-10 -0.424635 9.91357e-10 1.66665e-09 2.25615
565.835 5.91365e-10 5.64274e-10 -0.203654 9.55916e-10 1.7847e-09 2.71145
566.76 5.80816e-10 5.44995e-10 -0.276461 9.71645e-10 1.87641e-09 2.85821
567.684 5.71725e-10 5.39311e-10 -0.253483 9.77707e-10 1.80852e-09 2.67115
568.609 5.80884e-10 5.4592e-10 -0.269599 1.03738e-09 1.74013e-09 2.24646
569.533 5.65291e-10 5.51333e-10 -0.108576 9.90674e-10 1.74461e-09 2.45768
570.458 5.98195e-10 5.48012e-10 -0.380528 9.82588e-10 1.81061e-09 2.65454
571.382 6.2763e-10 5.45695e-10 -0.607534 9.93515e-10 1.79e-09 2.5568
572.307 6.40038e-10 5.4092e-10 -0.730724 1.02776e-09 1.79236e-09 2.41533
573.232 6.07262e-10 5.43171e-10 -0.484402 1.00688e-09 1.79407e-09 2.50865
574.156 6.18274e-10 5.22959e-10 -0.727134 1.00262e-09 1.83087e-09 2.61522
575.081 5.95834e-10 5.44196e-10 -0.393698 1.03887e-09 1.85616e-09 2.52053
576.005 5.88232e-10 5.78167e-10 -0.0749508 1.08375e-09 1.8685e-09 2.36566
576.93 5.90388e-10 5.75938e-10 -0.107616 1.02128e-09 1.78923e-09 2.43523
577.854 5.88033e-10 5.75972e-10 -0.0900036 9.97644e-10 1.78922e-09 2.53689
578.779 5.81964e-10 5.60304e-10 -0.164721 9.88317e-10 1.85285e-09 2.72945
579.704 5.72459e-10 5.44061e-10 -0.220964 9.71781e-10 1.79879e-09 2.67413
580.628 5.97103e-10 5.12596e-10 -0.662741 1.02539e-09 1.80165e-09 2.44784
581.553 6.27773e-10 5.37621e-10 -0.673266 1.05653e-09 1.83386e-09 2.39482
582.477 6.36714e-10 5.49095e-10 -0.642963 1.05978e-09 1.78967e-09 2.27557
583.402 5.9699e-10 5.53675e-10 -0.327117 1.00748e-09 1.78808e-09 2.49149
584.326 5.75366e-10 5.27124e-10 -0.380319 9.74243e-10 1.78074e-09 2.61934
585.251 6.05051e-10 5.04045e-10 -0.793228 1.0195e-09 1.80738e-09 2.48663
586.176 6.22908e-10 4.92997e-10 -1.01579 9.7054e-10 1.82037e-09 2.73145
587.1 6.00485e-10 5.58998e-10 -0.310919 1.01223e-09 1.77574e-09 2.441
588.025 5.88175e-10 5.52731e-10 -0.269924 1.04428e-09 1.74602e-09 2.23233
588.949 5.94433e-10 5.49242e-10 -0.343396 1.02517e-09 1.75521e-09 2.33533
589.874 5.95909e-10 5.23071e-10 -0.566192 1.06313e-09 1.78571e-09 2.25226
590.798 6.05884e-10 5.44362e-10 -0.465018 1.03621e-09 1.70012e-09 2.15031
591.723 6.26218e-10 5.65628e-10 -0.441947 9.9997e-10 1.83217e-09 2.62979
592.647 6.04113e-10 5.6391e-10 -0.299081 9.8317e-10 1.82619e-09 2.68917
593.572 5.99901e-10 5.49299e-10 -0.382709 9.85651e-10 1.74577e-09 2.48265
594.497 5.94743e-10 5.6336e-10 -0.23543 9.70868e-10 1.71008e-09 2.45856
595.421 5.95917e-10 5.4784e-10 -0.365326 9.8017e-10 1.77903e-09 2.58883
596.346 5.72643e-10 5.51444e-10 -0.163822 9.612e-10 1.70698e-09 2.49416
597.27 6.02139e-10 5.52049e-10 -0.377195 1.00916e-09 1.64615e-09 2.1251
598.195 6.22239e-10 5.52145e-10 -0.51904 1.05471e-09 1.68397e-09 2.032
599.119 6.30017e-10 5.69018e-10 -0.442258 1.10526e-09 1.69845e-09 1.86588
600.044 6.34146e-10 5.55855e-10 -0.572278 9.63568e-10 1.69176e-09 2.44457
600.969 6.1386e-10 5.42258e-10 -0.538637 9.70045e-10 1.8208e-09 2.7347
601.893 6.03002e-10 5.26251e-10 -0.591262 9.90866e-10 1.80085e-09 2.59463
602.818 5.78556e-10 5.37471e-10 -0.319896 9.50402e-10 1.79084e-09 2.7515
603.742 5.87585e-10 5.43087e-10 -0.342015 9.8895e-10 1.79875e-09 2.59797
604.667 6.04867e-10 5.52168e-10 -0.395887 9.6161e-10 1.76155e-09 2.62897
605.591 6.13899e-10 5.57818e-10 -0.416047 9.74867e-10 1.78379e-09 2.62398
606.516 6.4443e-10 5.27128e-10 -0.872601 1.03499e-09 1.73816e-09 2.25152
607.441 6.37115e-10 5.07366e-10 -0.988969 1.07122e-09 1.74356e-09 2.1156
608.365 6.10897e-10 5.28939e-10 -0.625624 1.02606e-09 1.76715e-09 2.36098
609.29 5.75046e-10 5.47992e-10 -0.209283 1.01015e-09 1.84142e-09 2.60769
610.214 5.76265e-10 5.61372e-10 -0.113718 1.03495e-09 1.77297e-09 2.33783
611.139 6.02134e-10 5.7213e-10 -0.22199 1.00131e-09 1.78217e-09 2.50383
612.063 5.71169e-10 5.74206e-10 0.0230285 9.4071e-10 1.81176e-09 2.84644
612.988 5.59174e-10 5.47779e-10 -0.0894198 9.53748e-10 1.68149e-09 2.46261
613.913 5.91636e-10 5.23486e-10 -0.531495 1.00345e-09 1.66437e-09 2.19754
614.837 5.91398e-10 5.23671e-10 -0.528212 1.00852e-09 1.6482e-09 2.13326
615.762 5.94727e-10 5.44656e-10 -0.381953 1.02267e-09 1.64947e-09 2.07609
616.686 6.12687e-10 5.37046e-10 -0.572274 1.0582e-09 1.72806e-09 2.12992
617.611 6.10247e-10 5.42442e-10 -0.51152 1.06867e-09 1.59294e-09 1.73356
618.535 6.01422e-10 5.61461e-10 -0.298601 1.03017e-09 1.67892e-09 2.12121
619.46 5.7949e-10 5.62193e-10 -0.1316 9.86176e-10 1.7268e-09 2.43289
620.384 5.84651e-10 5.62675e-10 -0.16639 9.58977e-10 1.7153e-09 2.52532
621.309 6.07482e-10 5.36739e-10 -0.537707 9.4745e-10 1.7021e-09 2.54429
622.234 5.72712e-10 5.18773e-10 -0.429592 9.4383e-10 1.68423e-09 2.51506
623.158 5.75347e-10 5.38642e-10 -0.286292 9.59628e-10 1.68884e-09 2.45486
624.083 6.07317e-10 5.44996e-10 -0.470223 9.60874e-10 1.70507e-09 2.49076
625.007 6.34337e-10 5.58154e-10 -0.555658 9.46899e-10 1.71546e-09 2.58077
625.932 5.88682e-10 5.47906e-10 -0.311744 9.1439e-10 1.8148e-09 2.97697
626.856 5.67484e-10 5.69561e-10 0.0158686 9.46618e-10 1.87648e-09 2.9717
627.781 5.70484e-10 5.64999e-10 -0.0419589 9.70046e-10 1.88225e-09 2.87886
628.706 5.929e-10 5.57382e-10 -0.268286 9.39042e-10 1.68922e-09 2.55002
629.63 6.07271e-10 5.58257e-10 -0.365483 9.56551e-10 1.70812e-09 2.51811
630.555 5.75634e-10 5.24318e-10 -0.405515 9.32494e-10 1.81282e-09 2.8871
631.479 5.95793e-10 5.20918e-10 -0.583258 9.54645e-10 1.8002e-09 2.75479
632.404 5.8041e-10 5.18501e-10 -0.489851 9.92455e-10 1.83316e-09 2.6649
633.328 6.01697e-10 5.52196e-10 -0.372845 9.85911e-10 1.7242e-09 2.42751
634.253 6.01428e-10 5.62049e-10 -0.294099 9.74488e-10 1.80408e-09 2.6748
635.178 5.79672e-10 5.93789e-10 0.104494 9.18259e-10 1.81895e-09 2.96855
636.102 5.82313e-10 5.86534e-10 0.0313683 9.51854e-10 1.84128e-09 2.8655
637.027 5.90966e-10 5.92499e-10 0.0112557 9.78527e-10 1.74458e-09 2.51117
637.951 5.91001e-10 5.75519e-10 -0.11529 9.51937e-10 1.73596e-09 2.60932
638.876 5.87951e-10 5.63478e-10 -0.184642 9.25432e-10 1.74273e-09 2.74885
639.8 5.96515e-10 5.60994e-10 -0.266632 9.37226e-10 1.80632e-09 2.84952
640.725 6.08071e-10 5.84448e-10 -0.172084 9.49679e-10 1.844e-09 2.88183
641.65 6.35517e-10 5.75178e-10 -0.433253 9.49762e-10 1.75445e-09 2.66527
642.574 5.75352e-10 5.60839e-10 -0.110949 9.37048e-10 1.73086e-09 2.66501
643.499 5.47889e-10 5.8023e-10 0.249077 9.19767e-10 1.84943e-09 3.0336
644.423 7.40311e-10 7.68495e-10 0.162265 1.01255e-09 1.98393e-09 2.92109
645.348 1.4428e-09 1.52578e-09 0.242841 1.40357e-09 2.46766e-09 2.45051
646.272 2.01028e-09 1.72604e-09 -0.662055 1.69422e-09 2.63096e-09 1.91145
647.197 1.18935e-09 9.19872e-10 -1.1158 1.28603e-09 1.97876e-09 1.87141
648.122 6.39422e-10 5.62983e-10 -0.552923 1.01245e-09 1.77054e-09 2.42731
649.046 5.9949e-10 5.65205e-10 -0.255754 9.4157e-10 1.85962e-09 2.95572
649.971 5.86879e-10 5.83993e-10 -0.0214069 9.28919e-10 1.77147e-09 2.80357
650.895 5.73244e-10 5.78471e-10 0.0394179 9.06858e-10 1.69585e-09 2.71847
651.82 5.57344e-10 5.50959e-10 -0.0500422 9.18028e-10 1.7841e-09 2.88562
652.744 5.77282e-10 5.26286e-10 -0.401666 9.84322e-10 1.68311e-09 2.32976
653.669 5.99701e-10 5.31873e-10 -0.521267 1.00876e-09 1.79342e-09 2.49895
654.593 6.06926e-10 5.36732e-10 -0.533788 1.00524e-09 1.81532e-09 2.56683
655.518 5.80728e-10 5.40606e-10 -0.310919 9.6696e-10 1.85619e-09 2.83213
656.443 5.97967e-10 5.29581e-10 -0.527444 9.98616e-10 1.8108e-09 2.58473
657.367 6.01133e-10 5.29943e-10 -0.547416 9.53322e-10 1.83855e-09 2.85237
658.292 6.14777e-10 5.45907e-10 -0.515994 9.30685e-10 1.8755e-09 3.04315
659.216 6.32375e-10 5.75449e-10 -0.409681 8.95554e-10 1.84048e-09 3.1284
660.141 5.89953e-10 5.52315e-10 -0.286309 9.35832e-10 1.80947e-09 2.86354
661.065 6.1138e-10 5.38239e-10 -0.553357 9.75931e-10 1.86576e-09 2.81436
661.99 5.96667e-10 5.40015e-10 -0.433267 9.32438e-10 1.92808e-09 3.15506
662.915 5.74774e-10 5.59283e-10 -0.118656 9.12456e-10 1.83599e-09 3.03659
663.839 5.96337e-10 5.64853e-10 -0.235565 9.5036e-10 1.9173e-09 3.04803
664.764 5.77739e-10 5.63055e-10 -0.111805 9.81848e-10 1.83361e-09 2.71263
665.688 5.7795e-10 5.66249e-10 -0.0888338 9.43264e-10 1.8078e-09 2.82517
666.613 5.90326e-10 5.41149e-10 -0.377752 8.85493e-10 1.83594e-09 3.16673
667.537 6.0206e-10 5.15731e-10 -0.672164 8.84887e-10 1.85985e-09 3.2259
668.462 5.94063e-10 5.33825e-10 -0.464334 9.07272e-10 1.87239e-09 3.14658
669.387 5.73441e-10 5.37914e-10 -0.277759 9.75083e-10 1.83892e-09 2.75521
670.311 5.80802e-10 5.37039e-10 -0.340225 9.19955e-10 1.82888e-09 2.9842
671.236 5.84013e-10 5.36875e-10 -0.365494 8.98429e-10 1.67935e-09 2.71658
672.16 5.95608e-10 5.5968e-10 -0.270208 9.37505e-10 1.74675e-09 2.70256
673.085 5.95951e-10 5.60624e-10 -0.265386 8.98577e-10 1.89287e-09 3.23565
674.009 5.92518e-10 5.45838e-10 -0.356377 9.02422e-10 1.82367e-09 3.05537
674.934 5.98021e-10 5.63364e-10 -0.259271 9.27623e-10 1.83718e-09 2.96779
675.859 5.84454e-10 5.67887e-10 -0.124888 9.27656e-10 1.74816e-09 2.75195
676.783 6.23795e-10 5.24395e-10 -0.753831 9.43753e-10 1.69686e-09 2.54788
677.708 6.36572e-10 5.53125e-10 -0.610238 8.98698e-10 1.7702e-09 2.94408
678.632 6.00284e-10 5.4409e-10 -0.42686 9.02539e-10 1.83662e-09 3.08554
679.557 5.53172e-10 5.34534e-10 -0.148849 8.55779e-10 1.74886e-09 3.10394
680.481 5.52409e-10 5.34928e-10 -0.139659 8.86481e-10 1.71363e-09 2.86248
681.406 5.57294e-10 5.39434e-10 -0.141464 9.33743e-10 1.76691e-09 2.76987
682.33 5.76327e-10 5.67108e-10 -0.0700281 9.33088e-10 1.77197e-09 2.78534
683.255 5.79542e-10 5.58736e-10 -0.158787 9.29192e-10 1.79616e-09 2.8624
684.18 5.93585e-10 5.65272e-10 -0.212258 9.63336e-10 1.83638e-09 2.80186
685.104 6.1157e-10 5.99911e-10 -0.083589 9.63962e-10 1.79755e-09 2.70622
686.029 6.02976e-10 5.57588e-10 -0.339865 9.67872e-10 1.76581e-09 2.61125
686.953 5.97719e-10 5.67403e-10 -0.22605 9.07861e-10 1.7864e-09 2.9396
687.878 5.84317e-10 5.80553e-10 -0.0280648 8.87833e-10 1.84716e-09 3.18173
688.802 5.78839e-10 5.9104e-10 0.090588 9.18075e-10 1.82713e-09 2.9889
689.727 5.90101e-10 5.42822e-10 -0.362689 9.54059e-10 1.68264e-09 2.46415
690.652 5.77324e-10 5.22903e-10 -0.429984 9.1216e-10 1.75309e-09 2.83734
691.576 5.92588e-10 5.59788e-10 -0.247296 9.35139e-10 1.77727e-09 2.78878
692.501 5.72784e-10 5.69361e-10 -0.0260303 9.40172e-10 1.75309e-09 2.70596
693.425 5.61199e-10 5.38695e-10 -0.177742 9.03658e-10 1.7761e-09 2.93463
694.35 5.77269e-10 5.51824e-10 -0.195776 8.98228e-10 1.76699e-09 2.93847
695.274 5.76274e-10 5.31009e-10 -0.355273 8.85003e-10 1.79644e-09 3.07467
696.199 5.65854e-10 5.52172e-10 -0.1063 8.6957e-10 1.83671e-09 3.24735
697.124 5.97993e-10 5.31975e-10 -0.508052 8.97565e-10 1.7953e-09 3.0107
698.048 5.78097e-10 6.0864e-10 0.223597 9.45941e-10 1.80566e-09 2.80773
698.973 6.06423e-10 5.98174e-10 -0.0594792 9.57714e-10 1.78542e-09 2.70505
699.897 6.2797e-10 5.63606e-10 -0.469638 9.17055e-10 1.78932e-09 2.90293
700.822 6.01575e-10 5.78847e-10 -0.167264 8.60376e-10 1.78621e-09 3.17245
701.746 5.72973e-10 5.75436e-10 0.0186268 8.88883e-10 1.84751e-09 3.17742
702.671 5.47221e-10 5.84127e-10 0.283452 9.32843e-10 1.85401e-09 2.98305
703.596 5.92172e-10 5.54392e-10 -0.286307 9.29605e-10 1.81939e-09 2.91627
704.52 5.81771e-10 5.54777e-10 -0.20634 9.05102e-10 1.86634e-09 3.14293
705.445 5.65497e-10 5.65739e-10 0.0018548 8.90585e-10 1.81336e-09 3.08809
706.369 5.80737e-10 5.72808e-10 -0.0597003 9.23551e-10 1.85507e-09 3.02898
707.294 5.72251e-10 5.71838e-10 -0.00313571 9.14357e-10 1.81914e-09 2.98751
708.218 5.79045e-10 5.73626e-10 -0.0408296 9.10108e-10 1.87176e-09 3.13158
709.143 6.13016e-10 5.68814e-10 -0.32502 9.64134e-10 1.90596e-09 2.95976
710.068 5.79963e-10 5.48123e-10 -0.24522 8.84932e-10 1.8449e-09 3.19064
710.992 5.83645e-10 5.6892e-10 -0.110974 8.49276e-10 1.86059e-09 3.40602
711.917 5.84516e-10 5.95041e-10 0.0775057 8.84183e-10 1.82081e-09 3.13723
712.841 5.77912e-10 5.90652e-10 0.0947026 8.80343e-10 1.82391e-09 3.16351
713.766 5.64475e-10 5.72057e-10 0.0579418 8.75121e-10 1.78894e-09 3.10526
714.69 5.54819e-10 5.54732e-10 -0.000678891 9.38056e-10 1.90261e-09 3.07122
715.615 5.60363e-10 5.78529e-10 0.138553 8.95748e-10 1.80707e-09 3.04789
716.539 5.86543e-10 5.83435e-10 -0.0230763 8.83567e-10 1.64763e-09 2.70621
717.464 6.00474e-10 5.62111e-10 -0.286718 9.42509e-10 1.72756e-09 2.63148
718.389 6.0165e-10 5.76264e-10 -0.187228 9.25908e-10 1.79936e-09 2.88551
719.313 5.79469e-10 5.98874e-10 0.143058 9.08446e-10 1.787e-09 2.93824
720.238 5.50905e-10 5.84204e-10 0.254875 9.31348e-10 1.72519e-09 2.67726
721.162 5.61094e-10 6.16031e-10 0.405667 8.95958e-10 1.74991e-09 2.90727
722.087 5.62618e-10 6.09425e-10 0.347069 8.86483e-10 1.82933e-09 3.14622
723.011 5.92605e-10 5.37638e-10 -0.422748 8.4391e-10 1.77671e-09 3.23321
723.936 5.87547e-10 5.85048e-10 -0.018516 8.6859e-10 1.81345e-09 3.19692
724.861 5.66077e-10 6.38027e-10 0.519635 8.85293e-10 1.75736e-09 2.97773
725.785 5.83843e-10 6.12794e-10 0.21019 9.16269e-10 1.75357e-09 2.819
726.71 5.72428e-10 5.8347e-10 0.0829742 8.81353e-10 1.82496e-09 3.16104
727.634 5.51531e-10 5.68907e-10 0.13471 8.67699e-10 1.70108e-09 2.92356
728.559 5.50362e-10 5.68673e-10 0.142135 8.71981e-10 1.67227e-09 2.828
729.483 5.6313e-10 5.39237e-10 -0.188286 8.85291e-10 1.67479e-09 2.76874
730.408 5.58312e-10 5.42632e-10 -0.12372 8.73809e-10 1.76316e-09 3.04876
731.333 5.56716e-10 5.58029e-10 0.0102302 8.6786e-10 1.7407e-09 3.02275
732.257 5.29356e-10 5.59746e-10 0.242428 8.63453e-10 1.71724e-09 2.98592
733.182 5.58772e-10 5.51e-10 -0.0608247 9.31847e-10 1.7512e-09 2.73991
734.106 5.99128e-10 5.65828e-10 -0.24835 9.72855e-10 1.76513e-09 2.5873
735.031 5.81109e-10 5.53539e-10 -0.211096 9.17617e-10 1.66896e-09 2.59784
735.955 5.76143e-10 5.58256e-10 -0.136966 8.77357e-10 1.70823e-09 2.8937
736.88 6.00907e-10 5.70126e-10 -0.228365 8.72419e-10 1.68042e-09 2.84693
737.805 5.89007e-10 5.72634e-10 -0.122433 8.62486e-10 1.69348e-09 2.93028
738.729 5.96538e-10 5.35632e-10 -0.467715 8.40256e-10 1.66354e-09 2.9662
739.654 6.03046e-10 5.57011e-10 -0.344868 8.38773e-10 1.69417e-09 3.05314
740.578 5.8888e-10 5.80743e-10 -0.0604271 8.80811e-10 1.73701e-09 2.94919
741.503 5.77029e-10 5.83205e-10 0.046241 8.83945e-10 1.68962e-09 2.81365
742.427 5.65896e-10 5.85711e-10 0.149465 8.82429e-10 1.55831e-09 2.46974
743.352 5.68329e-10 5.7309e-10 0.03623 8.50494e-10 1.60846e-09 2.7674
744.276 5.77839e-10 5.83207e-10 0.04016 8.71768e-10 1.62246e-09 2.69773
745.201 5.93939e-10 5.64894e-10 -0.217746 8.778e-10 1.65015e-09 2.74129
746.126 6.08365e-10 5.63848e-10 -0.330022 9.14905e-10 1.61462e-09 2.46695
747.05 6.07114e-10 5.81391e-10 -0.188019 9.27269e-10 1.65756e-09 2.52262
747.975 6.16971e-10 5.88532e-10 -0.204946 9.05249e-10 1.62666e-09 2.5453
748.899 6.16713e-10 6.29969e-10 0.0923581 1.00382e-09 1.70688e-09 2.30548
749.824 5.92439e-10 6.03792e-10 0.0824376 9.68167e-10 1.64761e-09 2.30905
750.748 5.80948e-10 5.76217e-10 -0.0355097 9.19917e-10 1.61133e-09 2.43437
751.673 5.64628e-10 6.03431e-10 0.288647 8.90757e-10 1.72533e-09 2.87113
752.598 5.93233e-10 6.32565e-10 0.278802 9.07891e-10 1.69546e-09 2.71253
753.522 5.90168e-10 6.40875e-10 0.357977 9.15106e-10 1.70909e-09 2.71293
754.447 5.82497e-10 6.1442e-10 0.231719 9.22638e-10 1.67429e-09 2.58799
755.371 5.97858e-10 5.83015e-10 -0.109181 9.0545e-10 1.65775e-09 2.62656
756.296 5.93319e-10 5.50226e-10 -0.327478 8.68285e-10 1.63454e-09 2.74732
757.22 5.71946e-10 5.61972e-10 -0.0764094 8.53138e-10 1.57313e-09 2.65745
758.145 5.51985e-10 5.54225e-10 0.017592 8.52875e-10 1.62926e-09 2.81105
759.07 5.54968e-10 5.64691e-10 0.0754238 8.82258e-10 1.61907e-09 2.63669
759.994 5.72029e-10 6.07713e-10 0.262804 9.07446e-10 1.68726e-09 2.69361
760.919 5.94477e-10 5.93453e-10 -0.00748615 8.65502e-10 1.61845e-09 2.71831
761.843 5.80798e-10 5.89644e-10 0.0656509 8.8513e-10 1.6537e-09 2.71449
762.768 5.72248e-10 5.6787e-10 -0.0333536 8.89257e-10 1.73596e-09 2.90513
763.692 5.96883e-10 5.89643e-10 -0.053005 8.90661e-10 1.70416e-09 2.81797
764.617 5.90893e-10 6.13749e-10 0.164818 8.77619e-10 1.61929e-09 2.66019
765.542 5.55807e-10 5.67629e-10 0.0913997 9.13678e-10 1.50238e-09 2.15986
766.466 5.5109e-10 5.53775e-10 0.0211089 8.96437e-10 1.53717e-09 2.34203
767.391 5.51101e-10 5.34839e-10 -0.13008 8.48586e-10 1.6194e-09 2.80658
768.315 5.86353e-10 5.56067e-10 -0.230319 8.74982e-10 1.58314e-09 2.57521
769.24 5.76237e-10 5.70575e-10 -0.0428847 8.80436e-10 1.62115e-09 2.65126
770.164 5.93247e-10 5.70604e-10 -0.16901 8.6199e-10 1.55985e-09 2.57581
771.089 5.95824e-10 5.7108e-10 -0.184204 7.88722e-10 1.51733e-09 2.84155
772.013 5.69097e-10 5.66914e-10 -0.0166949 8.69459e-10 1.56083e-09 2.54106
772.938 5.36394e-10 5.58618e-10 0.17631 9.40245e-10 1.52653e-09 2.10465
773.863 5.60199e-10 5.40342e-10 -0.15674 8.82858e-10 1.51843e-09 2.35504
774.787 5.67029e-10 5.42953e-10 -0.188429 8.39654e-10 1.60963e-09 2.82625
775.712 5.56306e-10 5.71679e-10 0.118384 8.74839e-10 1.57306e-09 2.54817
776.636 5.55252e-10 5.6615e-10 0.0844177 8.83833e-10 1.50475e-09 2.31095
777.561 5.70426e-10 5.9746e-10 0.201095 8.69302e-10 1.59395e-09 2.63303
778.485 6.05868e-10 5.87351e-10 -0.134806 8.79542e-10 1.56191e-09 2.49398
779.41 5.98455e-10 5.66212e-10 -0.240523 8.41502e-10 1.57378e-09 2.71889
780.335 5.81021e-10 5.69932e-10 -0.0836861 8.73869e-10 1.53384e-09 2.44335
781.259 5.86643e-10 5.75015e-10 -0.0869472 9.04047e-10 1.52475e-09 2.27007
782.184 5.82999e-10 5.2453e-10 -0.458978 8.55392e-10 1.60763e-09 2.74021
783.108 5.90842e-10 5.69481e-10 -0.159924 8.35721e-10 1.57969e-09 2.7651
784.033 5.8098e-10 6.04782e-10 0.174379 8.66304e-10 1.61034e-09 2.69246
784.957 5.97196e-10 5.68637e-10 -0.212813 8.9253e-10 1.59225e-09 2.5139
785.882 5.85227e-10 5.72256e-10 -0.0973363 9.03026e-10 1.58949e-09 2.45558
786.807 5.6724e-10 5.40582e-10 -0.209048 8.85092e-10 1.57994e-09 2.51651
787.731 5.67797e-10 5.63021e-10 -0.0366856 8.50039e-10 1.50345e-09 2.47651
788.656 5.75758e-10 5.70841e-10 -0.0372443 8.78733e-10 1.47871e-09 2.26027
789.58 5.87562e-10 5.95101e-10 0.0553636 8.96095e-10 1.53544e-09 2.3388
790.505 5.86619e-10 5.53105e-10 -0.255479 8.85215e-10 1.48945e-09 2.25977
791.429 5.89999e-10 5.40137e-10 -0.383469 9.13553e-10 1.45303e-09 2.0154
792.354 5.89376e-10 5.85836e-10 -0.0261651 8.37412e-10 1.51367e-09 2.57093
793.279 5.8441e-10 6.00723e-10 0.119566 7.80769e-10 1.52707e-09 2.91335
794.203 5.64457e-10 5.68851e-10 0.0336787 8.30614e-10 1.53788e-09 2.67523
795.128 5.67212e-10 5.46744e-10 -0.159619 8.54286e-10 1.49769e-09 2.43818
796.052 6.08883e-10 5.60269e-10 -0.36137 8.61733e-10 1.46608e-09 2.30786
796.977 5.78412e-10 5.64436e-10 -0.106225 8.54525e-10 1.58051e-09 2.67073
797.901 5.58653e-10 5.55865e-10 -0.0217312 8.12911e-10 1.56665e-09 2.84929
798.826 5.6966e-10 5.30542e-10 -0.308963 8.59625e-10 1.54556e-09 2.54778
799.751 5.63328e-10 5.22084e-10 -0.330209 8.92318e-10 1.55958e-09 2.42487
800.675 5.45071e-10 5.28219e-10 -0.136397 8.07447e-10 1.49009e-09 2.66098
801.6 5.52012e-10 5.63043e-10 0.0859313 8.8954e-10 1.45434e-09 2.13501
802.524 5.64761e-10 5.72981e-10 0.0627584 8.69834e-10 1.41501e-09 2.11323
803.449 5.97068e-10 5.89733e-10 -0.0536826 8.30609e-10 1.4403e-09 2.39055
804.373 5.82795e-10 5.97386e-10 0.107393 8.46154e-10 1.50465e-09 2.49986
805.298 5.63561e-10 5.99959e-10 0.271807 8.783e-10 1.52238e-09 2.38879
806.222 5.69133e-10 6.14811e-10 0.33528 8.74405e-10 1.51315e-09 2.38169
807.147 6.20995e-10 6.63698e-10 0.288825 8.91988e-10 1.47824e-09 2.19387
808.072 6.31252e-10 6.18036e-10 -0.0918911 9.23231e-10 1.37146e-09 1.71872
808.996 5.99041e-10 5.73428e-10 -0.189774 8.82657e-10 1.36278e-09 1.88635
809.921 5.66975e-10 5.57635e-10 -0.0721426 8.91846e-10 1.4713e-09 2.17412
810.845 5.7559e-10 5.51488e-10 -0.185776 8.71036e-10 1.58387e-09 2.59685
811.77 5.79146e-10 5.61254e-10 -0.136285 7.92284e-10 1.50909e-09 2.79835
812.694 5.84349e-10 5.48717e-10 -0.273234 8.32914e-10 1.47144e-09 2.47141
813.619 6.38191e-10 5.26199e-10 -0.838001 8.7287e-10 1.41624e-09 2.10188
814.544 6.35416e-10 5.27466e-10 -0.808631 8.42452e-10 1.40781e-09 2.22998
815.468 5.82796e-10 5.73188e-10 -0.0721979 8.17124e-10 1.40627e-09 2.3578
816.393 5.35141e-10 5.64679e-10 0.233338 7.92412e-10 1.51643e-09 2.81871
817.317 5.44362e-10 5.4646e-10 0.0167053 8.24656e-10 1.48383e-09 2.55111
818.242 5.70695e-10 5.59629e-10 -0.085037 8.38403e-10 1.46286e-09 2.41751
819.166 5.69614e-10 5.6937e-10 -0.00186062 7.91776e-10 1.48282e-09 2.72486
820.091 5.80449e-10 5.42542e-10 -0.293312 8.13835e-10 1.37192e-09 2.26792
821.016 5.8616e-10 5.34304e-10 -0.402278 8.41841e-10 1.379e-09 2.14334
821.94 5.95648e-10 5.56107e-10 -0.298312 8.54978e-10 1.43192e-09 2.23963
822.865 6.09676e-10 5.43856e-10 -0.496153 8.52139e-10 1.48663e-09 2.41692
823.789 5.69396e-10 5.84862e-10 0.116388 9.05484e-10 1.42798e-09 1.9784
824.714 5.93414e-10 5.74537e-10 -0.140396 8.77817e-10 1.36507e-09 1.91751
825.638 5.83258e-10 5.9127e-10 0.0592474 8.63411e-10 1.36348e-09 1.98433
826.563 5.40412e-10 5.85552e-10 0.348409 8.50746e-10 1.40033e-09 2.1643
827.488 5.55371e-10 5.83865e-10 0.217294 8.37383e-10 1.43917e-09 2.35187
828.412 5.45001e-10 5.71424e-10 0.205612 8.30646e-10 1.3799e-09 2.20431
829.337 5.76128e-10 5.65528e-10 -0.0806512 8.54468e-10 1.40722e-09 2.16666
830.261 6.03026e-10 5.67113e-10 -0.266665 8.54328e-10 1.43675e-09 2.25758
831.186 5.90434e-10 5.83388e-10 -0.0521428 8.20011e-10 1.3553e-09 2.18217
832.11 5.75441e-10 5.78486e-10 0.0229228 8.20397e-10 1.31357e-09 2.0443
833.035 5.56845e-10 5.68582e-10 0.0905934 8.35761e-10 1.38529e-09 2.19459
833.959 5.76401e-10 5.46108e-10 -0.234465 8.36039e-10 1.39253e-09 2.21577
834.884 5.96153e-10 5.64244e-10 -0.23891 8.55006e-10 1.36482e-09 2.03107
835.809 5.80267e-10 5.68743e-10 -0.0871205 8.54588e-10 1.36139e-09 2.02225
836.733 5.6664e-10 5.61362e-10 -0.0406472 8.4927e-10 1.36491e-09 2.06058
837.658 5.51873e-10 5.82959e-10 0.237992 8.36968e-10 1.39365e-09 2.21446
838.582 5.35462e-10 5.81731e-10 0.359941 8.15002e-10 1.40157e-09 2.35457
839.507 5.51312e-10 5.56643e-10 0.0417875 8.0774e-10 1.41928e-09 2.44797
840.431 5.58794e-10 5.94653e-10 0.270115 7.94775e-10 1.45394e-09 2.62303
841.356 5.79044e-10 5.69041e-10 -0.0756833 8.33171e-10 1.4463e-09 2.39523
842.281 6.08256e-10 5.36876e-10 -0.542123 8.53305e-10 1.37324e-09 2.06643
843.205 5.80578e-10 5.64138e-10 -0.124751 8.62918e-10 1.39041e-09 2.07173
844.13 5.97656e-10 5.46495e-10 -0.388654 9.03756e-10 1.29741e-09 1.57026
845.054 5.84979e-10 5.43177e-10 -0.321984 8.59974e-10 1.32151e-09 1.86586
845.979 5.80991e-10 5.61959e-10 -0.144645 8.59524e-10 1.37236e-09 2.0321
846.903 5.64486e-10 5.43163e-10 -0.167226 8.02634e-10 1.33859e-09 2.2213
847.828 5.97248e-10 5.93722e-10 -0.025718 8.26503e-10 1.36447e-09 2.17721
848.753 6.15824e-10 6.0586e-10 -0.0708469 8.55379e-10 1.40493e-09 2.15495
849.677 6.22565e-10 6.043e-10 -0.129321 9.07099e-10 1.3861e-09 1.84138
850.602 5.82881e-10 5.84961e-10 0.0154666 8.37726e-10 1.36726e-09 2.12748
851.526 5.822e-10 5.75225e-10 -0.0523461 8.36134e-10 1.41837e-09 2.29513
852.451 5.95484e-10 5.46131e-10 -0.375734 8.18219e-10 1.28935e-09 1.97501
853.375 5.70719e-10 5.36798e-10 -0.266115 7.84875e-10 1.28242e-09 2.1323
854.3 5.68586e-10 5.53534e-10 -0.116524 8.1856e-10 1.33298e-09 2.11773
855.225 5.77385e-10 5.3829e-10 -0.304489 8.77269e-10 1.3237e-09 1.78656
856.149 6.03578e-10 5.38452e-10 -0.495863 9.02405e-10 1.32965e-09 1.68335
857.074 5.88487e-10 5.3489e-10 -0.414726 8.81797e-10 1.35886e-09 1.87808
857.998 5.99482e-10 5.60989e-10 -0.288215 8.21246e-10 1.35303e-09 2.16836
858.923 6.73587e-10 6.60663e-10 -0.0841376 8.36182e-10 1.53362e-09 2.63417
859.847 9.55428e-10 1.10514e-09 0.632175 1.09672e-09 1.84397e-09 2.25656
860.772 1.73791e-09 1.89836e-09 0.38352 1.62999e-09 2.22433e-09 1.35016
861.696 2.2972e-09 2.02455e-09 -0.548707 1.85407e-09 2.32243e-09 0.978166
862.621 1.47105e-09 1.16489e-09 -1.01342 1.34945e-09 1.71135e-09 1.03183
863.546 6.9199e-10 6.34926e-10 -0.37377 9.2357e-10 1.47692e-09 2.03887
864.47 5.90771e-10 5.66557e-10 -0.181754 8.40577e-10 1.44587e-09 2.35551
865.395 6.1379e-10 5.85508e-10 -0.204871 8.02837e-10 1.42737e-09 2.49909
866.319 6.0104e-10 5.72037e-10 -0.21479 8.48468e-10 1.29797e-09 1.84629
867.244 5.71751e-10 5.67699e-10 -0.0308873 8.28044e-10 1.25106e-09 1.79223
868.168 5.85673e-10 5.71999e-10 -0.102598 8.04144e-10 1.31607e-09 2.13947
869.093 5.92815e-10 5.64312e-10 -0.214006 8.43581e-10 1.29216e-09 1.8519
870.018 5.85221e-10 5.55344e-10 -0.227581 8.3809e-10 1.29997e-09 1.90641
870.942 5.78769e-10 5.72715e-10 -0.0456713 8.18581e-10 1.33175e-09 2.11361
871.867 5.84605e-10 5.80826e-10 -0.0281715 7.99003e-10 1.34658e-09 2.26684
872.791 5.86211e-10 5.875e-10 0.00954023 8.19227e-10 1.32503e-09 2.08822
873.716 6.01768e-10 5.85815e-10 -0.116692 8.43225e-10 1.334e-09 1.99213
874.64 5.64137e-10 5.56749e-10 -0.0572497 8.5425e-10 1.31941e-09 1.88795
875.565 5.58384e-10 5.69019e-10 0.0819433 8.11961e-10 1.29181e-09 2.01663
876.49 5.81926e-10 5.48037e-10 -0.26058 8.59511e-10 1.22754e-09 1.54783
877.414 5.84748e-10 5.59529e-10 -0.191463 8.7031e-10 1.184e-09 1.3368
878.339 6.16156e-10 5.69391e-10 -0.342799 8.89252e-10 1.25521e-09 1.49691
879.263 5.86815e-10 5.50287e-10 -0.27912 8.42121e-10 1.26843e-09 1.77893
880.188 5.70083e-10 5.78857e-10 0.0663318 8.03983e-10 1.28387e-09 2.03273
881.112 5.99051e-10 5.56116e-10 -0.322988 8.13152e-10 1.28242e-09 1.97857
882.037 6.14233e-10 5.62049e-10 -0.385588 8.04284e-10 1.28083e-09 2.0208
882.962 5.81876e-10 6.01835e-10 0.146471 8.08641e-10 1.27855e-09 1.98961
883.886 5.80522e-10 5.55578e-10 -0.19074 7.91169e-10 1.23163e-09 1.92211
884.811 5.73422e-10 5.41825e-10 -0.246155 8.33223e-10 1.25898e-09 1.79258
885.735 6.04953e-10 5.58259e-10 -0.348855 8.46928e-10 1.23305e-09 1.63134
886.66 5.67358e-10 5.78007e-10 0.0807615 8.52796e-10 1.2024e-09 1.49205
887.584 5.77068e-10 5.85315e-10 0.0616316 8.48138e-10 1.25595e-09 1.70507
888.509 5.74615e-10 5.61635e-10 -0.0992278 8.25816e-10 1.28646e-09 1.92513
889.434 5.46695e-10 5.48124e-10 0.0113336 8.40247e-10 1.21547e-09 1.60336
890.358 5.90483e-10 5.46557e-10 -0.335715 8.35211e-10 1.27525e-09 1.83798
891.283 6.21989e-10 5.54164e-10 -0.501444 8.37422e-10 1.30809e-09 1.93693
892.207 6.22285e-10 5.3732e-10 -0.63756 8.67007e-10 1.18646e-09 1.3623
893.132 6.01892e-10 5.14813e-10 -0.678688 8.34148e-10 1.14556e-09 1.37773
894.056 5.77764e-10 5.54266e-10 -0.180325 8.17112e-10 1.18476e-09 1.61348
894.981 5.79456e-10 5.7452e-10 -0.0371547 7.83185e-10 1.17986e-09 1.77965
895.905 5.99982e-10 5.53768e-10 -0.348105 8.55025e-10 1.14463e-09 1.26687
896.83 6.25163e-10 5.35257e-10 -0.674303 8.5303e-10 1.11946e-09 1.18046
897.755 6.02349e-10 5.50175e-10 -0.393471 8.05167e-10 1.14643e-09 1.5346
898.679 5.83589e-10 5.5348e-10 -0.230054 7.59303e-10 1.23553e-09 2.11439
899.604 6.00588e-10 5.7585e-10 -0.182678 7.90717e-10 1.31228e-09 2.20007
900.528 5.84731e-10 5.44872e-10 -0.306612 8.29448e-10 1.28049e-09 1.88586
901.453 6.06802e-10 5.45282e-10 -0.464258 8.03588e-10 1.20702e-09 1.76682
902.377 5.77835e-10 5.42843e-10 -0.271296 8.11842e-10 1.19692e-09 1.68592
903.302 5.76282e-10 5.55245e-10 -0.161498 7.9065e-10 1.22951e-09 1.9175
904.227 6.05077e-10 5.88461e-10 -0.120932 8.18213e-10 1.26201e-09 1.88198
905.151 6.01936e-10 5.64726e-10 -0.277124 8.20176e-10 1.21308e-09 1.69981
906.076 5.76295e-10 5.40755e-10 -0.276441 8.18048e-10 1.15501e-09 1.49806
907 5.64208e-10 5.36465e-10 -0.218974 8.46832e-10 1.17445e-09 1.42038
907.925 5.67516e-10 5.37949e-10 -0.232369 8.53668e-10 1.19448e-09 1.4589
908.849 5.73372e-10 5.55772e-10 -0.135397 8.1097e-10 1.23872e-09 1.83967
909.774 5.45372e-10 5.42061e-10 -0.0264451 7.70707e-10 1.23352e-09 2.04258
910.699 5.32848e-10 5.4977e-10 0.135772 7.89416e-10 1.25039e-09 1.99741
911.623 5.60991e-10 5.34892e-10 -0.206903 8.25837e-10 1.22801e-09 1.72309
912.548 5.73626e-10 5.23664e-10 -0.395766 8.40482e-10 1.21047e-09 1.58426
913.472 5.84105e-10 5.57139e-10 -0.205267 8.37499e-10 1.15956e-09 1.41309
914.397 5.75547e-10 5.66773e-10 -0.0667186 7.97326e-10 1.10824e-09 1.42998
915.321 5.85685e-10 5.61371e-10 -0.184139 8.27795e-10 1.18257e-09 1.54903
916.246 5.97629e-10 5.42181e-10 -0.422872 8.22623e-10 1.21205e-09 1.68319
917.171 5.6604e-10 5.57718e-10 -0.0643261 8.18152e-10 1.18924e-09 1.62436
918.095 5.74297e-10 5.35293e-10 -0.305449 8.44418e-10 1.13589e-09 1.28781
919.02 5.89685e-10 5.15528e-10 -0.583681 8.09111e-10 1.12873e-09 1.44582
919.944 5.66604e-10 5.17136e-10 -0.396749 8.25789e-10 1.15907e-09 1.4724
920.869 5.60426e-10 5.42404e-10 -0.141951 8.32417e-10 1.15433e-09 1.41988
921.793 5.62276e-10 5.26856e-10 -0.282573 7.77618e-10 1.17663e-09 1.79873
922.718 5.70983e-10 5.48238e-10 -0.176539 7.62848e-10 1.18368e-09 1.90795
923.642 5.71958e-10 5.54435e-10 -0.135137 7.89865e-10 1.15579e-09 1.65326
924.567 5.68709e-10 5.52415e-10 -0.126242 7.79101e-10 1.17971e-09 1.80183
925.492 5.72119e-10 5.82608e-10 0.0789038 8.04825e-10 1.19761e-09 1.72613
926.416 5.91075e-10 5.4842e-10 -0.325292 8.13551e-10 1.25144e-09 1.87024
927.341 5.86148e-10 5.38747e-10 -0.366223 9.08015e-10 1.21192e-09 1.25381
928.265 6.16259e-10 4.99886e-10 -0.908928 8.83337e-10 1.17647e-09 1.24455
929.19 5.98634e-10 5.21341e-10 -0.600392 7.4981e-10 1.16009e-09 1.89539
930.114 5.65616e-10 5.35202e-10 -0.240043 7.63953e-10 1.15232e-09 1.78507
931.039 5.58795e-10 5.36628e-10 -0.175794 7.78203e-10 1.24602e-09 2.04431
931.964 5.30878e-10 5.45598e-10 0.118782 7.89362e-10 1.18189e-09 1.75303
932.888 5.45079e-10 5.70863e-10 0.200726 8.10227e-10 1.18647e-09 1.6565
933.813 5.68767e-10 5.53907e-10 -0.114973 7.85856e-10 1.22474e-09 1.927
934.737 5.77976e-10 5.48939e-10 -0.223854 7.97454e-10 1.14731e-09 1.57975
935.662 5.64016e-10 5.4822e-10 -0.123368 8.06933e-10 1.08538e-09 1.28743
936.586 5.62249e-10 5.53377e-10 -0.0690765 8.21006e-10 1.06493e-09 1.12974
937.511 5.78819e-10 5.5829e-10 -0.156832 7.93149e-10 1.10207e-09 1.42853
938.436 5.85351e-10 5.37901e-10 -0.367141 7.54255e-10 1.13556e-09 1.77692
939.36 6.12833e-10 5.15895e-10 -0.747809 7.56579e-10 1.1785e-09 1.92477
940.285 5.82063e-10 5.57373e-10 -0.188241 8.01213e-10 1.18275e-09 1.69143
941.209 5.65031e-10 5.65147e-10 0.000892947 7.90194e-10 1.12398e-09 1.53025
942.134 5.51907e-10 5.51148e-10 -0.00598146 7.78712e-10 1.05902e-09 1.33526
943.058 5.74053e-10 5.37044e-10 -0.289426 8.13896e-10 1.09688e-09 1.29591
943.983 5.93574e-10 5.44627e-10 -0.373751 8.57773e-10 1.12273e-09 1.16904
944.908 5.79651e-10 5.82633e-10 0.0222838 8.06342e-10 1.08901e-09 1.30512
945.832 5.72314e-10 6.00902e-10 0.211692 7.58413e-10 1.13599e-09 1.75468
946.757 5.69551e-10 5.52064e-10 -0.135435 7.83575e-10 1.13271e-09 1.60038
947.681 5.70261e-10 5.60966e-10 -0.0713684 7.6438e-10 1.10152e-09 1.58682
948.606 5.47931e-10 5.42268e-10 -0.0451153 7.69879e-10 1.10001e-09 1.54974
949.53 5.22265e-10 5.35927e-10 0.112147 7.90283e-10 1.15825e-09 1.66021
950.455 5.2352e-10 5.54996e-10 0.253569 8.15073e-10 1.18306e-09 1.61811
951.38 5.49142e-10 5.44606e-10 -0.0360227 7.87314e-10 1.16547e-09 1.70352
952.304 5.5502e-10 5.19591e-10 -0.286471 7.40531e-10 1.18145e-09 2.02871
953.229 5.71476e-10 5.47073e-10 -0.189528 8.00921e-10 1.11576e-09 1.43979
954.153 5.94694e-10 5.23464e-10 -0.554073 8.40043e-10 1.10949e-09 1.20822
955.078 5.84848e-10 5.2707e-10 -0.451749 8.24356e-10 1.19596e-09 1.61601
956.002 6.03241e-10 5.87135e-10 -0.117532 8.11069e-10 1.14811e-09 1.50925
956.927 5.96474e-10 5.60988e-10 -0.266375 8.42936e-10 1.07513e-09 1.05665
957.851 5.65901e-10 5.23456e-10 -0.338607 8.22462e-10 1.05692e-09 1.08927
958.776 5.66344e-10 5.32122e-10 -0.270697 7.65291e-10 1.09024e-09 1.53697
959.701 5.62971e-10 5.37635e-10 -0.199983 7.83226e-10 1.14255e-09 1.63988
960.625 5.60507e-10 5.56382e-10 -0.0320825 7.82898e-10 1.14746e-09 1.66032
961.55 5.63977e-10 5.86892e-10 0.172968 7.91766e-10 1.11546e-09 1.48858
962.474 5.79619e-10 5.67281e-10 -0.0934483 8.35416e-10 1.14973e-09 1.38691
963.399 5.75103e-10 5.4253e-10 -0.253215 8.45844e-10 1.13564e-09 1.27949
964.323 5.56476e-10 5.40396e-10 -0.127349 8.10786e-10 1.11215e-09 1.37258
965.248 5.38157e-10 5.38501e-10 0.00277719 7.90797e-10 1.04711e-09 1.21925
966.173 5.30871e-10 5.60581e-10 0.236491 7.77729e-10 1.04094e-09 1.26596
967.097 5.62684e-10 5.65129e-10 0.0188323 8.20786e-10 1.12712e-09 1.37738
968.022 5.54371e-10 5.84865e-10 0.232551 7.87952e-10 1.10922e-09 1.48518
968.946 5.98864e-10 6.02825e-10 0.0286334 8.50964e-10 1.1933e-09 1.4684
969.871 6.19307e-10 6.10789e-10 -0.0601447 8.5803e-10 1.19676e-09 1.44504
970.795 5.8411e-10 5.71745e-10 -0.0929188 8.30582e-10 1.10101e-09 1.2241
971.72 5.71552e-10 5.56662e-10 -0.114638 7.90262e-10 1.11152e-09 1.48146
972.645 5.57715e-10 5.42497e-10 -0.120148 7.72583e-10 1.10639e-09 1.55965
973.569 5.51997e-10 5.50939e-10 -0.00833149 7.50936e-10 1.15302e-09 1.86233
974.494 5.63044e-10 5.39497e-10 -0.185531 7.61508e-10 1.16574e-09 1.84927
975.418 6.01326e-10 5.21659e-10 -0.617233 7.81598e-10 1.14769e-09 1.6684
976.343 5.70992e-10 5.63891e-10 -0.0543493 8.12937e-10 1.11704e-09 1.38012
977.267 5.44524e-10 5.72011e-10 0.213878 8.0709e-10 1.12718e-09 1.4507
978.192 5.55901e-10 5.39065e-10 -0.133561 8.18073e-10 1.11542e-09 1.34646
979.117 5.93719e-10 5.46327e-10 -0.361283 8.72196e-10 1.14415e-09 1.17871
980.041 5.96352e-10 5.35946e-10 -0.463823 8.61073e-10 1.12465e-09 1.15976
980.966 5.8426e-10 5.44691e-10 -0.304561 7.88147e-10 1.1089e-09 1.48285
981.89 5.68215e-10 5.50828e-10 -0.134973 7.69065e-10 1.10392e-09 1.56976
982.815 5.7945e-10 5.5604e-10 -0.179097 7.53843e-10 1.11432e-09 1.6973
983.739 5.9512e-10 5.62037e-10 -0.248396 7.23005e-10 1.10712e-09 1.85053
984.664 5.86228e-10 5.54163e-10 -0.244287 7.84473e-10 1.03533e-09 1.20502
985.588 5.5961e-10 5.58971e-10 -0.00496231 8.02622e-10 1.07415e-09 1.26555
986.513 5.27895e-10 5.96895e-10 0.533506 7.8131e-10 1.0854e-09 1.42768
987.438 5.56447e-10 5.62777e-10 0.0491211 7.94079e-10 9.91095e-10 0.962516
988.362 5.45259e-10 5.43018e-10 -0.0178913 7.83474e-10 1.05198e-09 1.27983
989.287 5.66701e-10 5.47012e-10 -0.153578 8.04797e-10 1.05166e-09 1.16189
990.211 5.84883e-10 5.34591e-10 -0.390473 8.12672e-10 1.06515e-09 1.17495
991.136 5.79644e-10 5.6134e-10 -0.139352 7.75534e-10 1.10681e-09 1.54471
992.06 5.91225e-10 5.58065e-10 -0.250685 7.43117e-10 1.14067e-09 1.86102
992.985 5.74696e-10 5.27866e-10 -0.36914 7.54885e-10 1.10347e-09 1.64879
993.91 5.52294e-10 5.14264e-10 -0.309843 7.49346e-10 1.1056e-09 1.68916
994.834 5.43014e-10 5.23129e-10 -0.162027 7.62045e-10 1.09918e-09 1.5909
995.759 5.47008e-10 5.65311e-10 0.142938 8.25648e-10 1.07326e-09 1.1391
996.683 5.46601e-10 5.69061e-10 0.174885 8.01842e-10 1.1307e-09 1.49259
997.608 5.30889e-10 5.43372e-10 0.100929 7.65366e-10 1.12223e-09 1.66213
998.532 5.19601e-10 5.57824e-10 0.308274 7.87656e-10 1.07994e-09 1.37065
999.457 5.62562e-10 5.49826e-10 -0.0994517 8.3505e-10 1.06238e-09 1.04566
1000.38 5.97787e-10 5.2312e-10 -0.579446 8.07035e-10 1.04957e-09 1.14121
1001.31 5.66937e-10 5.44553e-10 -0.174941 7.81669e-10 1.04979e-09 1.28079
1002.23 5.75267e-10 5.45006e-10 -0.234686 7.85084e-10 1.06758e-09 1.33486
1003.16 5.75389e-10 5.32036e-10 -0.340203 7.94522e-10 1.04234e-09 1.17905
1004.08 5.92169e-10 5.06461e-10 -0.679002 7.83101e-10 1.04019e-09 1.23295
1005 5.88582e-10 5.46183e-10 -0.324689 7.41494e-10 1.03314e-09 1.44051
1005.93 5.4336e-10 5.26979e-10 -0.132939 7.51086e-10 1.00085e-09 1.24681
1006.85 5.42649e-10 5.2143e-10 -0.173229 7.24304e-10 1.06119e-09 1.65872
1007.78 5.45892e-10 5.26506e-10 -0.157033 7.76723e-10 1.10065e-09 1.51383
1008.7 5.40292e-10 5.59901e-10 0.154828 8.05695e-10 1.08898e-09 1.30849
1009.63 5.65611e-10 5.45637e-10 -0.156137 8.03645e-10 1.03214e-09 1.08676
1010.55 5.70531e-10 5.15478e-10 -0.440686 8.17611e-10 1.01053e-09 0.920018
1011.48 5.81625e-10 5.273e-10 -0.425856 7.6753e-10 1.01317e-09 1.20587
1012.4 5.62144e-10 5.30507e-10 -0.251569 7.78947e-10 1.08295e-09 1.43102
1013.33 5.48714e-10 5.23442e-10 -0.204777 7.94336e-10 1.07384e-09 1.30935
1014.25 5.66578e-10 5.32342e-10 -0.270689 8.03928e-10 1.10244e-09 1.3714
1015.17 5.74967e-10 5.42273e-10 -0.254247 7.6003e-10 1.08262e-09 1.53646
1016.1 5.81483e-10 5.28726e-10 -0.413058 7.79175e-10 1.02533e-09 1.19229
1017.02 6.01686e-10 5.19939e-10 -0.63418 7.87909e-10 1.05131e-09 1.25256
1017.95 6.13718e-10 5.48831e-10 -0.485308 7.77792e-10 1.03059e-09 1.22221
1018.87 5.78275e-10 5.57329e-10 -0.160226 7.96855e-10 1.01277e-09 1.0413
1019.8 5.6147e-10 5.41994e-10 -0.15332 7.96765e-10 1.00663e-09 1.0154
1020.72 5.64456e-10 5.20047e-10 -0.35588 7.71907e-10 1.04171e-09 1.30181
1021.65 5.80919e-10 5.563e-10 -0.188065 8.12241e-10 1.06719e-09 1.18558
1022.57 6.03822e-10 5.96054e-10 -0.0562316 8.52165e-10 1.0756e-09 1.01128
1023.5 6.24929e-10 5.71108e-10 -0.391124 8.08729e-10 1.07269e-09 1.2267
1024.42 6.04865e-10 5.31254e-10 -0.563564 7.84777e-10 1.00458e-09 1.07236
1025.34 5.74352e-10 5.1456e-10 -0.477422 8.05206e-10 1.04916e-09 1.14936
1026.27 5.5439e-10 5.46999e-10 -0.0582884 7.80899e-10 1.08335e-09 1.42175
1027.19 5.56331e-10 5.36763e-10 -0.155511 8.04595e-10 1.07312e-09 1.2507
1028.12 5.95599e-10 5.30616e-10 -0.501739 7.90243e-10 1.0991e-09 1.43277
1029.04 5.60736e-10 5.36928e-10 -0.188424 7.66322e-10 1.06211e-09 1.41758
1029.97 5.51399e-10 5.18068e-10 -0.270794 7.67498e-10 1.07844e-09 1.4772
1030.89 5.99699e-10 5.38237e-10 -0.4696 7.96747e-10 1.03811e-09 1.14924
1031.82 5.85087e-10 5.49142e-10 -0.275357 7.79064e-10 1.03539e-09 1.23531
1032.74 5.45613e-10 5.06074e-10 -0.326704 8.04903e-10 9.76048e-10 0.837275
1033.67 5.62682e-10 5.00475e-10 -0.508801 7.82619e-10 9.78188e-10 0.968716
1034.59 5.33318e-10 5.02949e-10 -0.254619 8.108e-10 9.7954e-10 0.821083
1035.52 5.53568e-10 5.26749e-10 -0.215669 7.99942e-10 1.02138e-09 1.06129
1036.44 5.61237e-10 5.24098e-10 -0.297336 8.06505e-10 1.0146e-09 0.996864
1037.36 5.22657e-10 5.34197e-10 0.0948459 8.0794e-10 1.01488e-09 0.990366
1038.29 5.47492e-10 5.31903e-10 -0.125452 8.02293e-10 9.76419e-10 0.853036
1039.21 5.65592e-10 5.31864e-10 -0.267028 7.6492e-10 9.59062e-10 0.982306
1040.14 5.63294e-10 5.37755e-10 -0.201502 7.48325e-10 9.85335e-10 1.19494
1041.06 5.64401e-10 5.43141e-10 -0.166757 8.10496e-10 9.7882e-10 0.819518
1041.99 5.68551e-10 5.48008e-10 -0.15983 8.16105e-10 9.80929e-10 0.798916
1042.91 6.04125e-10 5.17202e-10 -0.674667 8.38206e-10 9.73702e-10 0.650755
1043.84 5.78889e-10 5.30703e-10 -0.377433 7.98178e-10 9.30167e-10 0.66461
1044.76 5.75827e-10 5.54647e-10 -0.162753 7.94449e-10 9.99355e-10 0.996535
1045.69 5.75834e-10 5.70281e-10 -0.0420828 8.12348e-10 1.04134e-09 1.07853
1046.61 5.67955e-10 5.40586e-10 -0.214486 7.92756e-10 9.95698e-10 0.98988
1047.53 5.7349e-10 5.35379e-10 -0.298645 8.24076e-10 9.97481e-10 0.829373
1048.46 5.56011e-10 5.29291e-10 -0.213893 7.60707e-10 1.05396e-09 1.41605
1049.38 5.66717e-10 5.22882e-10 -0.349631 7.39772e-10 1.05472e-09 1.54039
1050.31 6.01012e-10 5.18628e-10 -0.640274 7.45271e-10 9.79413e-10 1.18652
1051.23 5.75078e-10 5.30831e-10 -0.347705 7.42209e-10 9.85641e-10 1.23193
1052.16 5.85485e-10 5.4257e-10 -0.330598 7.76265e-10 9.87411e-10 1.04488
1053.08 5.69951e-10 5.62811e-10 -0.0547511 7.62666e-10 9.9617e-10 1.15999
1054.01 5.42562e-10 5.47064e-10 0.0358893 7.50578e-10 1.0005e-09 1.24821
1054.93 5.67507e-10 5.32736e-10 -0.274588 7.93872e-10 9.9315e-10 0.972641
1055.86 5.94502e-10 5.36559e-10 -0.445353 7.79669e-10 9.74694e-10 0.969579
1056.78 5.71019e-10 5.27441e-10 -0.344767 7.9239e-10 1.00594e-09 1.03635
1057.7 5.65878e-10 5.51026e-10 -0.115511 7.9192e-10 9.8636e-10 0.953545
1058.63 5.51887e-10 5.46797e-10 -0.0402453 7.40515e-10 9.6478e-10 1.14895
1059.55 5.58687e-10 5.40154e-10 -0.146509 7.63988e-10 9.43378e-10 0.915997
1060.48 5.68243e-10 5.38586e-10 -0.232789 7.75466e-10 9.34429e-10 0.809834
1061.4 5.79666e-10 5.17778e-10 -0.490343 8.04132e-10 9.2956e-10 0.629499
1062.33 5.83765e-10 5.20935e-10 -0.494546 7.68507e-10 9.95524e-10 1.12404
1063.25 5.63146e-10 5.07587e-10 -0.451102 7.59129e-10 1.00974e-09 1.23893
1064.18 5.69023e-10 4.9647e-10 -0.59237 7.75189e-10 9.85791e-10 1.04377
1065.1 5.80739e-10 5.23853e-10 -0.447714 8.15138e-10 9.70835e-10 0.759147
1066.03 5.80911e-10 5.62073e-10 -0.143171 8.04987e-10 9.8395e-10 0.871842
1066.95 5.66654e-10 5.66893e-10 0.00182911 7.96273e-10 9.68187e-10 0.848972
1067.87 5.50277e-10 5.50183e-10 -0.000749017 7.79262e-10 9.61235e-10 0.911462
1068.8 5.62482e-10 5.26215e-10 -0.289459 7.77819e-10 9.78134e-10 0.995201
1069.72 5.67127e-10 5.07078e-10 -0.486052 7.58996e-10 9.83702e-10 1.12624
1070.65 5.44916e-10 5.12758e-10 -0.264173 7.55667e-10 9.76137e-10 1.11181
1071.57 5.49408e-10 5.23856e-10 -0.206837 7.66815e-10 9.68634e-10 1.01469
1072.5 5.80026e-10 5.50669e-10 -0.22557 7.56459e-10 9.91861e-10 1.17665
1073.42 6.27584e-10 5.40346e-10 -0.650003 7.925e-10 9.8346e-10 0.937573
1074.35 7.24125e-10 6.77844e-10 -0.286841 8.07671e-10 1.04354e-09 1.11274
1075.27 8.92424e-10 9.28611e-10 0.172625 8.88863e-10 1.18952e-09 1.26538
1076.2 1.24402e-09 1.23476e-09 -0.0324588 1.16297e-09 1.36231e-09 0.687075
1077.12 1.42264e-09 1.27238e-09 -0.484766 1.30733e-09 1.48593e-09 0.556121
1078.05 1.08945e-09 9.04547e-10 -0.807783 1.07634e-09 1.23559e-09 0.599267
1078.97 7.21904e-10 6.02082e-10 -0.788241 8.43266e-10 1.03204e-09 0.877312
1079.89 5.85366e-10 5.32538e-10 -0.410768 7.99184e-10 9.33068e-10 0.672668
1080.82 5.71826e-10 5.29466e-10 -0.334259 7.46281e-10 9.8268e-10 1.1951
1081.74 5.62148e-10 5.43416e-10 -0.147182 7.66724e-10 1.00197e-09 1.16214
1082.67 5.52081e-10 5.1709e-10 -0.284366 7.34334e-10 9.56049e-10 1.14587
1083.59 5.7153e-10 5.15737e-10 -0.446111 7.46386e-10 9.41222e-10 1.00728
1084.52 5.79484e-10 5.26726e-10 -0.414568 7.65678e-10 9.67571e-10 1.01636
1085.44 5.59634e-10 5.12777e-10 -0.37975 7.55284e-10 9.74316e-10 1.10589
1086.37 5.6865e-10 4.92546e-10 -0.623984 7.63571e-10 9.24241e-10 0.829361
1087.29 5.84803e-10 4.89909e-10 -0.76894 7.87966e-10 9.3459e-10 0.741137
1088.22 5.8515e-10 5.16542e-10 -0.541612 7.5964e-10 9.65391e-10 1.04096
1089.14 5.70756e-10 5.10627e-10 -0.483471 7.34277e-10 9.27244e-10 1.01334
1090.06 5.6163e-10 5.09173e-10 -0.425844 7.02834e-10 9.38985e-10 1.25806
1090.99 5.71611e-10 5.16888e-10 -0.437041 7.35117e-10 9.41402e-10 1.07419
1091.91 5.5075e-10 5.01629e-10 -0.405713 7.39491e-10 9.19894e-10 0.948048
1092.84 5.72734e-10 5.07075e-10 -0.52881 7.52766e-10 9.50953e-10 1.01499
1093.76 5.81423e-10 5.33593e-10 -0.372826 7.65988e-10 9.88846e-10 1.10906
1094.69 5.58977e-10 5.27079e-10 -0.255189 7.57111e-10 9.14392e-10 0.819728
1095.61 5.59186e-10 5.27984e-10 -0.249356 7.64682e-10 9.3576e-10 0.876835
1096.54 5.30388e-10 5.23525e-10 -0.0565652 7.18928e-10 1.01763e-09 1.50904
1097.46 5.62735e-10 5.12139e-10 -0.409163 7.25292e-10 9.31623e-10 1.08727
1098.39 5.94291e-10 5.05961e-10 -0.698821 7.48237e-10 9.05389e-10 0.827963
1099.31 5.76624e-10 5.00077e-10 -0.618557 7.60476e-10 9.13744e-10 0.79739
1100.23 5.83978e-10 5.01873e-10 -0.658029 7.91053e-10 8.96053e-10 0.541281
1101.16 6.01585e-10 5.39812e-10 -0.470545 7.63216e-10 9.45561e-10 0.930424
1102.08 5.73586e-10 5.48737e-10 -0.192344 7.49297e-10 9.69896e-10 1.12071
1103.01 5.82736e-10 5.34462e-10 -0.375549 7.69085e-10 9.54063e-10 0.936024
1103.93 6.17928e-10 5.25382e-10 -0.704629 7.51178e-10 9.46729e-10 1.00483
1104.86 5.6984e-10 5.05289e-10 -0.522128 7.52856e-10 9.43804e-10 0.981701
1105.78 5.43389e-10 5.04104e-10 -0.325911 7.65141e-10 9.58921e-10 0.980416
1106.71 5.60891e-10 5.10251e-10 -0.410945 7.09107e-10 9.76056e-10 1.38763
1107.63 5.77432e-10 5.05041e-10 -0.581737 7.38583e-10 9.47834e-10 1.08333
1108.56 5.68335e-10 5.04651e-10 -0.516129 8.07295e-10 9.5394e-10 0.724887
1109.48 5.87908e-10 5.18099e-10 -0.548964 8.04764e-10 9.02781e-10 0.499136
1110.41 5.82679e-10 5.2163e-10 -0.480662 8.01085e-10 9.06293e-10 0.535901
1111.33 5.37731e-10 4.93771e-10 -0.370392 7.73366e-10 9.25109e-10 0.778077
1112.25 5.40569e-10 4.95087e-10 -0.381697 7.43123e-10 9.0983e-10 0.878995
1113.18 5.50363e-10 5.15189e-10 -0.286825 7.5564e-10 8.89474e-10 0.708183
1114.1 5.95721e-10 4.97945e-10 -0.778615 7.81252e-10 9.00988e-10 0.619275
1115.03 6.05618e-10 5.05927e-10 -0.781114 7.61625e-10 9.39623e-10 0.912124
1115.95 5.92449e-10 5.20476e-10 -0.562499 7.52519e-10 9.96763e-10 1.22074
1116.88 5.87785e-10 5.28205e-10 -0.464159 7.79557e-10 1.01776e-09 1.15797
1117.8 5.55779e-10 4.9532e-10 -0.500167 8.07482e-10 9.73588e-10 0.812422
1118.73 5.64331e-10 4.84168e-10 -0.665378 8.0572e-10 9.27816e-10 0.612776
1119.65 5.88181e-10 5.07152e-10 -0.643725 7.57995e-10 9.72884e-10 1.08395
1120.58 5.90824e-10 5.013e-10 -0.713603 7.58252e-10 9.71456e-10 1.0761
1121.5 5.49936e-10 5.2045e-10 -0.239326 7.53113e-10 9.81417e-10 1.14994
1122.42 5.804e-10 5.30069e-10 -0.393949 7.53707e-10 9.706e-10 1.09837
1123.35 5.8164e-10 5.32711e-10 -0.381626 8.02323e-10 9.55902e-10 0.760641
1124.27 5.86217e-10 5.13059e-10 -0.578915 8.08526e-10 9.25784e-10 0.588156
1125.2 5.76658e-10 5.1533e-10 -0.488329 7.71298e-10 9.41607e-10 0.866478
1126.12 5.74377e-10 5.269e-10 -0.37469 7.77234e-10 9.32041e-10 0.788833
1127.05 5.63248e-10 5.12578e-10 -0.409403 7.71478e-10 8.86195e-10 0.602055
1127.97 5.28094e-10 5.1888e-10 -0.0764455 7.67777e-10 9.0951e-10 0.735727
1128.9 5.70501e-10 5.40093e-10 -0.237875 7.9421e-10 9.3246e-10 0.696946
1129.82 6.19563e-10 5.50687e-10 -0.511804 8.00144e-10 9.08699e-10 0.552518
1130.75 6.45195e-10 5.73045e-10 -0.515019 8.37203e-10 9.37124e-10 0.489662
1131.67 6.30392e-10 5.58945e-10 -0.522412 7.85466e-10 9.25151e-10 0.710849
1132.59 6.05739e-10 5.12607e-10 -0.725013 7.53023e-10 8.54043e-10 0.546716
1133.52 5.48469e-10 5.16668e-10 -0.259405 6.90089e-10 8.63692e-10 0.974534
1134.44 5.43003e-10 5.17722e-10 -0.207054 6.93604e-10 9.25355e-10 1.25197
1135.37 5.73147e-10 5.13918e-10 -0.47372 7.55291e-10 9.29499e-10 0.901344
1136.29 5.62258e-10 5.24749e-10 -0.299837 7.71243e-10 9.4192e-10 0.868225
1137.22 5.88183e-10 5.38633e-10 -0.382193 7.14219e-10 9.2896e-10 1.14166
1138.14 5.99587e-10 5.07622e-10 -0.723115 7.37175e-10 9.32613e-10 1.02131
1139.07 5.81758e-10 4.88189e-10 -0.761542 7.64147e-10 9.73815e-10 1.053
1139.99 5.64943e-10 5.09561e-10 -0.448087 8.00002e-10 9.45569e-10 0.726022
1140.92 5.53549e-10 5.19653e-10 -0.274428 8.40549e-10 9.57773e-10 0.566999
1141.84 5.7786e-10 5.00617e-10 -0.623175 8.22434e-10 9.27389e-10 0.521606
1142.76 5.98661e-10 4.71252e-10 -1.03928 7.67579e-10 9.51622e-10 0.933414
1143.69 5.87222e-10 4.89681e-10 -0.78889 7.29114e-10 9.10691e-10 0.965755
1144.61 5.74614e-10 5.03981e-10 -0.569621 7.39301e-10 9.00654e-10 0.857365
1145.54 5.29901e-10 5.19426e-10 -0.0867122 7.34329e-10 8.73087e-10 0.751667
1146.46 5.63654e-10 5.43289e-10 -0.159821 7.46714e-10 8.92497e-10 0.774524
1147.39 5.86208e-10 5.32928e-10 -0.413829 7.88057e-10 9.17908e-10 0.662417
1148.31 5.34159e-10 5.19951e-10 -0.117084 7.4526e-10 9.03084e-10 0.834203
1149.24 5.51e-10 5.29149e-10 -0.175736 7.50596e-10 8.81631e-10 0.698802
1150.16 5.82582e-10 5.23767e-10 -0.462192 7.31886e-10 8.77759e-10 0.789318
1151.09 5.60767e-10 5.35018e-10 -0.204135 7.13636e-10 9.35898e-10 1.17752
1152.01 5.35158e-10 5.10589e-10 -0.204103 7.79117e-10 9.11876e-10 0.68333
1152.94 5.85071e-10 5.05804e-10 -0.632263 7.97963e-10 9.24223e-10 0.63794
1153.86 5.79535e-10 5.24366e-10 -0.434452 8.12481e-10 9.06833e-10 0.47714
1154.78 5.46875e-10 5.41871e-10 -0.0399273 7.83432e-10 8.85838e-10 0.533529
1155.71 5.7085e-10 5.37177e-10 -0.264042 8.01596e-10 8.61674e-10 0.313875
1156.63 5.93651e-10 5.49646e-10 -0.334483 7.92225e-10 8.987e-10 0.547662
1157.56 6.08983e-10 5.1813e-10 -0.701664 7.40391e-10 9.01889e-10 0.856921
1158.48 5.76687e-10 4.92177e-10 -0.68819 7.58413e-10 9.47849e-10 0.968333
1159.41 5.56548e-10 4.75738e-10 -0.681346 7.69914e-10 8.96028e-10 0.658791
1160.33 5.61255e-10 5.19588e-10 -0.335014 7.61193e-10 8.69862e-10 0.57956
1161.26 5.72021e-10 5.43498e-10 -0.222139 7.29036e-10 8.66902e-10 0.752212
1162.18 5.68536e-10 5.08846e-10 -0.481714 7.33808e-10 8.77365e-10 0.77598
1163.11 5.59673e-10 5.01898e-10 -0.473185 7.44032e-10 9.08651e-10 0.868052
1164.03 5.56432e-10 5.12052e-10 -0.360986 7.51352e-10 8.90117e-10 0.736036
1164.95 5.57664e-10 5.36035e-10 -0.171792 7.76622e-10 8.8243e-10 0.55471
1165.88 5.73088e-10 5.1543e-10 -0.460512 7.68384e-10 8.70619e-10 0.542496
1166.8 5.80933e-10 5.06564e-10 -0.59492 7.76318e-10 8.52049e-10 0.404246
1167.73 5.86643e-10 5.12754e-10 -0.584649 7.95501e-10 8.95888e-10 0.516129
1168.65 5.76814e-10 5.39908e-10 -0.287164 7.87185e-10 8.91093e-10 0.538461
1169.58 5.68337e-10 5.23975e-10 -0.352953 7.58754e-10 9.00044e-10 0.741632
1170.5 5.54617e-10 5.18355e-10 -0.293662 7.60354e-10 8.73915e-10 0.604535
1171.43 5.61678e-10 5.39463e-10 -0.175262 7.70937e-10 9.28062e-10 0.805585
1172.35 5.55592e-10 5.40831e-10 -0.116943 7.73464e-10 9.36833e-10 0.832222
1173.28 6.0084e-10 5.20343e-10 -0.624689 8.13805e-10 8.97337e-10 0.424354
1174.2 6.05171e-10 5.0119e-10 -0.818761 7.74605e-10 9.20473e-10 0.749308
1175.12 5.46261e-10 4.72402e-10 -0.630888 7.56852e-10 9.17128e-10 0.834189
1176.05 5.53997e-10 4.93408e-10 -0.503011 8.02209e-10 9.4923e-10 0.730839
1176.97 5.75961e-10 5.016e-10 -0.600359 7.81217e-10 9.45026e-10 0.826717
1177.9 5.70251e-10 4.78734e-10 -0.759716 7.44408e-10 8.99802e-10 0.82336
1178.82 6.02064e-10 5.06203e-10 -0.753179 7.90916e-10 8.8243e-10 0.4755
1179.75 5.84533e-10 5.36614e-10 -0.371468 7.78266e-10 9.05066e-10 0.655523
1180.67 5.80549e-10 5.40436e-10 -0.310945 7.61466e-10 9.07439e-10 0.761669
1181.6 5.87743e-10 5.30006e-10 -0.449064 7.61554e-10 8.94621e-10 0.699385
1182.52 5.99289e-10 5.25402e-10 -0.571443 7.7693e-10 9.33498e-10 0.797311
1183.45 6.39634e-10 5.50056e-10 -0.655242 7.92481e-10 9.53031e-10 0.80118
1184.37 6.43058e-10 5.69011e-10 -0.531291 8.23867e-10 9.35979e-10 0.554091
1185.29 6.22762e-10 5.38835e-10 -0.628659 8.61329e-10 8.97547e-10 0.178881
1186.22 5.99102e-10 5.34001e-10 -0.499589 8.17416e-10 8.89776e-10 0.368378
1187.14 5.66232e-10 5.12848e-10 -0.430061 7.92158e-10 8.82897e-10 0.470982
1188.07 5.49925e-10 5.19201e-10 -0.249679 7.91116e-10 8.58971e-10 0.357378
1188.99 5.55158e-10 5.26521e-10 -0.230008 7.74656e-10 8.56051e-10 0.433907
1189.92 5.60378e-10 5.21555e-10 -0.311807 7.72027e-10 8.72688e-10 0.532264
1190.84 5.72208e-10 5.10812e-10 -0.492922 7.97575e-10 8.9524e-10 0.501679
1191.77 5.56876e-10 5.06334e-10 -0.413218 8.05234e-10 8.89678e-10 0.43311
1192.69 5.75265e-10 5.13981e-10 -0.489203 7.90253e-10 8.62773e-10 0.381302
1193.62 5.67111e-10 5.46859e-10 -0.157927 7.52635e-10 8.55211e-10 0.554885
1194.54 5.46474e-10 5.31462e-10 -0.120969 7.72836e-10 8.71865e-10 0.523623
1195.47 5.34923e-10 5.06422e-10 -0.237791 7.94653e-10 8.83831e-10 0.461918
1196.39 5.68926e-10 5.13968e-10 -0.441198 7.95764e-10 8.65375e-10 0.364199
1197.31 5.90426e-10 5.34943e-10 -0.428576 7.60914e-10 8.72189e-10 0.592748
1198.24 5.78829e-10 5.26734e-10 -0.409592 7.52818e-10 8.70719e-10 0.631878
1199.16 5.66495e-10 5.26986e-10 -0.313978 8.06401e-10 8.9621e-10 0.458588
1200.09 5.65587e-10 5.37577e-10 -0.220592 7.70081e-10 9.11269e-10 0.731099
1201.01 5.64524e-10 4.99193e-10 -0.534135 7.4703e-10 8.91291e-10 0.766819
1201.94 5.80415e-10 5.13661e-10 -0.530614 7.25217e-10 8.62983e-10 0.755339
1202.86 5.47736e-10 5.12211e-10 -0.291224 7.64805e-10 8.99947e-10 0.706665
1203.79 5.61551e-10 5.15469e-10 -0.37187 7.96653e-10 9.34932e-10 0.69511
1204.71 5.47281e-10 5.33655e-10 -0.109504 7.87483e-10 9.15166e-10 0.652589
1205.64 5.66914e-10 5.28513e-10 -0.304614 7.73491e-10 9.0745e-10 0.693675
1206.56 5.81947e-10 5.14487e-10 -0.535094 7.94108e-10 9.16977e-10 0.624786
1207.48 5.5967e-10 5.13153e-10 -0.376849 7.69658e-10 9.11525e-10 0.734708
1208.41 5.49265e-10 5.10161e-10 -0.320741 7.50933e-10 8.92218e-10 0.748697
1209.33 5.64908e-10 4.95138e-10 -0.572513 7.75008e-10 8.86474e-10 0.583597
1210.26 5.46584e-10 4.87708e-10 -0.494967 7.69823e-10 8.7653e-10 0.563759
1211.18 5.71246e-10 4.93992e-10 -0.631036 7.94508e-10 9.08717e-10 0.583307
1212.11 5.79857e-10 5.00402e-10 -0.640022 8.115e-10 9.17752e-10 0.534367
1213.03 5.62978e-10 5.27463e-10 -0.282992 8.08233e-10 9.05026e-10 0.491242
1213.96 5.37118e-10 5.41987e-10 0.0391932 7.74414e-10 9.22065e-10 0.757884
1214.88 5.4545e-10 5.33157e-10 -0.098995 8.02916e-10 9.03281e-10 0.511525
1215.81 5.5249e-10 5.19641e-10 -0.266215 7.65747e-10 9.32352e-10 0.854946
1216.73 5.62125e-10 5.26981e-10 -0.280382 7.27465e-10 9.31804e-10 1.07513
1217.65 5.87443e-10 5.22705e-10 -0.507093 7.59478e-10 8.68014e-10 0.580117
1218.58 5.87014e-10 5.0259e-10 -0.674347 7.90923e-10 9.17863e-10 0.64644
1219.5 5.63038e-10 5.10228e-10 -0.42773 7.87704e-10 8.93083e-10 0.545287
1220.43 5.32075e-10 4.78505e-10 -0.460858 7.53975e-10 8.5711e-10 0.556799
1221.35 5.21655e-10 5.12704e-10 -0.0751634 7.6808e-10 8.81757e-10 0.599427
1222.28 5.52385e-10 5.17889e-10 -0.280053 7.90511e-10 9.19057e-10 0.654344
1223.2 5.62772e-10 4.9564e-10 -0.551662 7.76059e-10 9.16794e-10 0.723769
1224.13 5.49904e-10 4.97319e-10 -0.436515 7.96766e-10 8.69301e-10 0.378397
1225.05 5.67276e-10 5.40898e-10 -0.206791 7.99201e-10 8.98685e-10 0.509517
1225.98 5.76052e-10 5.20255e-10 -0.442456 7.65964e-10 8.62589e-10 0.515954
1226.9 5.54343e-10 5.14332e-10 -0.325353 7.45868e-10 8.07904e-10 0.346978
1227.83 5.35936e-10 5.01265e-10 -0.290463 8.02852e-10 8.45597e-10 0.225278
1228.75 5.59804e-10 5.25999e-10 -0.270511 7.95469e-10 8.65861e-10 0.368253
1229.67 5.49149e-10 5.01027e-10 -0.398291 7.58403e-10 8.45709e-10 0.473208
1230.6 5.34033e-10 5.16297e-10 -0.146685 7.35363e-10 8.44178e-10 0.599323
1231.52 5.38327e-10 5.0143e-10 -0.30836 7.60163e-10 8.59859e-10 0.535206
1232.45 5.88253e-10 5.03032e-10 -0.679687 7.70416e-10 8.64233e-10 0.499053
1233.37 5.79399e-10 5.1413e-10 -0.519045 7.48932e-10 8.96745e-10 0.782263
1234.3 5.57126e-10 5.17666e-10 -0.319037 7.6799e-10 8.77703e-10 0.579923
1235.22 5.57399e-10 4.99531e-10 -0.476039 7.95389e-10 8.56418e-10 0.321061
1236.15 5.78491e-10 4.96864e-10 -0.660593 8.12469e-10 9.00425e-10 0.446406
1237.07 5.68956e-10 5.07697e-10 -0.494736 8.05924e-10 8.64036e-10 0.302375
1238 5.40831e-10 5.11369e-10 -0.243272 8.54892e-10 8.91451e-10 0.181861
1238.92 5.59875e-10 5.3055e-10 -0.233654 8.1807e-10 9.08861e-10 0.457074
1239.84 5.74112e-10 5.40588e-10 -0.261306 7.52358e-10 8.70773e-10 0.634802
1240.77 5.93509e-10 5.23794e-10 -0.542669 7.61083e-10 8.53829e-10 0.49939
1241.69 5.93822e-10 5.0297e-10 -0.721138 7.71652e-10 9.11728e-10 0.724435
1242.62 5.6479e-10 5.01367e-10 -0.517311 7.80635e-10 9.03888e-10 0.636671
1243.54 5.82722e-10 5.22177e-10 -0.47643 7.44044e-10 8.71734e-10 0.687854
1244.47 5.77876e-10 5.28865e-10 -0.384895 7.29958e-10 8.60759e-10 0.715835
1245.39 5.25324e-10 5.19436e-10 -0.0489547 7.18743e-10 8.74844e-10 0.853569
1246.32 5.36557e-10 5.22484e-10 -0.115429 7.54636e-10 8.68181e-10 0.608725
1247.24 5.5529e-10 5.34528e-10 -0.165492 7.57553e-10 8.74047e-10 0.621218
1248.17 5.36224e-10 5.33458e-10 -0.0224571 8.00602e-10 8.86718e-10 0.443689
1249.09 5.33767e-10 5.24337e-10 -0.0774065 7.76337e-10 8.80574e-10 0.547156
1250.01 5.74301e-10 5.36823e-10 -0.293089 7.45291e-10 8.90977e-10 0.775404
1250.94 5.9228e-10 5.5099e-10 -0.313833 8.07135e-10 8.87416e-10 0.411811
1251.86 5.63634e-10 5.55608e-10 -0.0622893 7.92161e-10 9.09973e-10 0.602149
1252.79 5.40148e-10 5.23503e-10 -0.13594 7.55081e-10 9.25222e-10 0.882526
1253.71 5.55698e-10 4.93797e-10 -0.512903 7.64511e-10 8.92218e-10 0.670872
1254.64 5.82864e-10 5.13702e-10 -0.548561 7.66039e-10 8.64956e-10 0.527428
1255.56 5.63275e-10 5.30553e-10 -0.259917 7.19468e-10 8.23662e-10 0.58738
1256.49 5.43524e-10 5.29382e-10 -0.114495 7.16129e-10 8.74341e-10 0.866895
1257.41 5.86837e-10 5.45675e-10 -0.315833 7.7953e-10 8.32393e-10 0.284952
1258.34 6.0702e-10 5.42294e-10 -0.489677 7.91075e-10 8.35461e-10 0.237086
1259.26 6.00581e-10 5.6022e-10 -0.302131 7.26896e-10 9.42408e-10 1.12767
1260.18 5.94702e-10 5.5638e-10 -0.289278 7.3817e-10 9.56156e-10 1.12372
1261.11 5.94793e-10 5.37797e-10 -0.437478 7.85434e-10 9.03694e-10 0.609121
1262.03 5.63045e-10 5.23697e-10 -0.314631 7.66168e-10 8.86284e-10 0.632487
1262.96 5.44905e-10 5.51072e-10 0.0488773 7.14073e-10 8.65805e-10 0.836775
1263.88 5.47442e-10 5.63966e-10 0.129153 7.14465e-10 8.88525e-10 0.94689
1264.81 5.73199e-10 5.51343e-10 -0.168831 7.52715e-10 8.97322e-10 0.763177
1265.73 5.60949e-10 5.26874e-10 -0.272163 7.8488e-10 8.63637e-10 0.41528
1266.66 5.58183e-10 4.95515e-10 -0.517197 7.8115e-10 8.78985e-10 0.512466
1267.58 5.65379e-10 5.08754e-10 -0.458322 7.90461e-10 8.75503e-10 0.443774
1268.51 5.73766e-10 5.28569e-10 -0.356331 7.70463e-10 8.97726e-10 0.663921
1269.43 5.54032e-10 5.35586e-10 -0.147054 7.7869e-10 8.97181e-10 0.615157
1270.36 5.55006e-10 5.27737e-10 -0.218803 7.77959e-10 9.13662e-10 0.698288
1271.28 5.74762e-10 5.32778e-10 -0.329416 7.62654e-10 9.51078e-10 0.958885
1272.2 5.86867e-10 5.41146e-10 -0.352248 7.91616e-10 9.40306e-10 0.747542
1273.13 5.93475e-10 5.16427e-10 -0.603941 7.81618e-10 9.07061e-10 0.646423
1274.05 5.97747e-10 4.99376e-10 -0.780893 7.93088e-10 8.54579e-10 0.324311
1274.98 5.72787e-10 5.16175e-10 -0.451963 8.03253e-10 9.10838e-10 0.54589
1275.9 5.64186e-10 5.24041e-10 -0.320577 7.64498e-10 8.98956e-10 0.703623
1276.83 5.76805e-10 5.04555e-10 -0.581201 7.67824e-10 8.89411e-10 0.638412
1277.75 5.78214e-10 5.20094e-10 -0.460071 7.75801e-10 9.54856e-10 0.90188
1278.68 5.95553e-10 5.29086e-10 -0.513944 7.3125e-10 9.06535e-10 0.933186
1279.6 5.97263e-10 5.44134e-10 -0.404602 7.53539e-10 9.07024e-10 0.805128
1280.53 5.78521e-10 5.528e-10 -0.197515 7.57771e-10 9.04314e-10 0.767809
1281.45 5.55608e-10 5.73015e-10 0.133978 7.62843e-10 9.22876e-10 0.827083
1282.37 5.55623e-10 5.43919e-10 -0.0924668 8.03215e-10 9.24811e-10 0.612216
1283.3 5.74554e-10 5.52189e-10 -0.172426 7.54208e-10 9.05468e-10 0.793818
1284.22 5.81261e-10 5.5927e-10 -0.167491 7.69527e-10 8.85103e-10 0.6077
1285.15 5.86621e-10 5.33556e-10 -0.411775 7.50697e-10 8.79572e-10 0.688066
1286.07 5.85642e-10 5.31549e-10 -0.420889 7.46184e-10 9.04848e-10 0.837293
1287 5.82754e-10 5.55628e-10 -0.207019 7.53046e-10 8.79445e-10 0.673873
1287.92 6.04388e-10 5.60776e-10 -0.32527 7.70274e-10 8.60601e-10 0.481566
1288.85 6.08308e-10 5.28765e-10 -0.608615 8.0064e-10 8.45664e-10 0.237602
1289.77 5.96771e-10 5.73108e-10 -0.17571 7.92582e-10 8.89448e-10 0.500761
1290.7 6.48825e-10 6.3877e-10 -0.0678308 7.81474e-10 9.52497e-10 0.859489
1291.62 7.61706e-10 7.52116e-10 -0.0550229 8.24785e-10 9.78715e-10 0.743159
1292.54 8.45837e-10 7.77269e-10 -0.367149 8.87896e-10 9.95229e-10 0.495609
1293.47 7.58302e-10 6.56245e-10 -0.62776 8.20699e-10 9.11388e-10 0.455196
1294.39 6.49279e-10 5.39293e-10 -0.806062 7.65468e-10 8.53166e-10 0.471066
1295.32 5.90861e-10 5.49805e-10 -0.312762 8.06493e-10 8.42164e-10 0.187961
1296.24 5.62615e-10 5.6971e-10 0.0544256 7.69048e-10 8.60307e-10 0.487
1297.17 5.46131e-10 5.35075e-10 -0.0888239 7.58029e-10 8.75509e-10 0.625748
1298.09 5.45739e-10 5.43541e-10 -0.0175278 7.55424e-10 8.58396e-10 0.554971
1299.02 5.6355e-10 5.59042e-10 -0.0348804 7.68142e-10 8.67359e-10 0.527574
1299.94 5.78958e-10 5.83398e-10 0.0331791 7.74391e-10 8.6654e-10 0.488285
1300.87 5.85274e-10 5.59456e-10 -0.195935 7.84509e-10 9.2904e-10 0.734363
1301.79 5.68894e-10 5.39653e-10 -0.229167 7.56662e-10 9.13642e-10 0.818743
1302.71 5.68814e-10 5.33632e-10 -0.277285 7.3739e-10 8.57179e-10 0.653745
1303.64 5.84185e-10 5.30717e-10 -0.41687 7.28245e-10 8.73423e-10 0.78947
1304.56 5.82934e-10 5.58957e-10 -0.182409 7.55069e-10 8.85171e-10 0.690405
1305.49 5.70565e-10 5.72235e-10 0.0126977 7.35761e-10 9.02126e-10 0.885307
1306.41 5.71288e-10 5.34472e-10 -0.289299 7.4291e-10 8.47347e-10 0.571249
1307.34 5.92837e-10 5.61708e-10 -0.234249 7.08135e-10 8.62632e-10 0.857096
1308.26 6.20687e-10 5.9636e-10 -0.173644 6.76645e-10 9.29379e-10 1.37832
1309.19 6.24269e-10 5.54469e-10 -0.514944 7.18553e-10 9.13928e-10 1.04453
1310.11 5.76305e-10 5.0904e-10 -0.539003 7.58881e-10 8.75302e-10 0.61984
1311.04 5.90101e-10 5.06571e-10 -0.66286 7.96901e-10 8.46192e-10 0.260647
1311.96 6.08613e-10 5.51063e-10 -0.431398 7.33107e-10 8.79145e-10 0.788931
1312.89 6.29044e-10 5.5698e-10 -0.52841 7.15289e-10 8.47079e-10 0.734425
1313.81 6.13182e-10 5.36473e-10 -0.580415 7.20583e-10 8.06502e-10 0.489213
1314.73 5.90329e-10 5.34672e-10 -0.430066 7.33449e-10 8.31573e-10 0.545305
1315.66 5.6891e-10 5.28668e-10 -0.31861 7.39703e-10 8.39569e-10 0.549989
1316.58 5.99296e-10 5.50395e-10 -0.369669 7.34325e-10 8.43465e-10 0.601783
1317.51 5.95491e-10 5.62472e-10 -0.24774 7.08932e-10 8.39124e-10 0.732215
1318.43 6.04467e-10 5.39531e-10 -0.493558 7.07766e-10 8.51801e-10 0.804483
1319.36 5.79489e-10 5.24718e-10 -0.43119 7.25487e-10 8.70367e-10 0.79073
1320.28 6.00651e-10 5.28133e-10 -0.558785 7.40623e-10 8.57353e-10 0.635627
1321.21 5.97499e-10 5.59911e-10 -0.282186 7.63614e-10 8.741e-10 0.586872
1322.13 6.22862e-10 5.55878e-10 -0.494123 7.5085e-10 8.3697e-10 0.471569
1323.06 6.33358e-10 5.43029e-10 -0.668259 7.10313e-10 8.37667e-10 0.716218
1323.98 6.27482e-10 5.46412e-10 -0.600808 7.29036e-10 8.44808e-10 0.640088
1324.9 6.35702e-10 5.72594e-10 -0.45407 7.3365e-10 8.10321e-10 0.431681
1325.83 6.39013e-10 5.64974e-10 -0.534814 7.4143e-10 8.53621e-10 0.611952
1326.75 6.41262e-10 5.92928e-10 -0.340333 7.65205e-10 8.76071e-10 0.587615
1327.68 6.53831e-10 5.9022e-10 -0.444518 7.7016e-10 9.00878e-10 0.680854
1328.6 6.30961e-10 5.87144e-10 -0.312584 7.29962e-10 8.95957e-10 0.889867
1329.53 5.96358e-10 5.82016e-10 -0.105719 7.02314e-10 8.82628e-10 0.992462
1330.45 6.09066e-10 5.67333e-10 -0.308264 7.71347e-10 8.47644e-10 0.409635
1331.38 6.11846e-10 5.70358e-10 -0.304945 8.34003e-10 8.16431e-10 -0.092485
1332.3 6.17164e-10 5.76586e-10 -0.295363 8.39292e-10 8.60463e-10 0.10819
1333.23 5.9458e-10 5.8657e-10 -0.0589055 7.50477e-10 8.68365e-10 0.633645
1334.15 5.82901e-10 5.85799e-10 0.0215384 7.31e-10 8.87558e-10 0.84279
1335.07 6.02777e-10 5.56555e-10 -0.346487 7.38732e-10 8.7473e-10 0.73387
1336 5.99797e-10 5.59182e-10 -0.304514 7.34544e-10 8.89339e-10 0.830494
1336.92 6.06969e-10 5.51032e-10 -0.419892 7.54591e-10 8.7658e-10 0.650797
1337.85 5.94871e-10 5.62648e-10 -0.241865 7.5887e-10 8.6798e-10 0.58342
1338.77 5.81561e-10 5.5322e-10 -0.21698 7.587e-10 8.63337e-10 0.561102
1339.7 5.99331e-10 5.62838e-10 -0.272837 7.61827e-10 9.00833e-10 0.727876
1340.62 6.21775e-10 5.75371e-10 -0.336849 8.13214e-10 8.98311e-10 0.43222
1341.55 6.15154e-10 6.07174e-10 -0.0567039 7.6728e-10 8.98296e-10 0.684652
1342.47 5.79391e-10 5.9235e-10 0.0960686 7.39752e-10 8.91482e-10 0.810266
1343.4 5.93436e-10 6.14683e-10 0.152776 7.43115e-10 9.28407e-10 0.966819
1344.32 6.04268e-10 6.5182e-10 0.328979 7.58674e-10 8.96518e-10 0.725039
1345.25 6.8689e-10 6.49633e-10 -0.242191 8.49826e-10 9.22988e-10 0.358664
1346.17 7.10807e-10 6.50995e-10 -0.381739 8.70764e-10 9.19897e-10 0.238383
1347.09 6.54074e-10 6.01306e-10 -0.365314 8.07114e-10 8.47079e-10 0.20989
1348.02 6.00524e-10 5.81286e-10 -0.141401 7.87602e-10 8.05434e-10 0.0972309
1348.94 5.5145e-10 5.56962e-10 0.0431971 7.414e-10 8.37544e-10 0.529547
1349.87 5.82111e-10 5.29515e-10 -0.411276 7.36922e-10 8.51895e-10 0.629644
1350.79 5.74131e-10 5.15651e-10 -0.466551 7.42192e-10 8.27969e-10 0.474979
1351.72 5.57055e-10 5.20279e-10 -0.296615 7.71725e-10 8.23031e-10 0.279532
1352.64 5.62933e-10 5.40696e-10 -0.175037 7.98369e-10 8.40164e-10 0.221606
1353.57 5.62189e-10 5.61996e-10 -0.00149082 7.39362e-10 8.44876e-10 0.579355
1354.49 5.57266e-10 5.51575e-10 -0.0445824 7.32535e-10 8.78577e-10 0.789518
1355.42 5.56894e-10 5.45247e-10 -0.0917916 7.76725e-10 8.71826e-10 0.501623
1356.34 5.79215e-10 5.35086e-10 -0.34416 7.98418e-10 8.90728e-10 0.475147
1357.26 5.75088e-10 5.34972e-10 -0.314031 7.84626e-10 8.53782e-10 0.366841
1358.19 5.84934e-10 5.2491e-10 -0.470217 7.43831e-10 8.19041e-10 0.41831
1359.11 5.7664e-10 5.54784e-10 -0.167809 6.90869e-10 8.86054e-10 1.08064
1360.04 5.49234e-10 5.6663e-10 0.135422 7.23873e-10 8.64785e-10 0.772455
1360.96 5.36486e-10 5.31336e-10 -0.0418958 7.28759e-10 8.6471e-10 0.742862
1361.89 5.49399e-10 5.1654e-10 -0.267843 7.2363e-10 8.43875e-10 0.667612
1362.81 5.88118e-10 5.15131e-10 -0.575472 7.43386e-10 8.52628e-10 0.595455
1363.74 5.89216e-10 5.14214e-10 -0.591306 7.37448e-10 8.20212e-10 0.461947
1364.66 5.80848e-10 5.37516e-10 -0.336714 7.4771e-10 8.25324e-10 0.428912
1365.59 5.63898e-10 5.39291e-10 -0.193775 7.37226e-10 8.1419e-10 0.431251
1366.51 5.59704e-10 5.45121e-10 -0.114658 7.85162e-10 8.77928e-10 0.484998
1367.43 5.57919e-10 5.45348e-10 -0.0989736 7.48104e-10 8.57944e-10 0.594972
1368.36 5.54061e-10 5.43628e-10 -0.0825575 7.47844e-10 8.58756e-10 0.600583
1369.28 5.6497e-10 5.48686e-10 -0.127016 7.31952e-10 8.52948e-10 0.664396
1370.21 5.68656e-10 5.16728e-10 -0.415877 7.18447e-10 8.30326e-10 0.628538
1371.13 5.7834e-10 4.9584e-10 -0.668423 7.37234e-10 8.12271e-10 0.420955
1372.06 5.88904e-10 4.98206e-10 -0.726358 7.13367e-10 8.56414e-10 0.793702
1372.98 5.72435e-10 5.22178e-10 -0.399075 7.50354e-10 8.49097e-10 0.536911
1373.91 5.85219e-10 5.53838e-10 -0.239356 7.64904e-10 8.43251e-10 0.423503
1374.83 5.76952e-10 5.47461e-10 -0.227868 7.34191e-10 8.2798e-10 0.522106
1375.76 5.4439e-10 5.44444e-10 0.000431563 7.03261e-10 8.28006e-10 0.70917
1376.68 5.38104e-10 5.08187e-10 -0.248422 7.36019e-10 8.19979e-10 0.469138
1377.6 5.75899e-10 5.09291e-10 -0.533806 7.7775e-10 7.94931e-10 0.0948959
1378.53 5.65342e-10 5.49786e-10 -0.121178 7.37885e-10 8.27369e-10 0.497108
1379.45 5.58798e-10 5.42411e-10 -0.12926 7.60314e-10 8.05037e-10 0.248229
1380.38 5.48961e-10 5.31364e-10 -0.141496 7.20653e-10 7.91343e-10 0.406385
1381.3 5.41984e-10 5.4651e-10 0.0361135 7.43327e-10 8.36247e-10 0.511549
1382.23 5.42487e-10 5.69692e-10 0.21251 7.32524e-10 8.61928e-10 0.706488
1383.15 5.67182e-10 5.35591e-10 -0.248888 6.89682e-10 8.56366e-10 0.940105
1384.08 5.49973e-10 5.40203e-10 -0.0778406 7.2358e-10 8.4163e-10 0.656347
1385 5.79011e-10 5.51163e-10 -0.214067 7.12908e-10 8.44688e-10 0.736628
1385.93 5.68998e-10 5.35898e-10 -0.260286 7.13274e-10 8.59076e-10 0.807749
1386.85 5.66337e-10 5.74514e-10 0.0622572 7.72404e-10 8.36175e-10 0.344531
1387.78 5.63023e-10 5.28386e-10 -0.275747 7.58641e-10 8.35076e-10 0.416896
1388.7 5.46989e-10 5.21713e-10 -0.205472 7.63771e-10 8.22522e-10 0.321844
1389.62 5.58105e-10 5.31664e-10 -0.210788 7.75122e-10 8.30942e-10 0.302008
1390.55 5.47719e-10 5.30142e-10 -0.141657 7.51805e-10 9.10935e-10 0.833824
1391.47 5.5575e-10 5.11704e-10 -0.358614 7.54083e-10 8.62778e-10 0.5848
1392.4 5.35028e-10 5.32769e-10 -0.0183725 7.40464e-10 8.01741e-10 0.345305
1393.32 5.59278e-10 5.50456e-10 -0.069054 7.39928e-10 8.0638e-10 0.373503
1394.25 5.37956e-10 5.5039e-10 0.0992404 7.25454e-10 8.30321e-10 0.586361
1395.17 5.60112e-10 5.30219e-10 -0.238204 7.02593e-10 7.96609e-10 0.545418
1396.1 5.58956e-10 5.42637e-10 -0.12868 7.25656e-10 8.10314e-10 0.479225
1397.02 5.76502e-10 5.62559e-10 -0.106327 7.53136e-10 8.36235e-10 0.454548
1397.95 5.83511e-10 5.27519e-10 -0.438105 7.58866e-10 7.89897e-10 0.174056
1398.87 5.76548e-10 5.26345e-10 -0.395651 7.66733e-10 7.62967e-10 -0.021384
1399.79 5.69017e-10 5.24753e-10 -0.351702 7.25087e-10 7.86835e-10 0.354935
1400.72 5.45322e-10 5.24975e-10 -0.165147 7.30494e-10 7.93203e-10 0.35768
1401.64 5.47552e-10 5.44278e-10 -0.0260452 7.28717e-10 8.22661e-10 0.526621
1402.57 5.46878e-10 5.51003e-10 0.0326363 7.46098e-10 7.8199e-10 0.204055
1403.49 5.47831e-10 5.24176e-10 -0.191692 7.1534e-10 7.69684e-10 0.317996
1404.42 5.52548e-10 5.14515e-10 -0.309722 7.16692e-10 8.30574e-10 0.640458
1405.34 5.44459e-10 5.10652e-10 -0.278407 7.16533e-10 8.24481e-10 0.60944
1406.27 5.37187e-10 5.08166e-10 -0.241207 7.02558e-10 8.02281e-10 0.576443
1407.19 5.20009e-10 4.97326e-10 -0.1937 6.84363e-10 7.74027e-10 0.534695
1408.12 4.99767e-10 5.10844e-10 0.0952036 7.279e-10 7.87588e-10 0.342271
1409.04 5.32765e-10 5.01343e-10 -0.264007 7.54993e-10 8.13422e-10 0.323731
1409.96 5.56163e-10 5.02816e-10 -0.437926 7.41257e-10 7.96623e-10 0.312841
1410.89 5.46415e-10 5.04285e-10 -0.348467 7.05137e-10 7.8618e-10 0.472486
1411.81 5.33171e-10 5.2269e-10 -0.0862268 7.23183e-10 8.11151e-10 0.498535
1412.74 5.29524e-10 5.26879e-10 -0.0217505 7.24108e-10 7.69374e-10 0.263341
1413.66 5.33718e-10 5.34381e-10 0.00538793 7.35485e-10 7.16272e-10 -0.114959
1414.59 5.46747e-10 5.47438e-10 0.00548503 7.61676e-10 7.96313e-10 0.193138
1415.51 5.75838e-10 5.20179e-10 -0.441478 7.53593e-10 8.29593e-10 0.417281
1416.44 5.74589e-10 5.15322e-10 -0.472783 7.44989e-10 7.7672e-10 0.181149
1417.36 5.7125e-10 5.03519e-10 -0.548098 7.60061e-10 8.00343e-10 0.224274
1418.29 5.61147e-10 4.99652e-10 -0.504092 7.0048e-10 8.29941e-10 0.736515
1419.21 5.47623e-10 5.41456e-10 -0.0491848 6.72754e-10 8.28059e-10 0.902049
1420.14 5.58845e-10 5.63976e-10 0.0396937 7.03533e-10 8.50543e-10 0.824115
1421.06 5.69995e-10 5.63901e-10 -0.0466832 6.9396e-10 8.16623e-10 0.706873
1421.98 5.66027e-10 5.21803e-10 -0.353305 6.90181e-10 7.86726e-10 0.568603
1422.91 5.31109e-10 5.22877e-10 -0.0678378 7.11791e-10 7.87668e-10 0.439909
1423.83 5.35785e-10 5.03525e-10 -0.269695 7.40686e-10 7.89492e-10 0.277138
1424.76 5.42578e-10 5.04064e-10 -0.31976 7.59237e-10 7.91971e-10 0.183323
1425.68 5.73501e-10 5.20959e-10 -0.417307 7.4277e-10 8.18493e-10 0.42161
1426.61 5.71965e-10 5.28862e-10 -0.340276 7.40937e-10 8.05058e-10 0.360457
1427.53 5.52593e-10 5.27037e-10 -0.205644 7.01777e-10 7.83634e-10 0.47914
1428.46 5.38232e-10 5.1522e-10 -0.189776 7.09044e-10 7.72567e-10 0.372631
1429.38 5.5583e-10 5.39508e-10 -0.129448 7.30177e-10 8.01618e-10 0.405393
1430.31 5.72012e-10 5.43859e-10 -0.219185 7.3746e-10 8.1029e-10 0.409021
1431.23 5.58918e-10 5.0523e-10 -0.438591 7.2015e-10 7.68747e-10 0.283607
1432.15 5.56889e-10 4.99027e-10 -0.476442 7.08192e-10 8.31265e-10 0.695885
1433.08 5.59432e-10 4.98482e-10 -0.500979 7.31503e-10 8.24195e-10 0.518137
1434 5.57839e-10 5.04613e-10 -0.435506 7.26874e-10 7.99385e-10 0.412968
1434.93 5.55359e-10 5.33999e-10 -0.170332 6.81815e-10 8.25859e-10 0.83239
1435.85 5.164e-10 5.38489e-10 0.181909 6.51224e-10 8.64556e-10 1.23063
1436.78 5.28409e-10 5.1831e-10 -0.0838115 6.67201e-10 7.9614e-10 0.767325
1437.7 5.42363e-10 5.05795e-10 -0.303155 7.58857e-10 7.91054e-10 0.180462
1438.63 5.60136e-10 5.23428e-10 -0.29436 7.71736e-10 7.75583e-10 0.0215983
1439.55 5.83903e-10 5.24522e-10 -0.465769 7.26635e-10 8.08844e-10 0.465485
1440.48 5.5554e-10 5.1231e-10 -0.351827 7.44653e-10 8.43856e-10 0.543142
1441.4 5.53197e-10 5.243e-10 -0.233005 7.12784e-10 8.49809e-10 0.763636
1442.32 5.64837e-10 5.24423e-10 -0.322415 7.14836e-10 8.43709e-10 0.719865
1443.25 5.63281e-10 5.0698e-10 -0.457345 7.25566e-10 7.81305e-10 0.321435
1444.17 5.87767e-10 4.97174e-10 -0.726966 7.4712e-10 7.89543e-10 0.239853
1445.1 5.74414e-10 4.9644e-10 -0.633582 7.40467e-10 7.79925e-10 0.225474
1446.02 5.36046e-10 5.0287e-10 -0.277459 6.84562e-10 7.86109e-10 0.600697
1446.95 5.54088e-10 5.1674e-10 -0.303067 7.0441e-10 8.46758e-10 0.79934
1447.87 5.57229e-10 5.30964e-10 -0.209686 7.18429e-10 8.28725e-10 0.620266
1448.8 5.83303e-10 5.2644e-10 -0.445451 7.10097e-10 8.21389e-10 0.632313
1449.72 5.94251e-10 5.11292e-10 -0.65301 7.23753e-10 8.2994e-10 0.594567
1450.65 5.80229e-10 5.16189e-10 -0.507913 7.60358e-10 7.85282e-10 0.140072
1451.57 5.38646e-10 5.18906e-10 -0.162149 7.48298e-10 7.58653e-10 0.0596809
1452.49 5.56343e-10 5.12761e-10 -0.354278 7.43557e-10 7.95733e-10 0.294533
1453.42 5.49945e-10 5.16157e-10 -0.275372 7.26002e-10 7.76892e-10 0.294231
1454.34 5.50613e-10 5.14587e-10 -0.293876 6.99474e-10 8.20636e-10 0.693793
1455.27 5.33684e-10 5.16567e-10 -0.141569 7.4273e-10 8.23713e-10 0.449452
1456.19 5.33639e-10 5.2787e-10 -0.0472118 7.45227e-10 7.85153e-10 0.226657
1457.12 5.55475e-10 5.20119e-10 -0.285624 7.43776e-10 8.01908e-10 0.326823
1458.04 5.59208e-10 5.12014e-10 -0.382914 7.41317e-10 8.12811e-10 0.399855
1458.97 5.5459e-10 5.28395e-10 -0.210136 7.33248e-10 8.17677e-10 0.473314
1459.89 5.67821e-10 5.14562e-10 -0.427741 6.7126e-10 8.18273e-10 0.860074
1460.82 5.39384e-10 5.04727e-10 -0.288415 7.04896e-10 7.82294e-10 0.452453
1461.74 5.2106e-10 4.69065e-10 -0.45655 7.08825e-10 7.3366e-10 0.149557
1462.67 5.47961e-10 4.7551e-10 -0.615903 6.93274e-10 7.56307e-10 0.377932
1463.59 5.57417e-10 5.01434e-10 -0.459671 6.8152e-10 7.95216e-10 0.670067
1464.51 5.49035e-10 5.03732e-10 -0.374004 7.19457e-10 7.97553e-10 0.447542
1465.44 5.62716e-10 5.18808e-10 -0.352824 6.99725e-10 7.72287e-10 0.428514
1466.36 5.97812e-10 5.4045e-10 -0.438091 7.25567e-10 7.52476e-10 0.158153
1467.29 5.58338e-10 5.5625e-10 -0.0162727 7.42155e-10 7.70721e-10 0.16403
1468.21 5.37018e-10 5.25092e-10 -0.0975357 7.15436e-10 7.66275e-10 0.298139
1469.14 5.38949e-10 5.17525e-10 -0.176163 7.31599e-10 7.76076e-10 0.256308
1470.06 5.57077e-10 5.29981e-10 -0.216553 6.91298e-10 7.92049e-10 0.590867
1470.99 6.01051e-10 5.17803e-10 -0.647471 7.09843e-10 7.62791e-10 0.312433
1471.91 5.55823e-10 5.06211e-10 -0.406047 7.32326e-10 7.58117e-10 0.150315
1472.84 5.38366e-10 5.29644e-10 -0.070933 7.32527e-10 7.95188e-10 0.356458
1473.76 5.67889e-10 5.02101e-10 -0.534724 7.2193e-10 8.50777e-10 0.713209
1474.68 5.70921e-10 5.01148e-10 -0.566095 6.73413e-10 8.32468e-10 0.920862
1475.61 5.57319e-10 5.14325e-10 -0.348666 6.66675e-10 8.24334e-10 0.921892
1476.53 5.55232e-10 4.98658e-10 -0.466715 7.07188e-10 7.98393e-10 0.52682
1477.46 5.65914e-10 5.02925e-10 -0.51247 7.42461e-10 7.5506e-10 0.0730795
1478.38 5.5844e-10 5.06906e-10 -0.420492 7.1854e-10 7.88178e-10 0.401735
1479.31 5.47515e-10 5.01889e-10 -0.377879 7.40826e-10 7.59756e-10 0.109575
1480.23 5.3315e-10 5.1979e-10 -0.110222 7.72295e-10 7.36692e-10 -0.204973
1481.16 5.26406e-10 5.24872e-10 -0.0126711 7.39979e-10 7.86616e-10 0.265437
1482.08 5.56393e-10 5.01609e-10 -0.450163 7.52253e-10 7.59611e-10 0.042268
1483.01 5.64811e-10 4.81574e-10 -0.692408 7.43496e-10 7.77158e-10 0.192308
1483.93 5.90106e-10 5.24191e-10 -0.514408 7.48107e-10 7.96994e-10 0.274912
1484.85 5.9042e-10 5.30962e-10 -0.460983 7.23924e-10 7.79603e-10 0.321805
1485.78 5.70055e-10 5.11676e-10 -0.469223 7.10623e-10 8.01266e-10 0.521379
1486.7 5.53406e-10 5.26493e-10 -0.216512 7.32002e-10 7.72275e-10 0.232597
1487.63 5.43045e-10 5.51171e-10 0.0645098 7.38789e-10 7.47808e-10 0.0526966
1488.55 5.48398e-10 5.14161e-10 -0.279965 7.23651e-10 7.81671e-10 0.334948
1489.48 5.3541e-10 4.98558e-10 -0.309711 7.29433e-10 7.62753e-10 0.193982
1490.4 5.48265e-10 5.04356e-10 -0.362528 7.11354e-10 7.91567e-10 0.464019
1491.33 5.75606e-10 5.1719e-10 -0.464752 7.0396e-10 7.52682e-10 0.290633
1492.25 5.48196e-10 5.31513e-10 -0.134222 7.39028e-10 7.6223e-10 0.134253
1493.18 5.6227e-10 5.07704e-10 -0.443346 7.29109e-10 7.56102e-10 0.157883
1494.1 5.79827e-10 4.68346e-10 -0.927313 7.27429e-10 7.28365e-10 0.00558301
1495.02 5.64582e-10 4.94811e-10 -0.572879 6.90648e-10 7.39074e-10 0.29431
1495.95 5.46731e-10 4.98791e-10 -0.398551 6.84665e-10 7.6939e-10 0.506687
1496.87 5.37266e-10 4.96718e-10 -0.340793 6.75842e-10 7.50594e-10 0.455597
1497.8 5.45163e-10 4.94788e-10 -0.421075 6.62534e-10 7.7325e-10 0.671116
1498.72 5.60578e-10 5.06518e-10 -0.440406 7.12508e-10 7.79637e-10 0.391022
1499.65 5.82364e-10 5.17847e-10 -0.509932 6.8816e-10 7.66066e-10 0.465766
1500.57 5.82553e-10 5.32545e-10 -0.389788 6.8774e-10 7.9852e-10 0.648614
1501.5 5.70995e-10 4.97906e-10 -0.594847 7.42324e-10 7.78918e-10 0.208983
1502.42 5.74554e-10 4.89954e-10 -0.69176 7.39725e-10 7.89647e-10 0.283626
1503.35 5.73511e-10 5.06888e-10 -0.536299 7.27726e-10 7.95074e-10 0.384398
1504.27 5.42707e-10 5.33762e-10 -0.0721744 7.04213e-10 7.45291e-10 0.246215
1505.2 5.50906e-10 5.31697e-10 -0.154138 7.59205e-10 7.36531e-10 -0.131678
1506.12 5.78491e-10 5.16973e-10 -0.488284 7.60562e-10 7.4321e-10 -0.100227
1507.04 5.62895e-10 5.34472e-10 -0.225026 7.2158e-10 7.7152e-10 0.290626
1507.97 5.81406e-10 5.61486e-10 -0.151413 7.59894e-10 7.8048e-10 0.116089
1508.89 5.77217e-10 5.16819e-10 -0.480011 7.45656e-10 7.65565e-10 0.114436
1509.82 5.62929e-10 5.06127e-10 -0.461941 7.27175e-10 7.63996e-10 0.214524
1510.74 5.36559e-10 5.14711e-10 -0.180537 6.95767e-10 7.48607e-10 0.3179
1511.67 5.29782e-10 5.12598e-10 -0.143199 6.94096e-10 7.57646e-10 0.380465
1512.59 5.28766e-10 5.144e-10 -0.119621 7.30246e-10 7.8314e-10 0.3037
1513.52 5.44001e-10 5.24211e-10 -0.160938 7.28562e-10 7.62807e-10 0.199486
1514.44 5.46051e-10 4.87409e-10 -0.493403 6.86439e-10 7.73554e-10 0.518883
1515.37 5.63455e-10 5.18345e-10 -0.362402 6.85888e-10 8.17499e-10 0.762344
1516.29 5.50711e-10 5.16474e-10 -0.278748 6.88098e-10 7.73655e-10 0.508967
1517.21 5.77411e-10 4.96362e-10 -0.656863 6.85601e-10 7.33651e-10 0.294182
1518.14 5.66818e-10 5.09853e-10 -0.459982 6.73316e-10 7.46704e-10 0.449298
1519.06 5.40659e-10 4.95155e-10 -0.381823 7.05604e-10 7.23564e-10 0.109158
1519.99 5.4617e-10 4.88921e-10 -0.480895 7.74725e-10 7.41557e-10 -0.190026
1520.91 5.28859e-10 5.02993e-10 -0.217782 7.51061e-10 7.74775e-10 0.135003
1521.84 5.17684e-10 4.995e-10 -0.155295 7.61233e-10 7.75396e-10 0.0800563
1522.76 5.48791e-10 5.03376e-10 -0.375151 7.56368e-10 7.72572e-10 0.0920598
1523.69 5.45172e-10 5.10438e-10 -0.285906 7.37425e-10 7.39083e-10 0.00975182
1524.61 5.50108e-10 5.20939e-10 -0.23661 7.12629e-10 7.6326e-10 0.29809
1525.54 5.57475e-10 5.13039e-10 -0.360751 6.97596e-10 7.58266e-10 0.362177
1526.46 5.54708e-10 5.16662e-10 -0.308586 7.05842e-10 8.07159e-10 0.582517
1527.38 5.73278e-10 5.49317e-10 -0.185422 7.11298e-10 8.10538e-10 0.567217
1528.31 5.66526e-10 5.24186e-10 -0.33734 7.14889e-10 7.43204e-10 0.168695
1529.23 5.46599e-10 5.20281e-10 -0.214313 7.01274e-10 7.68642e-10 0.398361
1530.16 5.50187e-10 5.39345e-10 -0.0864383 6.89488e-10 7.60557e-10 0.42605
1531.08 5.56654e-10 5.24434e-10 -0.258941 6.92e-10 7.43284e-10 0.310487
1532.01 5.62685e-10 5.52507e-10 -0.0792694 6.9401e-10 7.56547e-10 0.374704
1532.93 5.86268e-10 5.43527e-10 -0.328748 6.92928e-10 7.57187e-10 0.385154
1533.86 5.45192e-10 5.31645e-10 -0.109278 6.7907e-10 8.00315e-10 0.713465
1534.78 5.09979e-10 5.3613e-10 0.217181 6.97559e-10 8.02349e-10 0.607824
1535.71 5.17065e-10 5.19805e-10 0.0229505 7.02557e-10 7.67284e-10 0.382748
1536.63 5.36173e-10 5.36762e-10 0.00476435 6.78525e-10 7.9798e-10 0.70426
1537.56 5.46378e-10 5.33004e-10 -0.107624 6.79829e-10 7.96169e-10 0.686057
1538.48 5.25053e-10 5.32046e-10 0.0574581 6.84002e-10 7.68857e-10 0.50788
1539.4 5.41313e-10 5.3521e-10 -0.0492447 7.26981e-10 7.77349e-10 0.290927
1540.33 5.23524e-10 4.89562e-10 -0.291286 7.74205e-10 7.68026e-10 -0.034802
1541.25 5.55359e-10 5.19972e-10 -0.285938 7.30187e-10 7.65096e-10 0.202816
1542.18 5.6854e-10 5.1993e-10 -0.388165 7.45241e-10 7.59066e-10 0.0798326
1543.1 5.57887e-10 5.34266e-10 -0.187889 6.94012e-10 7.39912e-10 0.278133
1544.03 5.6805e-10 5.19612e-10 -0.387072 6.84688e-10 7.72746e-10 0.525442
1544.95 5.8752e-10 5.02975e-10 -0.674767 7.21493e-10 7.61491e-10 0.234328
1545.88 5.60978e-10 5.41937e-10 -0.149965 7.30675e-10 7.76062e-10 0.261719
1546.8 5.52784e-10 5.18668e-10 -0.276654 7.0594e-10 7.52289e-10 0.27617
1547.73 5.51264e-10 5.18291e-10 -0.267854 6.76321e-10 7.68943e-10 0.557413
1548.65 5.48293e-10 5.38993e-10 -0.0742968 6.72735e-10 7.71191e-10 0.593176
1549.57 5.4444e-10 5.26066e-10 -0.149095 6.72271e-10 7.41434e-10 0.425284
1550.5 5.6113e-10 5.11911e-10 -0.398686 6.58099e-10 6.9488e-10 0.236184
1551.42 5.44615e-10 5.20818e-10 -0.194038 6.94938e-10 7.36976e-10 0.255074
1552.35 5.51188e-10 5.18258e-10 -0.26754 6.80204e-10 7.32906e-10 0.324093
1553.27 5.35324e-10 5.07399e-10 -0.232673 6.98909e-10 7.55088e-10 0.335769
1554.2 5.27239e-10 5.06273e-10 -0.17623 7.27849e-10 7.71351e-10 0.252108
1555.12 5.50388e-10 5.25067e-10 -0.204542 7.12468e-10 7.78918e-10 0.387265
1556.05 5.56769e-10 5.26248e-10 -0.244848 6.81035e-10 7.70243e-10 0.534585
1556.97 5.57776e-10 5.06948e-10 -0.414957 7.06875e-10 7.62449e-10 0.328682
1557.9 5.63808e-10 5.16668e-10 -0.379195 7.10327e-10 7.68686e-10 0.342909
1558.82 5.91576e-10 5.14245e-10 -0.608406 7.04573e-10 7.56662e-10 0.309758
1559.74 5.68019e-10 5.04749e-10 -0.512868 6.77244e-10 7.21627e-10 0.275676
1560.67 5.40456e-10 4.99868e-10 -0.339055 6.61989e-10 7.17754e-10 0.351253
1561.59 5.26832e-10 5.17847e-10 -0.074708 6.7658e-10 7.53689e-10 0.468728
1562.52 5.20193e-10 5.27976e-10 0.0645019 6.96882e-10 8.02239e-10 0.611445
1563.44 5.68996e-10 5.31989e-10 -0.292065 7.03924e-10 7.90074e-10 0.501421
1564.37 5.54057e-10 5.21219e-10 -0.265339 7.04308e-10 7.50259e-10 0.274485
1565.29 5.52261e-10 5.19364e-10 -0.266723 7.20868e-10 7.20834e-10 -0.000206309
1566.22 5.31255e-10 5.15432e-10 -0.131317 6.95884e-10 6.98029e-10 0.0133671
1567.14 5.34209e-10 5.13747e-10 -0.169616 7.01343e-10 7.17215e-10 0.097187
1568.07 5.43053e-10 5.20269e-10 -0.186142 7.14092e-10 7.25486e-10 0.0687507
1568.99 5.29444e-10 5.36376e-10 0.0564957 6.90236e-10 7.21556e-10 0.192727
1569.91 5.4313e-10 5.16988e-10 -0.214236 7.12288e-10 7.2552e-10 0.0799351
1570.84 5.35891e-10 5.10722e-10 -0.208918 7.07328e-10 7.18917e-10 0.0705803
1571.76 5.27726e-10 5.14303e-10 -0.111899 6.87657e-10 7.70386e-10 0.493365
1572.69 5.3253e-10 5.2828e-10 -0.0347959 6.68288e-10 7.74807e-10 0.642298
1573.61 5.52408e-10 5.14517e-10 -0.308604 6.66365e-10 7.62996e-10 0.588102
1574.54 5.63647e-10 5.02501e-10 -0.498699 6.66158e-10 7.48547e-10 0.506422
1575.46 5.38467e-10 5.20447e-10 -0.147825 6.9335e-10 7.25714e-10 0.19813
1576.39 5.39176e-10 5.19771e-10 -0.159184 6.78948e-10 7.06436e-10 0.172365
1577.31 5.2129e-10 4.99511e-10 -0.185341 6.60761e-10 7.20821e-10 0.377828
1578.24 5.6807e-10 5.14419e-10 -0.43085 7.11834e-10 7.63662e-10 0.305226
1579.16 5.98454e-10 5.3214e-10 -0.510052 7.35244e-10 7.88037e-10 0.301151
1580.09 5.71683e-10 5.35117e-10 -0.287065 7.15207e-10 7.59105e-10 0.258699
1581.01 5.43696e-10 5.22948e-10 -0.168978 7.19419e-10 7.27187e-10 0.0466446
1581.93 5.57194e-10 5.5101e-10 -0.048472 7.3122e-10 7.36458e-10 0.0309971
1582.86 5.56155e-10 5.20944e-10 -0.284045 7.54841e-10 7.26404e-10 -0.16677
1583.78 5.1513e-10 4.90748e-10 -0.210584 7.20875e-10 7.06688e-10 -0.0863212
1584.71 5.09131e-10 5.07882e-10 -0.0106669 7.18328e-10 7.25515e-10 0.0432375
1585.63 5.23037e-10 5.07893e-10 -0.1276 6.97825e-10 7.4931e-10 0.309153
1586.56 5.25609e-10 5.3693e-10 0.0925527 7.0194e-10 7.50295e-10 0.28932
1587.48 5.79743e-10 5.18344e-10 -0.486181 7.63607e-10 7.24974e-10 -0.225475
1588.41 5.63088e-10 5.03826e-10 -0.482959 7.27571e-10 7.35615e-10 0.0477515
1589.33 5.47575e-10 4.89146e-10 -0.490051 7.33819e-10 7.6238e-10 0.165823
1590.26 5.38268e-10 4.88361e-10 -0.422569 7.16215e-10 7.78297e-10 0.361018
1591.18 5.31846e-10 5.21106e-10 -0.0885922 7.39255e-10 7.58338e-10 0.110686
1592.1 5.42097e-10 5.1689e-10 -0.206794 7.31852e-10 7.3904e-10 0.0424425
1593.03 5.75008e-10 5.11926e-10 -0.504667 7.07379e-10 7.56633e-10 0.29233
1593.95 5.7507e-10 5.2337e-10 -0.409118 7.16215e-10 7.91537e-10 0.434275
1594.88 5.45133e-10 5.10337e-10 -0.286457 6.82731e-10 7.44938e-10 0.378707
1595.8 5.40635e-10 5.17572e-10 -0.189331 6.82753e-10 7.46825e-10 0.389552
1596.73 5.41719e-10 5.28002e-10 -0.111387 6.93494e-10 7.61989e-10 0.409061
1597.65 5.06613e-10 5.20057e-10 0.113752 7.1809e-10 6.99289e-10 -0.115221
1598.58 5.29989e-10 5.2475e-10 -0.0431497 7.11477e-10 7.10901e-10 -0.0035177
1599.5 5.28902e-10 5.26474e-10 -0.0199839 6.75558e-10 7.47056e-10 0.436907
1600.43 5.19406e-10 5.00818e-10 -0.15827 7.07871e-10 7.29386e-10 0.13003
1601.35 5.36424e-10 4.93362e-10 -0.363429 7.48134e-10 7.8408e-10 0.203807
1602.27 5.38064e-10 5.2732e-10 -0.0875935 6.98535e-10 7.74639e-10 0.44911
1603.2 5.64693e-10 5.1006e-10 -0.441911 6.77412e-10 7.77905e-10 0.600739
1604.12 5.62689e-10 4.83037e-10 -0.662883 6.8933e-10 7.48511e-10 0.357709
1605.05 5.76181e-10 4.89272e-10 -0.710083 7.19436e-10 7.28131e-10 0.0521761
1605.97 5.8626e-10 4.91322e-10 -0.767244 7.40856e-10 7.46835e-10 0.0349054
1606.9 5.74777e-10 4.93192e-10 -0.664826 7.52929e-10 7.8332e-10 0.171851
1607.82 5.68731e-10 5.13185e-10 -0.446328 7.21862e-10 7.81629e-10 0.345468
1608.75 5.75959e-10 5.02546e-10 -0.592154 6.9471e-10 7.68833e-10 0.440284
1609.67 5.14554e-10 4.95819e-10 -0.161083 7.14766e-10 7.7618e-10 0.357982
1610.6 4.99749e-10 4.78037e-10 -0.192908 6.90448e-10 7.36905e-10 0.282806
1611.52 4.8748e-10 4.94748e-10 0.0642655 6.7803e-10 7.17557e-10 0.246073
1612.44 5.24385e-10 5.19899e-10 -0.0373119 6.92386e-10 7.71204e-10 0.468213
1613.37 5.51131e-10 4.95607e-10 -0.461173 7.13676e-10 7.59942e-10 0.272795
1614.29 5.64631e-10 4.79015e-10 -0.714161 7.07175e-10 7.29181e-10 0.13308
1615.22 5.52731e-10 4.92805e-10 -0.49839 7.3639e-10 7.31488e-10 -0.0290031
1616.14 5.54461e-10 4.8818e-10 -0.552909 7.25967e-10 7.04048e-10 -0.13315
1617.07 5.4019e-10 4.89279e-10 -0.429899 7.24716e-10 7.29166e-10 0.0265876
1617.99 5.36469e-10 4.83713e-10 -0.449566 7.1894e-10 7.53736e-10 0.205268
1618.92 5.5219e-10 4.78435e-10 -0.622658 6.94719e-10 7.57609e-10 0.376359
1619.84 5.60246e-10 4.98499e-10 -0.507148 6.63083e-10 7.39748e-10 0.475161
1620.77 5.59529e-10 5.45597e-10 -0.109509 6.79814e-10 7.51987e-10 0.438205
1621.69 5.51684e-10 5.56181e-10 0.0352535 6.79739e-10 7.54568e-10 0.453559
1622.62 5.11457e-10 4.92176e-10 -0.166888 7.16778e-10 7.51658e-10 0.206353
1623.54 5.31174e-10 4.81653e-10 -0.425028 7.04351e-10 6.89355e-10 -0.0934648
1624.46 5.56986e-10 4.79818e-10 -0.647674 7.02967e-10 7.40969e-10 0.22865
1625.39 5.5587e-10 4.98361e-10 -0.474296 7.40734e-10 7.71996e-10 0.179525
1626.31 5.67145e-10 5.05596e-10 -0.498902 7.11046e-10 7.22705e-10 0.0706295
1627.24 5.41571e-10 5.23674e-10 -0.145943 7.25513e-10 7.16146e-10 -0.0564383
1628.16 5.49996e-10 5.21429e-10 -0.231649 7.19077e-10 7.33588e-10 0.0867653
1629.09 5.79611e-10 5.19596e-10 -0.474704 7.198e-10 7.12065e-10 -0.0469245
1630.01 5.66658e-10 5.12273e-10 -0.43819 7.2102e-10 7.42967e-10 0.130218
1630.94 5.49604e-10 5.08516e-10 -0.337452 7.37547e-10 7.54022e-10 0.0959414
1631.86 5.38256e-10 5.13904e-10 -0.201069 7.03141e-10 7.09467e-10 0.038895
1632.79 5.26868e-10 5.23202e-10 -0.0303289 6.98626e-10 6.88409e-10 -0.0639808
1633.71 5.50997e-10 4.99637e-10 -0.424946 7.00431e-10 7.09179e-10 0.0539065
1634.63 5.60189e-10 5.05428e-10 -0.446761 7.32185e-10 7.76734e-10 0.256516
1635.56 5.58694e-10 5.161e-10 -0.344405 7.21993e-10 7.56744e-10 0.204165
1636.48 5.57471e-10 5.00387e-10 -0.469163 7.12843e-10 7.66247e-10 0.313751
1637.41 5.4873e-10 5.02803e-10 -0.379611 7.07446e-10 7.25496e-10 0.109417
1638.33 5.5499e-10 5.20696e-10 -0.277005 7.01449e-10 7.12063e-10 0.0652192
1639.26 5.4429e-10 5.10202e-10 -0.280881 6.99771e-10 6.63358e-10 -0.232082
1640.18 5.55835e-10 4.98219e-10 -0.475253 7.27429e-10 7.29266e-10 0.0109538
1641.11 5.81718e-10 5.00518e-10 -0.652934 7.14702e-10 7.45126e-10 0.181045
1642.03 5.35415e-10 5.33031e-10 -0.019377 6.96751e-10 7.23478e-10 0.163481
1642.96 5.40266e-10 5.542e-10 0.110596 7.24171e-10 7.65728e-10 0.242333
1643.88 5.33919e-10 5.34219e-10 0.00244217 7.00796e-10 8.00342e-10 0.57684
1644.8 5.34601e-10 5.04532e-10 -0.251409 6.83883e-10 7.70033e-10 0.515272
1645.73 5.26486e-10 5.04187e-10 -0.187953 7.16313e-10 7.50399e-10 0.201893
1646.65 5.3288e-10 5.08196e-10 -0.205981 7.25953e-10 7.42442e-10 0.0975419
1647.58 5.57926e-10 4.96156e-10 -0.509588 7.11653e-10 7.3479e-10 0.138952
1648.5 5.50852e-10 4.97873e-10 -0.439168 7.17026e-10 7.56764e-10 0.234257
1649.43 5.35967e-10 5.13975e-10 -0.181965 7.10591e-10 7.49497e-10 0.231499
1650.35 5.62741e-10 4.9512e-10 -0.555985 7.26039e-10 7.15913e-10 -0.0609984
1651.28 5.61287e-10 4.83902e-10 -0.644276 6.90317e-10 7.49039e-10 0.354556
1652.2 5.50488e-10 4.90986e-10 -0.496788 6.84004e-10 7.54703e-10 0.427171
1653.13 5.26884e-10 4.70206e-10 -0.494268 6.81637e-10 7.27437e-10 0.282419
1654.05 5.11139e-10 4.95383e-10 -0.135977 7.22478e-10 7.36839e-10 0.0854843
1654.98 5.41306e-10 5.00813e-10 -0.33767 6.97238e-10 7.58087e-10 0.363379
1655.9 5.62655e-10 5.10363e-10 -0.423636 6.9524e-10 7.59547e-10 0.384197
1656.82 5.71783e-10 5.20489e-10 -0.408198 6.68903e-10 7.58087e-10 0.543556
1657.75 5.75847e-10 5.30662e-10 -0.354891 6.85915e-10 7.30249e-10 0.272007
1658.67 5.81787e-10 5.23859e-10 -0.455497 7.24092e-10 7.10511e-10 -0.0822302
1659.6 5.47747e-10 4.98621e-10 -0.408094 7.01018e-10 6.84376e-10 -0.104347
1660.52 5.68247e-10 5.03094e-10 -0.528881 6.76514e-10 7.05035e-10 0.179339
1661.45 5.84199e-10 5.05087e-10 -0.631949 6.81442e-10 7.24548e-10 0.266381
1662.37 5.35109e-10 5.11537e-10 -0.195652 7.17516e-10 7.22112e-10 0.0277306
1663.3 5.3699e-10 5.07343e-10 -0.246648 7.42955e-10 7.11483e-10 -0.18798
1664.22 5.56415e-10 5.18925e-10 -0.302941 7.29078e-10 7.33106e-10 0.0239278
1665.15 5.23257e-10 5.25302e-10 0.016937 7.14417e-10 7.21704e-10 0.0440772
1666.07 5.25323e-10 5.20348e-10 -0.0413296 6.52185e-10 6.91975e-10 0.257198
1666.99 5.52161e-10 5.32237e-10 -0.159608 6.32429e-10 7.22717e-10 0.579562
1667.92 5.40118e-10 5.13446e-10 -0.219943 6.73266e-10 7.54195e-10 0.492967
1668.84 5.7707e-10 5.23288e-10 -0.424881 7.25958e-10 7.20742e-10 -0.0313171
1669.77 5.81715e-10 5.00038e-10 -0.657073 7.47151e-10 7.35902e-10 -0.0658885
1670.69 5.92875e-10 4.94523e-10 -0.787762 7.55331e-10 7.27768e-10 -0.161448
1671.62 5.63534e-10 5.33524e-10 -0.237664 7.29123e-10 7.07049e-10 -0.13351
1672.54 5.49147e-10 5.27902e-10 -0.171348 7.21131e-10 6.84941e-10 -0.22361
1673.47 5.52524e-10 5.201e-10 -0.262641 7.39626e-10 7.31238e-10 -0.049533
1674.39 5.50828e-10 5.20571e-10 -0.245363 7.32616e-10 7.64918e-10 0.187386
1675.32 5.67516e-10 4.96416e-10 -0.581325 6.98874e-10 7.39757e-10 0.246902
1676.24 5.48926e-10 4.84093e-10 -0.545857 7.03312e-10 7.10397e-10 0.0435313
1677.16 5.33372e-10 5.27202e-10 -0.0505352 7.45311e-10 7.53693e-10 0.0485688
1678.09 5.26259e-10 5.39369e-10 0.106866 6.80947e-10 7.18633e-10 0.233935
1679.01 5.19132e-10 5.27634e-10 0.0705529 6.66009e-10 7.08725e-10 0.269978
1679.94 5.28533e-10 5.24579e-10 -0.032615 6.9628e-10 7.2625e-10 0.183023
1680.86 5.27987e-10 5.39732e-10 0.0955451 7.13124e-10 7.48488e-10 0.2102
1681.79 5.3668e-10 5.15479e-10 -0.175044 6.99714e-10 7.80249e-10 0.473131
1682.71 5.49005e-10 5.25852e-10 -0.187128 6.91129e-10 7.53175e-10 0.373363
1683.64 5.51635e-10 5.08412e-10 -0.354361 7.01454e-10 7.25016e-10 0.14348
1684.56 5.28504e-10 5.01653e-10 -0.22645 7.08678e-10 6.93437e-10 -0.0944195
1685.49 5.25719e-10 4.97683e-10 -0.238015 6.77545e-10 7.11429e-10 0.21193
1686.41 5.28382e-10 5.07597e-10 -0.174287 6.92703e-10 6.86796e-10 -0.0371972
1687.33 5.45653e-10 5.00757e-10 -0.372898 6.90348e-10 6.9871e-10 0.0522863
1688.26 5.27983e-10 5.3481e-10 0.0557997 7.10542e-10 6.90228e-10 -0.125975
1689.18 5.33806e-10 5.04935e-10 -0.241477 7.36797e-10 7.08955e-10 -0.167297
1690.11 5.30912e-10 4.92574e-10 -0.325508 7.50272e-10 7.35545e-10 -0.0860964
1691.03 5.14307e-10 4.95817e-10 -0.159008 7.11201e-10 7.15938e-10 0.0288321
1691.96 5.45657e-10 5.04968e-10 -0.336562 6.6319e-10 7.37778e-10 0.462878
1692.88 5.42945e-10 4.99563e-10 -0.361662 7.09815e-10 7.30266e-10 0.123354
1693.81 5.39582e-10 4.76484e-10 -0.540089 7.61883e-10 7.02236e-10 -0.354056
1694.73 5.3432e-10 4.56487e-10 -0.683735 7.10931e-10 7.10966e-10 0.000213284
1695.66 5.14036e-10 4.69715e-10 -0.391592 7.17891e-10 7.19393e-10 0.00907953
1696.58 5.47659e-10 4.83766e-10 -0.538751 7.1949e-10 7.0552e-10 -0.0851553
1697.51 5.57496e-10 4.88525e-10 -0.573545 7.06324e-10 6.88744e-10 -0.109461
1698.43 5.19203e-10 4.92963e-10 -0.225228 7.32501e-10 6.88641e-10 -0.268152
1699.35 5.18971e-10 5.1425e-10 -0.0396836 7.25031e-10 7.17618e-10 -0.0446344
1700.28 5.61168e-10 5.11206e-10 -0.404969 7.02151e-10 7.3314e-10 0.187566
1701.2 5.5313e-10 5.17849e-10 -0.286244 7.34276e-10 7.57914e-10 0.137609
1702.13 5.49234e-10 5.05849e-10 -0.357367 7.16138e-10 7.3516e-10 0.113852
1703.05 5.38865e-10 4.76344e-10 -0.535589 7.0183e-10 7.00008e-10 -0.0112861
1703.98 5.45507e-10 5.24154e-10 -0.173411 6.81227e-10 7.18478e-10 0.231216
1704.9 5.53941e-10 5.41246e-10 -0.100694 6.92015e-10 7.37536e-10 0.276677
1705.83 5.62785e-10 5.19255e-10 -0.349615 6.9134e-10 7.64659e-10 0.437759
1706.75 5.59196e-10 5.04882e-10 -0.443742 6.83549e-10 7.24573e-10 0.253121
1707.68 5.68031e-10 4.96651e-10 -0.583208 7.00253e-10 7.1805e-10 0.108994
1708.6 5.743e-10 5.19384e-10 -0.436501 7.30686e-10 7.3917e-10 0.0501312
1709.52 5.84605e-10 5.1727e-10 -0.531457 7.1155e-10 7.21997e-10 0.063298
1710.45 5.3322e-10 5.10169e-10 -0.191927 7.12997e-10 7.39035e-10 0.155773
1711.37 5.23698e-10 5.45384e-10 0.176219 6.91794e-10 6.9996e-10 0.0509624
1712.3 5.34087e-10 5.26709e-10 -0.0604123 6.53124e-10 7.12034e-10 0.375051
1713.22 5.38598e-10 5.15295e-10 -0.19209 7.07594e-10 6.96224e-10 -0.0703539
1714.15 5.35117e-10 5.26123e-10 -0.0736112 7.2004e-10 7.11773e-10 -0.0501522
1715.07 5.29153e-10 5.28117e-10 -0.00850476 7.15638e-10 7.28304e-10 0.0761922
1716 5.34002e-10 5.17857e-10 -0.13333 7.14879e-10 7.22749e-10 0.0475461
1716.92 5.50129e-10 5.06148e-10 -0.361876 6.88069e-10 6.81391e-10 -0.0423601
1717.85 5.78719e-10 4.76138e-10 -0.847355 7.14477e-10 6.88374e-10 -0.161638
1718.77 5.77726e-10 4.79941e-10 -0.80534 7.63713e-10 7.32069e-10 -0.183782
1719.69 5.54057e-10 4.94399e-10 -0.494771 7.78892e-10 7.4639e-10 -0.185115
1720.62 5.48057e-10 4.96019e-10 -0.43328 7.47497e-10 7.193e-10 -0.166994
1721.54 5.2734e-10 5.18134e-10 -0.0764833 7.02767e-10 7.27099e-10 0.147827
1722.47 5.26928e-10 5.2462e-10 -0.019061 6.99951e-10 7.49875e-10 0.299215
1723.39 5.43524e-10 5.40348e-10 -0.0254536 7.06645e-10 7.24007e-10 0.105417
1724.32 5.56578e-10 5.3267e-10 -0.190679 7.01997e-10 7.08227e-10 0.0383755
1725.24 5.39481e-10 5.26069e-10 -0.109335 7.01139e-10 7.33043e-10 0.193252
1726.17 5.50717e-10 5.07642e-10 -0.353708 7.39401e-10 6.97104e-10 -0.255823
1727.09 5.60569e-10 5.19221e-10 -0.332769 7.39446e-10 6.83475e-10 -0.341839
1728.02 5.58639e-10 5.23217e-10 -0.284494 7.3131e-10 6.9207e-10 -0.239516
1728.94 5.55494e-10 5.26483e-10 -0.232949 7.49682e-10 7.4048e-10 -0.0536364
1729.86 5.52957e-10 5.06977e-10 -0.377033 7.28198e-10 7.63852e-10 0.207596
1730.79 5.51439e-10 5.01557e-10 -0.411772 7.25517e-10 7.66123e-10 0.236507
1731.71 5.39547e-10 4.94843e-10 -0.375615 7.50464e-10 7.06299e-10 -0.263411
1732.64 5.60104e-10 5.0578e-10 -0.443064 7.44639e-10 7.02677e-10 -0.2519
1733.56 5.70753e-10 5.14277e-10 -0.452516 6.87776e-10 6.69672e-10 -0.115846
1734.49 5.46322e-10 5.11432e-10 -0.286607 6.84005e-10 7.13124e-10 0.181058
1735.41 5.6747e-10 4.94041e-10 -0.6018 7.06677e-10 7.02915e-10 -0.023182
1736.34 5.83655e-10 5.02322e-10 -0.651743 7.47488e-10 7.09129e-10 -0.228792
1737.26 5.8089e-10 4.89419e-10 -0.744131 7.73212e-10 7.23949e-10 -0.285906
1738.19 5.77289e-10 4.72855e-10 -0.866655 7.95469e-10 7.37979e-10 -0.325789
1739.11 5.53745e-10 4.69341e-10 -0.718216 7.88807e-10 7.76817e-10 -0.0665224
1740.04 5.16073e-10 5.00278e-10 -0.134991 7.29789e-10 7.36955e-10 0.0424385
1740.96 5.34541e-10 5.11295e-10 -0.193095 7.09361e-10 7.13957e-10 0.0280468
1741.88 5.39213e-10 5.23942e-10 -0.124767 6.9202e-10 7.9215e-10 0.586884
1742.81 5.51827e-10 4.90018e-10 -0.515904 6.96173e-10 7.81557e-10 0.502436
1743.73 5.25007e-10 4.93262e-10 -0.27087 6.93073e-10 7.6333e-10 0.419334
1744.66 5.29116e-10 5.29044e-10 -0.000591879 6.78481e-10 7.22078e-10 0.270463
1745.58 5.50335e-10 5.2566e-10 -0.199226 7.00457e-10 6.86582e-10 -0.0868878
1746.51 5.46615e-10 5.20497e-10 -0.212637 6.96729e-10 7.02871e-10 0.0381132
1747.43 5.43226e-10 5.27999e-10 -0.123478 7.25165e-10 7.35011e-10 0.0585745
1748.36 5.64296e-10 5.12491e-10 -0.418211 7.3162e-10 7.47256e-10 0.0918406
1749.28 5.88774e-10 4.91335e-10 -0.785709 7.26258e-10 7.61543e-10 0.206036
1750.21 5.66462e-10 5.22964e-10 -0.346987 7.0935e-10 7.30537e-10 0.12782
1751.13 5.16927e-10 5.31539e-10 0.12106 7.02774e-10 7.18029e-10 0.0932608
1752.05 5.29304e-10 5.24834e-10 -0.0368314 6.95868e-10 7.44752e-10 0.294851
1752.98 5.39122e-10 5.18844e-10 -0.166499 6.80308e-10 7.44595e-10 0.392149
1753.9 5.27137e-10 5.17198e-10 -0.0826725 6.91868e-10 7.31372e-10 0.241148
1754.83 5.61699e-10 5.38677e-10 -0.181756 6.61177e-10 7.33471e-10 0.450654
1755.75 5.57932e-10 5.33031e-10 -0.198292 7.0161e-10 7.7101e-10 0.409644
1756.68 5.22226e-10 5.22402e-10 0.00145924 7.39089e-10 7.68902e-10 0.171741
1757.6 5.27771e-10 5.16757e-10 -0.0915915 7.44902e-10 7.34337e-10 -0.0620348
1758.53 5.46193e-10 5.14682e-10 -0.258071 6.92111e-10 7.13744e-10 0.133665
1759.45 5.46482e-10 5.1285e-10 -0.275854 6.77225e-10 7.2839e-10 0.316313
1760.38 5.44935e-10 4.99166e-10 -0.380999 7.17606e-10 7.26917e-10 0.0559916
1761.3 5.56142e-10 5.11077e-10 -0.366988 7.01262e-10 7.65226e-10 0.379095
1762.22 5.57558e-10 5.22292e-10 -0.283762 7.11572e-10 7.75903e-10 0.375885
1763.15 5.71043e-10 5.16186e-10 -0.438623 6.94635e-10 7.58352e-10 0.381138
1764.07 5.55985e-10 5.00643e-10 -0.455354 7.00931e-10 7.58143e-10 0.340754
1765 5.81713e-10 5.10878e-10 -0.563916 7.04431e-10 7.28429e-10 0.145488
1765.92 5.7702e-10 5.02291e-10 -0.602349 7.15e-10 6.9405e-10 -0.12915
1766.85 5.43651e-10 4.80118e-10 -0.539722 7.42902e-10 6.89538e-10 -0.323731
1767.77 5.27884e-10 4.55758e-10 -0.63804 7.12812e-10 6.92171e-10 -0.127619
1768.7 5.3727e-10 5.15029e-10 -0.183611 7.12135e-10 7.01839e-10 -0.0632463
1769.62 5.27235e-10 5.32987e-10 0.0471211 7.0372e-10 7.14384e-10 0.0653171
1770.55 5.41557e-10 4.97814e-10 -0.365772 7.09779e-10 6.9775e-10 -0.074233
1771.47 5.6927e-10 5.07336e-10 -0.500222 7.26045e-10 7.06359e-10 -0.119381
1772.4 5.71287e-10 4.82616e-10 -0.732526 7.32582e-10 6.98001e-10 -0.210002
1773.32 5.46611e-10 4.74142e-10 -0.6177 7.59342e-10 7.07782e-10 -0.305374
1774.24 5.61887e-10 4.99932e-10 -0.50738 7.35054e-10 7.01296e-10 -0.204174
1775.17 5.53023e-10 4.99521e-10 -0.441893 6.99199e-10 7.2225e-10 0.140868
1776.09 5.25367e-10 5.02533e-10 -0.192979 6.71401e-10 7.2658e-10 0.34301
1777.02 5.41461e-10 5.22346e-10 -0.156089 6.9377e-10 7.44071e-10 0.303993
1777.94 5.38045e-10 5.46157e-10 0.0649846 7.37641e-10 7.38399e-10 0.00446082
1778.87 5.08301e-10 5.28807e-10 0.171758 6.99476e-10 7.24464e-10 0.152439
1779.79 5.22801e-10 5.20353e-10 -0.0203842 7.15781e-10 7.00542e-10 -0.093461
1780.72 5.49072e-10 5.03997e-10 -0.372013 7.22442e-10 7.08924e-10 -0.082037
1781.64 5.69038e-10 4.9857e-10 -0.574152 6.69271e-10 7.23145e-10 0.336231
1782.57 5.92621e-10 5.08419e-10 -0.665549 6.9948e-10 7.66322e-10 0.39636
1783.49 5.74655e-10 5.10105e-10 -0.517484 6.52743e-10 6.99121e-10 0.298105
1784.41 5.42592e-10 4.83407e-10 -0.501603 6.63199e-10 6.99494e-10 0.231399
1785.34 5.41375e-10 5.13989e-10 -0.225444 6.7688e-10 7.33059e-10 0.346276
1786.26 5.44126e-10 5.11285e-10 -0.270363 7.1346e-10 7.05052e-10 -0.0514858
1787.19 5.30836e-10 4.86774e-10 -0.376334 6.98998e-10 7.29204e-10 0.183735
1788.11 5.38454e-10 4.84189e-10 -0.461334 7.07641e-10 7.0751e-10 -0.000805287
1789.04 5.64892e-10 5.1414e-10 -0.408845 6.97901e-10 6.89348e-10 -0.0535492
1789.96 5.7665e-10 5.27492e-10 -0.386957 7.32829e-10 6.9352e-10 -0.239436
1790.89 5.64934e-10 5.03555e-10 -0.499512 7.16334e-10 7.19715e-10 0.0204505
1791.81 5.23934e-10 5.00576e-10 -0.198073 6.96535e-10 7.10221e-10 0.0845064
1792.74 5.33057e-10 4.94782e-10 -0.323601 7.2056e-10 7.3584e-10 0.091135
1793.66 5.2832e-10 5.06645e-10 -0.181934 6.81273e-10 7.37022e-10 0.341599
1794.58 5.34638e-10 5.40365e-10 0.0462733 7.17108e-10 7.43189e-10 0.155151
1795.51 5.46632e-10 5.27511e-10 -0.15464 7.1751e-10 7.21096e-10 0.0216524
1796.43 5.718e-10 4.90238e-10 -0.668373 6.89555e-10 7.14288e-10 0.153043
1797.36 5.56996e-10 4.87242e-10 -0.581069 6.89585e-10 7.32018e-10 0.259344
1798.28 5.59766e-10 4.94458e-10 -0.538771 7.26199e-10 7.31105e-10 0.0292399
1799.21 5.69089e-10 5.01307e-10 -0.550761 7.38451e-10 7.13313e-10 -0.150419
1800.13 5.73295e-10 5.27886e-10 -0.358374 7.40317e-10 7.33386e-10 -0.0408527
1801.06 5.53079e-10 4.96316e-10 -0.470292 7.35654e-10 7.48129e-10 0.0730293
1801.98 5.58645e-10 4.88934e-10 -0.578858 6.72413e-10 7.46279e-10 0.452649
1802.91 5.46948e-10 4.80274e-10 -0.564572 6.32666e-10 6.93402e-10 0.398109
1803.83 5.25839e-10 5.0249e-10 -0.197256 6.7456e-10 7.12519e-10 0.237762
1804.75 5.6437e-10 4.96367e-10 -0.557612 7.17844e-10 7.22127e-10 0.0258346
1805.68 5.7095e-10 5.26048e-10 -0.355734 7.45975e-10 7.09988e-10 -0.214732
1806.6 5.56732e-10 5.16529e-10 -0.325511 7.29394e-10 7.22487e-10 -0.0413234
1807.53 5.38873e-10 5.01859e-10 -0.309047 7.16093e-10 7.19987e-10 0.023553
1808.45 5.39391e-10 5.17341e-10 -0.181263 7.03571e-10 7.13972e-10 0.0637315
1809.38 5.46231e-10 5.20879e-10 -0.206394 7.18911e-10 7.11474e-10 -0.0451565
1810.3 5.36414e-10 5.28834e-10 -0.0618023 6.94071e-10 7.02984e-10 0.0554192
1811.23 5.62958e-10 5.14341e-10 -0.392249 6.7851e-10 7.13713e-10 0.219673
1812.15 5.70249e-10 4.98921e-10 -0.580328 7.04918e-10 7.10052e-10 0.0315169
1813.08 5.57742e-10 5.18379e-10 -0.317856 7.04804e-10 7.06031e-10 0.00755232
1814 5.67394e-10 5.11705e-10 -0.448648 7.02686e-10 7.12833e-10 0.0622627
1814.93 5.43065e-10 5.42343e-10 -0.00577516 6.78677e-10 7.28934e-10 0.310251
1815.85 5.51619e-10 4.95345e-10 -0.467307 7.00273e-10 7.25267e-10 0.152308
1816.77 5.55041e-10 4.92763e-10 -0.516876 7.24695e-10 7.27717e-10 0.018073
1817.7 5.65081e-10 5.05527e-10 -0.483668 7.1589e-10 7.29695e-10 0.0829502
1818.62 5.55985e-10 4.95341e-10 -0.501586 7.19816e-10 7.43629e-10 0.141352
1819.55 5.52378e-10 4.75188e-10 -0.653715 7.34053e-10 7.35956e-10 0.0112409
1820.47 5.55507e-10 4.94294e-10 -0.507045 7.15185e-10 7.38041e-10 0.136626
1821.4 5.7077e-10 5.03399e-10 -0.54549 7.28066e-10 6.76361e-10 -0.319924
1822.32 5.50099e-10 4.93996e-10 -0.46718 6.95056e-10 6.76256e-10 -0.119089
1823.25 5.5322e-10 5.1996e-10 -0.269273 6.68121e-10 6.65276e-10 -0.0185376
1824.17 5.3456e-10 4.91272e-10 -0.366744 7.12044e-10 6.69385e-10 -0.268308
1825.1 5.56438e-10 4.90428e-10 -0.548413 7.07914e-10 6.99692e-10 -0.0507399
1826.02 5.29212e-10 5.12026e-10 -0.143375 6.90847e-10 7.06037e-10 0.0944505
1826.94 5.52677e-10 5.00191e-10 -0.433352 6.99171e-10 7.12563e-10 0.0823982
1827.87 5.5008e-10 4.97921e-10 -0.432655 6.99067e-10 7.05493e-10 0.0397376
1828.79 5.48577e-10 4.90703e-10 -0.484188 7.31311e-10 7.35079e-10 0.0223149
1829.72 5.64092e-10 4.853e-10 -0.653399 6.89428e-10 7.26907e-10 0.229898
1830.64 5.49032e-10 4.93292e-10 -0.464938 6.43958e-10 7.27313e-10 0.528642
1831.57 5.50511e-10 5.05121e-10 -0.373705 6.77411e-10 6.95236e-10 0.112803
1832.49 5.73001e-10 5.3932e-10 -0.263087 7.12897e-10 7.37355e-10 0.146498
1833.42 5.56731e-10 5.09091e-10 -0.388499 6.99027e-10 7.47381e-10 0.290482
1834.34 5.24068e-10 5.03804e-10 -0.171259 6.77446e-10 7.35798e-10 0.358836
1835.27 5.53953e-10 4.94638e-10 -0.491853 6.91578e-10 7.07865e-10 0.101093
1836.19 5.74971e-10 4.9973e-10 -0.609104 6.93553e-10 6.99264e-10 0.0356153
1837.11 5.42952e-10 5.18063e-10 -0.203789 7.31703e-10 6.88842e-10 -0.262148
1838.04 5.46387e-10 4.82779e-10 -0.537515 7.02021e-10 7.09046e-10 0.043248
1838.96 5.5688e-10 4.90777e-10 -0.548772 6.50648e-10 7.0474e-10 0.34683
1839.89 5.58624e-10 5.14171e-10 -0.360115 6.50897e-10 7.08796e-10 0.370089
1840.81 5.48197e-10 5.11913e-10 -0.297403 7.0989e-10 6.80747e-10 -0.182052
1841.74 5.38912e-10 5.045e-10 -0.286566 7.17955e-10 7.18779e-10 0.00498248
1842.66 5.16605e-10 5.15165e-10 -0.0121165 7.35078e-10 7.22695e-10 -0.0737805
1843.59 5.29932e-10 5.11268e-10 -0.15572 7.0548e-10 7.06543e-10 0.00654099
1844.51 5.31129e-10 5.10898e-10 -0.168662 6.98837e-10 7.33317e-10 0.209156
1845.44 5.52717e-10 5.11083e-10 -0.340112 7.38093e-10 6.85316e-10 -0.322206
1846.36 5.84338e-10 4.9207e-10 -0.746372 7.50696e-10 6.79368e-10 -0.433588
1847.28 5.60397e-10 5.06277e-10 -0.44107 7.20129e-10 7.23543e-10 0.020539
1848.21 5.36882e-10 5.17461e-10 -0.160014 6.84768e-10 7.3218e-10 0.290747
1849.13 5.48836e-10 5.22604e-10 -0.212699 7.05349e-10 7.43054e-10 0.226164
1850.06 5.45232e-10 5.06365e-10 -0.321176 6.90943e-10 7.53236e-10 0.37489
1850.98 5.42179e-10 5.45796e-10 0.0288788 6.93875e-10 7.15582e-10 0.133783
1851.91 5.48348e-10 5.14394e-10 -0.277602 7.00786e-10 7.20876e-10 0.122753
1852.83 5.55662e-10 5.13667e-10 -0.341292 6.86504e-10 6.87133e-10 0.00397622
1853.76 5.46353e-10 5.19421e-10 -0.219539 6.52241e-10 7.14721e-10 0.397284
1854.68 5.6181e-10 5.35207e-10 -0.21068 6.81101e-10 7.06156e-10 0.156896
1855.61 5.40802e-10 5.33757e-10 -0.0569427 6.9414e-10 7.23427e-10 0.179479
1856.53 5.47467e-10 5.09326e-10 -0.313625 7.46096e-10 7.53149e-10 0.0408624
1857.46 5.88618e-10 5.12803e-10 -0.598825 7.55494e-10 7.75664e-10 0.114422
1858.38 5.76389e-10 5.30286e-10 -0.362055 7.02943e-10 7.53453e-10 0.30136
1859.3 5.82957e-10 5.07503e-10 -0.601986 7.11246e-10 7.27542e-10 0.09838
1860.23 5.40574e-10 5.19512e-10 -0.172595 7.32866e-10 7.40755e-10 0.0464964
1861.15 5.19e-10 5.20514e-10 0.0126546 7.08282e-10 7.31005e-10 0.137139
1862.08 5.1496e-10 5.39666e-10 0.203517 7.0193e-10 7.52773e-10 0.303704
1863 5.31048e-10 5.68914e-10 0.299129 6.66681e-10 7.42926e-10 0.470276
1863.93 5.67339e-10 5.44153e-10 -0.181212 6.4871e-10 7.09989e-10 0.392009
1864.85 5.40236e-10 5.21027e-10 -0.157226 6.64833e-10 7.0128e-10 0.231792
1865.78 5.31774e-10 4.93015e-10 -0.328666 6.66253e-10 7.21807e-10 0.347818
1866.7 5.50237e-10 4.81284e-10 -0.581484 6.83986e-10 7.33497e-10 0.303514
1867.63 5.85921e-10 5.22749e-10 -0.495456 7.1468e-10 7.59794e-10 0.265846
1868.55 5.88921e-10 4.93959e-10 -0.763663 6.90892e-10 7.06696e-10 0.0982225
1869.47 5.74094e-10 4.7989e-10 -0.778414 6.93945e-10 6.73458e-10 -0.130141
1870.4 5.57727e-10 5.20963e-10 -0.296148 6.94525e-10 7.45278e-10 0.306304
1871.32 5.83018e-10 5.10849e-10 -0.573892 7.22602e-10 7.56944e-10 0.201646
1872.25 5.76706e-10 5.12342e-10 -0.513947 7.12997e-10 7.22488e-10 0.0574284
1873.17 5.12609e-10 5.16284e-10 0.0310174 6.81855e-10 6.95977e-10 0.0890241
1874.1 5.25574e-10 4.89254e-10 -0.310997 6.67939e-10 7.11447e-10 0.274053
1875.02 5.44684e-10 4.93883e-10 -0.425207 6.80645e-10 7.30811e-10 0.308845
1875.95 5.73378e-10 5.01496e-10 -0.581741 7.22059e-10 7.25858e-10 0.0227899
1876.87 5.83035e-10 4.84389e-10 -0.805006 7.07722e-10 7.14677e-10 0.0424707
1877.8 5.36083e-10 4.84885e-10 -0.435931 7.33068e-10 7.13037e-10 -0.120324
1878.72 5.60201e-10 5.13948e-10 -0.374245 7.63798e-10 7.40369e-10 -0.135298
1879.64 5.75193e-10 4.82351e-10 -0.764503 7.63701e-10 7.33153e-10 -0.177289
1880.57 5.65132e-10 4.69818e-10 -0.802206 7.42381e-10 7.03493e-10 -0.23367
1881.49 5.53634e-10 5.00155e-10 -0.441184 7.07361e-10 6.91132e-10 -0.1008
1882.42 5.48027e-10 5.28001e-10 -0.161672 7.11797e-10 6.75227e-10 -0.229063
1883.34 5.5146e-10 5.31896e-10 -0.156872 7.01392e-10 6.83841e-10 -0.110059
1884.27 5.67646e-10 5.26677e-10 -0.325333 7.08172e-10 7.14534e-10 0.0388426
1885.19 5.35432e-10 5.32321e-10 -0.0253129 6.80071e-10 7.29696e-10 0.305876
1886.12 5.7209e-10 5.25852e-10 -0.366007 6.90077e-10 7.20025e-10 0.184496
1887.04 5.69123e-10 5.09093e-10 -0.484091 7.61628e-10 7.29886e-10 -0.184878
1887.97 5.44396e-10 5.09279e-10 -0.289594 7.35738e-10 7.15431e-10 -0.121557
1888.89 5.56191e-10 5.16277e-10 -0.323418 7.05347e-10 7.36343e-10 0.186773
1889.82 5.52958e-10 4.86575e-10 -0.555416 7.15802e-10 6.96729e-10 -0.117286
1890.74 5.56218e-10 5.0839e-10 -0.390476 7.30002e-10 7.33269e-10 0.019388
1891.66 5.72838e-10 4.98692e-10 -0.60199 7.56097e-10 7.42215e-10 -0.0804812
1892.59 5.73841e-10 4.66183e-10 -0.902347 7.37434e-10 7.21643e-10 -0.0940072
1893.51 5.57603e-10 2.37093e-10 -3.71406 7.06318e-10 3.55519e-10 -2.98137
