# fs_open=3788.11 fs_closed=3788.34 nfft=4096 open_s=500 closed_s=500 labels=y,x
# start=2026-07-30 16:13:25
# pixel_scale=15.5
# stat 0 -0.112462 0.0302287 5.04603e-06 0.00364342
# stat 1 0.228029 0.0204013 -1.4104e-05 0.00574844
# config ATTENUATION PAR-3 -- BASELINE REPEAT of PAR-1 (identical fsp settings), the A in an A/B/A through the PARPORT DAC (TI DAC81404 over the StarTech PEX1P2 / AX99100 PCIe parallel card, spi link, mmio backend), replacing the DAQC2/BRIDGEplate serial path used by every previous attenuation run.
# config TRANSPORT: bit-banged 24-bit SPI, ~6.4 us per channel update (~12.8 us for both channels), against the BRIDGEplate's ~0.5-1.4 ms. DAC range is FIXED at +-5 V bipolar (153 uV/LSB) with the mirror parked at 0 V, matching the bode sweeps exactly; auto-ranging is off, so the actuator is a fixed-gain element for both phases of the A/B and the open/closed comparison is clean. Supplies +/-12 V: AVDD needs VMAX+1.5 = 11.5 V for +-10, AVSS -11.5 V, leaving only 0.5 V of margin -- meter the rails under load. AVSS is therefore NEGATIVE, not grounded, which means the 0-5 base range runs outside the AVSS = 0 V condition SLASEH2A 7.5 gives the unipolar figures at (see _avss_tradeoff); 16-bit = 76 uV/LSB in 0-5, 305 uV/LSB in +-10, vs the BRIDGEplate's 12-bit 1 mV.
# config OUTPUTS: two channels, no coarse stage -- ch0 = y/tip (+1.0 V/unit), ch1 = x/tilt (-1.0 V/unit), offset 0 V, symmetric command bounds +-1 V (59 px of authority against a +-16 px ROI; the mirror's full range is deliberately NOT given to the loop on this first run). NOTE the command->FSM voltage mapping is NOT the same as any previous attenuation run, so K is not comparable across the transport change and was re-measured -- and it came out 4.7-5.5x HIGHER, not lower as this file originally predicted, so nothing about the piplate-era gains carries over.
# config Camera/CoM: 32x32 ROI start_x 1840 / start_y 680, exposure 50, gain 100, bw 100, 20x20 tracked window thr 5 (the camera is now shrouded, so the background floor no longer needs a high threshold).
# config FSP: broad_order 512, broad_mu .03 -- REVERTED from PAR-2's 128/.005, which was 60% worse on y and 10% on x once normalised for the environment. 128 taps = 29.6 Hz resolution cannot separate the 2-3 Hz-spaced 9-30 Hz comb; this reproduces the documented kalman order-80 failure (order 80 ~29 Hz could not represent the 2.256 Hz comb). broad_lp 5 (retuned: the shorter delay moved the regeneration band from ~325 Hz to ~700 Hz); adapt_period 8, adapt_tau 5. Guard ON (guard_ratio 4). Cold-start observer: pass_open false + broad_freeze_closed false, so no weight is derived from open-loop data; drift_tau and the transient path are OFF. Modal freqs re-derived from run 1's own open PSD (8-mode cap), though they are inert while broad_order > 0.
# config PURPOSE: PAR-1 and PAR-2 were an hour apart and the environment moved between them (y open 5-10 Hz rose 4x), so this repeats PAR-1's exact controller to confirm the baseline and bound the run-to-run spread before any further tuning. PAR-1: y 0.518 -> 0.0804 px, x 0.496 -> 0.0966 px. PAR-2 (128/.005), normalised to PAR-1's environment: y 0.128, x 0.106; 60-150 Hz only 1.5x and the largest closed contributor on both axes; waterbed 3.4-3.5x at 195-250 Hz; no regeneration (400-800 Hz = 0.0% of command power).
# config DELAY AND K: BOTH re-fit for this transport 2026-07-30 from conf_bode_par_x/y.json (+/-100 mV sweep, full-band 5-300 Hz phase slope for tau, <=30 Hz plateau for K). Kx 3.787 +/- 0.008, Ky 3.636 +/- 0.005; delay x 2.717 fr, y 2.577 fr at fs 3788. Against the piplate era that is 4.7-5.5x MORE loop gain and LESS THAN HALF the delay -- the shorter delay is the entire reason to expect better rejection here.
# config COMPARE against attenuation_fsp21 and attenuation_fsp15 (run 15: y 0.073 / x 0.168 px): report total and per-band closed RMS, 60-400 Hz waterbed, command/clamp behavior, and transient activation count on the shared 500/500/4096 grid. Closed RMS in PIXELS remains comparable across the change; command units do not. refs: Kulcsar 2006 / Petit 2008 / Meimon 2010 / Correia 2010
# freq_Hz psd_open_0 psd_closed_0 atten_dB_0 psd_open_1 psd_closed_1 atten_dB_1
0 1.25557e-07 1.49329e-09 -19.247 2.07554e-07 2.9303e-09 -18.5022
0.924889 6.28577e-07 1.26694e-08 -16.956 1.38425e-06 6.63054e-09 -23.1966
1.84978 1.1066e-07 9.41512e-09 -10.7016 2.4986e-07 1.40451e-08 -12.5017
2.77467 3.747e-08 1.07093e-08 -5.43924 5.87103e-08 2.70418e-08 -3.36678
3.69955 5.48891e-08 1.66691e-08 -5.17574 4.76293e-08 3.83206e-08 -0.944417
4.62444 8.13904e-07 6.38855e-08 -11.0517 1.42315e-07 7.3007e-08 -2.89887
5.54933 8.9785e-06 3.90699e-07 -13.6136 1.8409e-06 2.96623e-07 -7.92825
6.47422 6.61364e-06 2.71486e-07 -13.8669 2.62604e-06 2.86895e-07 -9.61578
7.39911 3.38341e-07 4.362e-08 -8.89668 1.19586e-06 1.40511e-07 -9.29973
8.324 1.36663e-06 6.80781e-08 -13.0264 9.13669e-06 5.48636e-07 -12.215
9.24889 8.28785e-06 1.69868e-07 -16.8833 2.24327e-05 9.20326e-07 -13.8694
10.1738 7.1642e-06 9.8333e-08 -18.6247 1.15031e-05 2.64024e-07 -16.3917
11.0987 4.78174e-06 9.25165e-08 -17.1337 8.94146e-06 1.6283e-07 -17.3967
12.0236 1.616e-05 3.00278e-07 -17.3092 2.52045e-05 6.07243e-07 -16.1811
12.9484 8.30808e-06 1.63976e-07 -17.0472 2.01076e-05 6.30342e-07 -15.0378
13.8733 9.00812e-07 3.58567e-08 -14.0006 6.59028e-06 2.72185e-07 -13.8404
14.7982 2.46534e-07 1.64383e-08 -11.7602 1.4514e-06 7.28334e-08 -12.9946
15.7231 2.3974e-07 1.77123e-08 -11.3147 7.78351e-07 3.37251e-08 -13.6322
16.648 6.7786e-07 2.80372e-08 -13.8341 5.35046e-07 2.35698e-08 -13.5603
17.5729 1.42588e-06 4.68762e-08 -14.8313 9.19544e-07 4.01347e-08 -13.6005
18.4978 6.39678e-06 6.79825e-08 -19.7356 5.02984e-06 1.46591e-07 -15.3545
19.4227 2.52081e-05 1.70771e-07 -21.6913 1.93075e-05 5.15563e-07 -15.7344
20.3476 4.35916e-05 8.89095e-08 -26.9045 2.8738e-05 1.94156e-07 -21.7031
21.2724 0.000133441 1.03731e-07 -31.0938 8.78389e-05 1.34142e-07 -28.1612
22.1973 5.69232e-05 7.16089e-08 -29.0032 3.56904e-05 1.57054e-07 -23.565
23.1222 2.37373e-05 7.54618e-08 -24.977 8.38609e-06 1.7824e-07 -16.7255
24.0471 1.16702e-05 6.98857e-08 -22.2269 2.22597e-06 1.23043e-07 -12.5746
24.972 1.46439e-05 1.01853e-07 -21.5768 2.46948e-06 2.40474e-07 -10.1154
25.8969 2.46767e-05 1.30967e-07 -22.7513 4.43342e-06 3.9362e-07 -10.5166
26.8218 3.3704e-05 9.65709e-08 -25.4284 5.34805e-06 2.64171e-07 -13.0631
27.7467 3.05751e-05 6.03256e-08 -27.0487 3.72227e-06 9.25675e-08 -16.0435
28.6715 1.70002e-05 5.67227e-08 -24.767 1.28642e-06 1.3793e-07 -9.69724
29.5964 4.37924e-05 1.32481e-07 -25.1924 3.12045e-06 6.33935e-07 -6.92173
30.5213 1.41081e-05 4.64375e-08 -24.826 1.15657e-06 2.52792e-07 -6.6041
31.4462 1.49912e-07 3.94329e-09 -15.7998 7.03083e-08 1.98936e-08 -5.48294
32.3711 7.59057e-08 5.73217e-09 -11.2196 6.55813e-08 4.05866e-08 -2.08397
33.296 6.03737e-08 9.74703e-09 -7.91975 7.66157e-08 5.64338e-08 -1.32778
34.2209 5.29849e-08 1.59604e-08 -5.21109 8.94199e-08 6.03018e-08 -1.71104
35.1458 1.36095e-07 6.93383e-08 -2.92871 3.68427e-07 3.09798e-07 -0.752725
36.0707 1.28028e-07 6.45871e-08 -2.97159 3.61579e-07 2.87555e-07 -0.994824
36.9955 6.93038e-08 2.56279e-08 -4.32045 1.13692e-07 5.05767e-08 -3.51779
37.9204 2.37057e-07 6.22086e-08 -5.81002 3.20684e-07 6.56473e-08 -6.88861
38.8453 1.37373e-06 1.83358e-07 -8.746 1.19211e-06 1.5983e-07 -8.7266
39.7702 2.26789e-06 1.42593e-07 -12.0153 1.41076e-06 1.59708e-07 -9.46127
40.6951 2.13747e-06 7.0587e-08 -14.8118 1.08058e-06 2.18905e-07 -6.93401
41.62 1.41256e-06 8.51169e-08 -12.1999 5.28865e-07 2.17859e-07 -3.85169
42.5449 2.7447e-07 4.5748e-08 -7.78123 1.32551e-07 5.55339e-08 -3.77826
43.4698 8.2228e-08 4.19131e-08 -2.9267 5.50301e-08 2.07398e-08 -4.23795
44.3947 1.04156e-07 7.39617e-08 -1.48677 3.72021e-08 1.9711e-08 -2.75859
45.3195 1.22213e-07 1.05317e-07 -0.646192 3.5473e-08 2.7769e-08 -1.06337
46.2444 1.29819e-07 1.11576e-07 -0.657669 4.4009e-08 5.47796e-08 0.950768
47.1693 1.4109e-07 1.12025e-07 -1.0018 5.49514e-08 9.21563e-08 2.24546
48.0942 1.42697e-07 1.22872e-07 -0.64963 8.1035e-08 1.29627e-07 2.04023
49.0191 1.00007e-07 8.73939e-08 -0.585489 1.14604e-07 1.53062e-07 1.25667
49.944 6.05906e-08 3.47102e-08 -2.41947 1.37309e-07 1.52173e-07 0.4464
50.8689 1.18969e-07 1.79247e-08 -8.21982 1.24432e-07 1.03914e-07 -0.78259
51.7938 1.51028e-06 6.66166e-08 -13.5548 3.21535e-07 2.89774e-07 -0.451689
52.7187 2.27743e-06 1.00442e-07 -13.5553 3.98062e-07 3.8446e-07 -0.150995
53.6435 5.84637e-07 3.8177e-08 -11.8508 6.86495e-08 6.41128e-08 -0.296922
54.5684 1.89245e-07 1.58557e-08 -10.7684 3.12171e-08 1.93834e-08 -2.06962
55.4933 1.39436e-07 6.03342e-09 -13.6381 3.1616e-08 1.13137e-08 -4.46302
56.4182 4.71729e-06 7.44132e-09 -28.0204 2.49115e-07 1.66071e-08 -11.7611
57.3431 8.23419e-05 4.70989e-08 -32.4261 4.05544e-06 1.74746e-07 -13.6563
58.268 7.37199e-05 7.25643e-08 -30.0686 3.63396e-06 2.23303e-07 -12.1148
59.1929 1.15626e-05 1.37425e-07 -19.2499 5.59297e-07 3.33435e-07 -2.24632
60.1178 3.36871e-06 8.45194e-08 -16.0051 1.69777e-07 1.38032e-07 -0.898989
61.0427 7.56656e-07 5.80574e-08 -11.1504 4.74476e-08 5.06696e-08 0.285332
61.9675 1.29306e-06 8.66494e-08 -11.7385 6.20854e-08 7.78006e-08 0.979932
62.8924 8.59568e-07 5.44028e-08 -11.9866 4.64604e-08 7.08234e-08 1.83094
63.8173 3.98645e-07 3.10784e-08 -11.0813 3.78987e-08 6.32397e-08 2.22365
64.7422 2.55513e-07 3.35486e-08 -8.81739 3.42846e-08 5.20564e-08 1.81376
65.6671 1.44076e-07 4.34983e-08 -5.20119 2.52376e-08 3.63017e-08 1.57878
66.592 1.5904e-07 6.8049e-08 -3.68684 2.33766e-08 2.63073e-08 0.512936
67.5169 1.83886e-07 1.11802e-07 -2.16098 2.40447e-08 2.28364e-08 -0.223921
68.4418 1.25993e-07 9.02992e-08 -1.44664 2.49061e-08 2.59981e-08 0.186369
69.3666 9.53677e-08 6.11289e-08 -1.93155 3.15134e-08 4.71844e-08 1.75303
70.2915 1.35218e-07 5.85374e-08 -3.63602 4.46982e-08 9.7467e-08 3.38568
71.2164 1.98025e-07 6.43098e-08 -4.88442 6.79511e-08 2.15224e-07 5.00695
72.1413 2.45978e-07 5.84108e-08 -6.24404 8.99494e-08 3.31418e-07 5.66378
73.0662 2.53141e-07 4.49428e-08 -7.50703 9.75911e-08 3.45981e-07 5.49641
73.9911 2.00967e-07 3.64333e-08 -7.41627 1.12884e-07 2.65029e-07 3.70661
74.916 2.01771e-07 5.27634e-08 -5.82526 1.51146e-07 2.21842e-07 1.66648
75.8409 2.09581e-07 6.34298e-08 -5.19058 1.57843e-07 1.51984e-07 -0.164286
76.7658 2.31452e-07 6.96067e-08 -5.21811 1.88284e-07 1.34194e-07 -1.4708
77.6906 3.32934e-07 7.35768e-08 -6.55617 3.5452e-07 2.25228e-07 -1.97018
78.6155 5.6358e-07 8.06684e-08 -8.44252 8.41599e-07 4.98202e-07 -2.277
79.5404 2.58834e-07 3.85518e-08 -8.26976 4.29522e-07 2.81144e-07 -1.84057
80.4653 1.54884e-07 3.89287e-08 -5.99737 5.08168e-07 2.53483e-07 -3.02059
81.3902 2.02876e-07 6.59861e-08 -4.87778 9.05138e-07 3.30508e-07 -4.37532
82.3151 1.00176e-07 4.74829e-08 -3.24224 9.75164e-07 1.41041e-07 -8.39731
83.24 9.97899e-08 5.10404e-08 -2.91173 2.52269e-06 1.53634e-07 -12.1538
84.1649 1.52839e-07 7.01972e-08 -3.37915 4.16664e-06 3.02633e-07 -11.3887
85.0898 1.38007e-07 6.97371e-08 -2.96437 2.17437e-06 2.47232e-07 -9.44229
86.0146 1.31992e-07 6.85738e-08 -2.8439 5.52799e-07 1.33673e-07 -6.16525
86.9395 2.06596e-07 8.45643e-08 -3.87935 1.9073e-07 9.26781e-08 -3.13442
87.8644 2.69431e-07 6.81633e-08 -5.96896 9.53384e-08 7.09612e-08 -1.28247
88.7893 3.20502e-07 4.57464e-08 -8.45474 6.46159e-08 5.43698e-08 -0.74982
89.7142 3.3461e-07 4.94206e-08 -8.30631 4.84413e-08 5.66267e-08 0.678055
90.6391 3.04037e-07 5.08203e-08 -7.76889 5.23167e-08 6.62266e-08 1.02392
91.564 2.9764e-07 5.97943e-08 -6.97032 6.6232e-08 1.05939e-07 2.03989
92.4889 3.76286e-07 7.77997e-08 -6.8454 9.75175e-08 1.83105e-07 2.73618
93.4138 5.77305e-07 9.47167e-08 -7.84979 1.66505e-07 2.63194e-07 1.98849
94.3386 7.94982e-07 8.91924e-08 -9.5003 2.58626e-07 2.95074e-07 0.572581
95.2635 8.27804e-07 5.16703e-08 -12.0469 3.05554e-07 2.07784e-07 -1.67477
96.1884 8.28204e-07 4.70616e-08 -12.4547 3.64924e-07 1.28303e-07 -4.53966
97.1133 9.76823e-07 9.57351e-08 -10.0874 4.97303e-07 1.66457e-07 -4.7532
98.0382 4.46096e-07 8.24955e-08 -7.32998 3.24604e-07 1.76154e-07 -2.65461
98.9631 1.68898e-07 5.09647e-08 -5.20354 1.73613e-07 1.45134e-07 -0.778131
99.888 1.48364e-07 1.0291e-07 -1.58869 1.59426e-07 3.60013e-07 3.5376
100.813 2.07699e-07 1.07303e-07 -2.8682 2.23242e-07 4.04366e-07 2.57999
101.738 4.80943e-08 2.06763e-08 -3.66621 5.86244e-08 1.0563e-07 2.55709
102.663 2.22986e-08 1.516e-08 -1.67579 2.63364e-08 7.5351e-08 4.56533
103.588 3.12827e-08 2.12464e-08 -1.68018 2.58278e-08 6.73734e-08 4.16402
104.512 4.36346e-08 3.05494e-08 -1.54829 2.79487e-08 5.89286e-08 3.23965
105.437 6.47876e-08 4.92962e-08 -1.18678 4.03488e-08 7.21345e-08 2.52312
106.362 1.22412e-07 9.48816e-08 -1.10641 9.87487e-08 1.79977e-07 2.60687
107.287 1.6751e-07 1.33263e-07 -0.993291 2.18396e-07 4.4354e-07 3.07688
108.212 1.07856e-07 9.72152e-08 -0.451097 2.41014e-07 5.54181e-07 3.61609
109.137 4.46302e-08 3.96259e-08 -0.516488 1.38179e-07 3.3132e-07 3.79807
110.062 4.92309e-08 3.04677e-08 -2.08398 8.88459e-08 1.6904e-07 2.79352
110.987 6.10208e-08 2.83806e-08 -3.32457 6.76889e-08 9.24317e-08 1.35303
111.912 5.19306e-08 1.66813e-08 -4.93193 5.27486e-08 4.19218e-08 -0.997716
112.836 4.26382e-07 1.96401e-08 -13.3666 2.78609e-07 7.32391e-08 -5.80253
113.761 2.87106e-06 1.09102e-07 -14.2021 1.73214e-06 4.33113e-07 -6.01982
114.686 2.23739e-06 7.73524e-08 -14.6127 1.32e-06 3.05275e-07 -6.35881
115.611 2.59607e-06 1.0097e-07 -14.1012 1.48221e-06 3.52872e-07 -6.23292
116.536 6.55374e-07 3.7902e-08 -12.3783 4.15587e-07 1.23054e-07 -5.28567
117.461 1.14205e-07 1.11625e-08 -10.0992 1.84508e-07 5.76266e-08 -5.05392
118.386 1.83176e-07 1.75415e-08 -10.188 2.26777e-07 6.01043e-08 -5.76693
119.311 2.10909e-06 3.93248e-08 -17.2943 1.64897e-06 3.0111e-07 -7.38487
120.236 3.57056e-06 5.87434e-08 -17.8378 2.77464e-06 5.18891e-07 -7.28131
121.16 3.69811e-07 8.08077e-09 -16.6053 2.99352e-07 6.42788e-08 -6.68115
122.085 4.59296e-08 1.12139e-08 -6.12335 4.61543e-08 2.29418e-08 -3.03585
123.01 7.39181e-08 3.4377e-08 -3.32482 4.21441e-08 3.34604e-08 -1.00206
123.935 1.01207e-07 6.97925e-08 -1.61401 4.45895e-08 5.50147e-08 0.912462
124.86 1.10167e-07 9.25979e-08 -0.754521 5.38354e-08 9.44365e-08 2.44072
125.785 8.3174e-08 7.72045e-08 -0.323452 5.46238e-08 1.02581e-07 2.73683
126.71 1.24957e-07 9.34352e-08 -1.26249 9.69007e-08 1.73412e-07 2.52753
127.635 2.59454e-07 1.51044e-07 -2.34957 1.84544e-07 3.19545e-07 2.38431
128.56 1.05787e-07 5.02497e-08 -3.23298 8.90077e-08 1.54303e-07 2.38947
129.484 7.71443e-08 3.55401e-08 -3.36585 5.99172e-08 1.02124e-07 2.31576
130.409 8.31013e-08 5.62359e-08 -1.69594 4.8163e-08 8.75527e-08 2.59556
131.334 7.59739e-08 7.66393e-08 0.0378699 3.61751e-08 7.59568e-08 3.22157
132.259 5.90375e-08 7.91298e-08 1.27212 2.60279e-08 7.45068e-08 4.56757
133.184 3.91025e-08 7.67946e-08 2.93126 2.36345e-08 8.95755e-08 5.78643
134.109 2.77473e-08 6.92443e-08 3.97163 2.13025e-08 1.16623e-07 7.38356
135.034 2.19418e-08 5.7448e-08 4.18002 2.20396e-08 1.36401e-07 7.91613
135.959 1.97022e-08 4.32845e-08 3.41818 2.33415e-08 1.25791e-07 7.31523
136.884 2.37481e-08 3.64361e-08 1.85903 2.73945e-08 1.27322e-07 6.6724
137.808 3.0584e-08 3.58349e-08 0.688124 3.07786e-08 1.3537e-07 6.43275
138.733 3.36784e-08 3.21227e-08 -0.2054 4.50845e-08 1.29874e-07 4.59494
139.658 4.74091e-08 4.38919e-08 -0.334776 6.42602e-08 1.66915e-07 4.14555
140.583 4.44102e-08 4.46746e-08 0.0257784 5.27317e-08 1.33434e-07 4.03195
141.508 5.77326e-08 5.5578e-08 -0.165182 5.53256e-08 1.1313e-07 3.1065
142.433 1.01551e-07 7.0499e-08 -1.58502 1.18499e-07 1.66818e-07 1.48529
143.358 2.19466e-07 1.0333e-07 -3.2714 4.09404e-07 5.29397e-07 1.11629
144.283 1.56898e-07 5.05941e-08 -4.91519 1.78882e-07 2.10336e-07 0.703463
145.208 1.35807e-07 4.05327e-08 -5.25115 8.54075e-08 8.96901e-08 0.212483
146.132 1.40519e-07 6.70234e-08 -3.21509 9.75459e-08 1.23864e-07 1.03738
147.057 1.17797e-07 8.79868e-08 -1.26717 1.04791e-07 1.7433e-07 2.21047
147.982 7.58089e-08 8.20732e-08 0.34481 9.15985e-08 2.05425e-07 3.50766
148.907 4.82212e-08 6.37892e-08 1.21509 6.95867e-08 1.93616e-07 4.44414
149.832 3.06729e-08 4.71967e-08 1.87158 3.93712e-08 1.35038e-07 5.35276
150.757 2.38829e-08 3.64455e-08 1.83557 2.39324e-08 8.93411e-08 5.72065
151.682 2.14846e-08 3.34066e-08 1.91706 1.55025e-08 5.78656e-08 5.72019
152.607 1.88913e-08 3.05351e-08 2.08536 1.20581e-08 4.37342e-08 5.5954
153.532 2.26524e-08 4.28114e-08 2.76446 1.25372e-08 4.44731e-08 5.49897
154.456 2.18657e-08 5.23177e-08 3.78886 1.35851e-08 4.87555e-08 5.54961
155.381 1.45571e-08 4.53301e-08 4.93311 1.52236e-08 5.8652e-08 5.85765
156.306 1.25057e-08 4.0173e-08 5.06825 1.60104e-08 6.83402e-08 6.30274
157.231 1.16897e-08 4.36591e-08 5.72273 1.99531e-08 9.52822e-08 6.79001
158.156 8.35855e-09 2.97823e-08 5.51827 1.6318e-08 8.54391e-08 7.18989
159.081 6.94511e-09 2.047e-08 4.69438 1.26976e-08 6.69954e-08 7.22323
160.006 6.83382e-09 1.79019e-08 4.18236 1.08245e-08 4.99761e-08 6.64356
160.931 7.23445e-09 1.66341e-08 3.61593 1.11796e-08 4.19806e-08 5.74623
161.856 6.79052e-09 1.76317e-08 4.14392 1.14206e-08 4.45526e-08 5.91184
162.78 2.00329e-08 5.70169e-08 4.5426 3.12191e-08 1.30639e-07 6.21652
163.705 2.39159e-08 7.03109e-08 4.68336 3.77898e-08 1.68175e-07 6.48386
164.63 6.34538e-09 2.03677e-08 5.06484 1.32115e-08 7.8836e-08 7.75771
165.555 4.52631e-09 1.61687e-08 5.52931 1.17946e-08 7.17324e-08 7.84031
166.48 4.14505e-09 1.53562e-08 5.68755 1.2178e-08 7.23677e-08 7.7397
167.405 3.8084e-09 1.25926e-08 5.19372 1.30342e-08 7.04426e-08 7.32752
168.33 3.14642e-09 1.09714e-08 5.42443 1.21475e-08 6.12638e-08 7.02715
169.255 2.55938e-09 1.06879e-08 6.20755 9.45018e-09 5.34419e-08 7.52442
170.18 3.29961e-09 1.16232e-08 5.46863 8.80003e-09 5.62419e-08 8.05576
171.104 1.50286e-08 4.90659e-08 5.13861 1.42716e-08 8.74396e-08 7.87234
172.029 1.36459e-08 4.8121e-08 5.47331 1.29588e-08 8.50115e-08 8.16913
172.954 1.15426e-08 3.4115e-08 4.70641 1.08953e-08 6.29032e-08 7.61433
173.879 9.37486e-09 3.20517e-08 5.33887 1.10266e-08 5.89548e-08 7.28077
174.804 5.96016e-09 1.47214e-08 3.9269 1.41597e-08 7.32462e-08 7.13731
175.729 1.94447e-08 4.18236e-08 3.32621 4.39696e-08 1.68147e-07 5.82537
176.654 1.45493e-08 3.21415e-08 3.44223 3.17186e-08 1.18125e-07 5.71027
177.579 8.73577e-09 3.37938e-08 5.87535 1.64534e-08 8.31803e-08 7.03765
178.504 5.00656e-09 2.5028e-08 6.98886 1.05081e-08 7.84589e-08 8.73119
179.428 2.53024e-09 1.33389e-08 7.21959 5.52067e-09 5.36622e-08 9.87677
180.353 2.41328e-09 9.90591e-09 6.13286 5.06592e-09 3.91187e-08 8.87726
181.278 2.35793e-09 9.40706e-09 6.00923 4.96609e-09 3.93542e-08 8.98977
182.203 2.20765e-09 8.31259e-09 5.75806 5.35433e-09 3.52705e-08 8.18707
183.128 2.05257e-09 7.76173e-09 5.77661 5.02096e-09 3.27025e-08 8.13794
184.053 1.86753e-09 7.25051e-09 5.89102 5.06144e-09 3.06722e-08 7.8247
184.978 1.63859e-09 7.00246e-09 6.30779 5.32249e-09 3.32871e-08 7.96161
185.903 1.46961e-09 7.6766e-09 7.17968 5.22322e-09 3.56998e-08 8.34727
186.828 1.49673e-09 7.87534e-09 7.21127 5.02391e-09 3.97713e-08 8.98528
187.752 1.52612e-09 7.72793e-09 7.04476 4.88798e-09 4.30092e-08 9.44431
188.677 1.40879e-09 6.80223e-09 6.83806 5.13143e-09 3.93141e-08 8.8431
189.602 1.2321e-09 5.55775e-09 6.54254 4.56616e-09 3.48277e-08 8.82374
190.527 1.15736e-09 5.13482e-09 6.47056 4.09069e-09 2.89905e-08 8.50459
191.452 1.16367e-09 5.37341e-09 6.6442 3.99766e-09 2.93943e-08 8.66457
192.377 1.16584e-09 6.4355e-09 7.41944 3.78126e-09 2.92027e-08 8.87786
193.302 1.09896e-09 7.02986e-09 8.05965 3.59861e-09 2.93306e-08 9.11186
194.227 1.03402e-09 7.21961e-09 8.43985 3.33889e-09 2.96833e-08 9.4891
195.152 1.00264e-09 6.71364e-09 8.25812 2.99879e-09 3.00129e-08 10.0036
196.076 9.88068e-10 5.80081e-09 7.68702 3.00851e-09 2.87623e-08 9.80471
197.001 1.03981e-09 5.00216e-09 6.82203 2.94615e-09 2.6647e-08 9.56393
197.926 1.0897e-09 5.08903e-09 6.6933 2.83834e-09 2.38597e-08 9.246
198.851 1.20808e-09 5.56333e-09 6.6324 2.78946e-09 2.30505e-08 9.1716
199.776 1.17622e-09 6.3214e-09 7.30325 2.74056e-09 2.36602e-08 9.3618
200.701 1.11399e-09 7.37142e-09 8.20669 2.76013e-09 2.61574e-08 9.76665
201.626 1.21343e-09 8.77484e-09 8.59224 2.76735e-09 2.9429e-08 10.2671
202.551 1.30062e-09 9.10607e-09 8.45182 2.67065e-09 2.78095e-08 10.1758
203.476 1.26586e-09 7.76831e-09 7.8794 2.66237e-09 2.62997e-08 9.94684
204.4 1.2887e-09 6.55401e-09 7.06357 2.68102e-09 2.44609e-08 9.60173
205.325 1.26568e-09 5.68101e-09 6.52101 2.67664e-09 2.40788e-08 9.54046
206.25 1.27286e-09 6.32808e-09 6.96491 2.6415e-09 2.37379e-08 9.53592
207.175 1.2764e-09 7.9322e-09 7.93407 2.61972e-09 2.27453e-08 9.38637
208.1 1.42563e-09 9.57986e-09 8.27353 2.65414e-09 2.46998e-08 9.68769
209.025 1.42117e-09 1.0243e-08 8.5778 2.4245e-09 2.59641e-08 10.2975
209.95 1.29957e-09 9.59781e-09 8.68374 2.34968e-09 2.4324e-08 10.1503
210.875 1.33853e-09 8.7552e-09 8.15637 2.487e-09 2.21593e-08 9.49879
211.8 1.42848e-09 7.40586e-09 7.14702 2.43934e-09 2.04411e-08 9.23232
212.724 1.41429e-09 6.91072e-09 6.88986 2.36112e-09 1.89715e-08 9.04982
213.649 1.58812e-09 7.69517e-09 6.85336 2.33414e-09 1.94344e-08 9.20445
214.574 1.82555e-09 9.79491e-09 7.29608 2.35086e-09 2.12682e-08 9.56504
215.499 2.15113e-09 1.26042e-08 7.67849 2.50804e-09 2.22192e-08 9.47394
216.424 1.7663e-09 1.26276e-08 8.54255 2.33545e-09 2.12067e-08 9.58102
217.349 1.28429e-09 1.03071e-08 9.04473 2.27627e-09 2.14078e-08 9.73349
218.274 1.1287e-09 8.24127e-09 8.63415 2.23757e-09 2.07288e-08 9.66797
219.199 1.11049e-09 6.83745e-09 7.8938 2.29037e-09 1.9259e-08 9.24726
220.123 1.46865e-09 7.32688e-09 6.98002 2.31038e-09 1.72192e-08 8.7233
221.048 4.53894e-09 1.74095e-08 5.83831 2.24447e-09 1.75027e-08 8.91991
221.973 1.04945e-08 3.79589e-08 5.58352 2.54123e-09 1.96728e-08 8.88823
222.898 8.03525e-09 2.84736e-08 5.49442 2.57114e-09 2.0902e-08 9.10061
223.823 5.04603e-09 2.14877e-08 6.29241 2.43162e-09 2.05074e-08 9.26016
224.748 3.95988e-09 1.93758e-08 6.89578 2.31449e-09 2.13365e-08 9.64669
225.673 3.21433e-09 1.63471e-08 7.06349 2.27101e-09 2.07419e-08 9.60631
226.598 3.32127e-09 1.45935e-08 6.42855 2.15867e-09 2.03136e-08 9.736
227.523 8.41507e-09 3.40629e-08 6.07224 2.36586e-09 1.99157e-08 9.25205
228.447 6.62892e-09 2.54529e-08 5.84294 2.30213e-09 1.90024e-08 9.16678
229.372 2.18428e-09 8.20382e-09 5.74708 2.17137e-09 1.8745e-08 9.36152
230.297 2.19195e-09 1.1375e-08 7.15122 2.1337e-09 2.03419e-08 9.79258
231.222 2.6118e-09 1.53735e-08 7.69833 2.17232e-09 2.11627e-08 9.88648
232.147 2.87769e-09 1.61594e-08 7.4938 2.10292e-09 2.12873e-08 10.053
233.072 5.26725e-09 2.8736e-08 7.36841 2.13358e-09 2.01657e-08 9.75504
233.997 3.22386e-09 1.6703e-08 7.14418 2.05478e-09 1.89172e-08 9.64091
234.922 2.62699e-09 1.24007e-08 6.73987 1.91729e-09 1.78983e-08 9.70123
235.847 2.50132e-09 1.23633e-08 6.93964 2.00271e-09 1.72681e-08 9.35627
236.771 3.05744e-09 1.41802e-08 6.66323 1.95831e-09 1.69865e-08 9.38223
237.696 2.39106e-09 1.11361e-08 6.68144 1.96431e-09 1.82687e-08 9.68499
238.621 2.80123e-09 1.17623e-08 6.23144 1.95024e-09 1.87403e-08 9.82688
239.546 1.64251e-08 6.28623e-08 5.82881 2.66674e-09 1.99047e-08 8.72976
240.471 1.28174e-08 5.19713e-08 6.07964 2.55986e-09 1.86603e-08 8.62702
241.396 1.81231e-09 6.95597e-09 5.84126 2.01944e-09 1.65334e-08 9.13131
242.321 1.6493e-09 7.24703e-09 6.4286 2.10028e-09 1.54601e-08 8.66936
243.246 1.60331e-09 9.70328e-09 7.819 2.03849e-09 1.60405e-08 8.95909
244.171 1.65016e-09 1.30145e-08 8.96902 2.03839e-09 1.63792e-08 9.05006
245.095 1.6098e-09 1.48817e-08 9.65882 1.99116e-09 1.69684e-08 9.30534
246.02 1.42174e-09 1.258e-08 9.46858 1.93616e-09 1.85708e-08 9.81891
246.945 1.36388e-09 9.45965e-09 8.411 1.83856e-09 1.86283e-08 10.057
247.87 1.21412e-09 6.41189e-09 7.22724 1.8822e-09 1.75493e-08 9.69594
248.795 9.97318e-10 4.97546e-09 6.97999 1.95451e-09 1.59993e-08 9.13064
249.72 8.72555e-10 4.36715e-09 6.99406 1.94886e-09 1.45204e-08 8.72197
250.645 7.98514e-10 4.2039e-09 7.2137 1.91319e-09 1.51476e-08 8.98587
251.57 7.67169e-10 4.35254e-09 7.53852 1.82356e-09 1.5514e-08 9.29803
252.495 7.43634e-10 4.75577e-09 8.05862 1.81021e-09 1.59976e-08 9.46328
253.419 7.25559e-10 4.83917e-09 8.24099 1.83737e-09 1.7377e-08 9.75778
254.344 7.11221e-10 4.45436e-09 7.96781 1.90375e-09 1.62652e-08 9.31649
255.269 7.34586e-10 3.92566e-09 7.2787 1.84878e-09 1.52856e-08 9.17398
256.194 6.95479e-10 3.55956e-09 7.09113 1.71061e-09 1.46745e-08 9.33413
257.119 7.53288e-10 3.56305e-09 6.7486 1.69068e-09 1.34056e-08 8.99223
258.044 6.93601e-10 3.41759e-09 6.9261 1.70662e-09 1.35386e-08 8.99437
258.969 7.10995e-10 3.84842e-09 7.33416 1.77009e-09 1.37911e-08 8.91605
259.894 7.22277e-10 4.45367e-09 7.90015 1.71744e-09 1.48782e-08 9.3767
260.819 6.8617e-10 4.38995e-09 8.06028 1.68818e-09 1.45906e-08 9.36653
261.743 7.96374e-10 4.44201e-09 7.46463 1.72973e-09 1.36877e-08 8.98352
262.668 8.2856e-10 4.29854e-09 7.14997 1.75094e-09 1.28527e-08 8.65725
263.593 7.22428e-10 3.84725e-09 7.26356 1.77767e-09 1.29063e-08 8.60951
264.518 7.59015e-10 3.69496e-09 6.87359 1.7962e-09 1.25123e-08 8.42983
265.443 8.08122e-10 4.05286e-09 7.00285 1.72214e-09 1.31229e-08 8.81963
266.368 8.48678e-10 4.89083e-09 7.60639 1.68965e-09 1.30683e-08 8.88423
267.293 8.3219e-10 5.37558e-09 8.10202 1.68657e-09 1.39546e-08 9.17713
268.218 8.17033e-10 5.79515e-09 8.50825 1.66652e-09 1.32978e-08 9.01968
269.143 8.18639e-10 5.50726e-09 8.27843 1.72794e-09 1.2542e-08 8.60837
270.067 8.21708e-10 4.82585e-09 7.68856 1.71566e-09 1.27554e-08 8.71261
270.992 8.29517e-10 4.21757e-09 7.06237 1.62772e-09 1.25037e-08 8.85458
271.917 7.62478e-10 3.90999e-09 7.09948 1.59957e-09 1.10019e-08 8.37467
272.842 7.97447e-10 4.38079e-09 7.39851 1.55901e-09 1.10053e-08 8.48754
273.767 8.24948e-10 4.65224e-09 7.51235 1.52898e-09 1.22798e-08 9.04789
274.692 8.11856e-10 5.32007e-09 8.16438 1.62992e-09 1.28922e-08 8.9816
275.617 7.20163e-10 4.95657e-09 8.37751 1.64929e-09 1.37448e-08 9.20841
276.542 7.347e-10 4.30284e-09 7.67645 1.64511e-09 1.28502e-08 8.92717
277.467 7.37659e-10 3.83898e-09 7.1636 1.64482e-09 1.18097e-08 8.56122
278.391 6.76632e-10 3.08225e-09 6.58516 1.5113e-09 1.11866e-08 8.69348
279.316 6.13016e-10 2.43216e-09 5.98521 1.57506e-09 1.08985e-08 8.40071
280.241 5.94529e-10 2.5053e-09 6.24687 1.63888e-09 1.10717e-08 8.29664
281.166 6.33714e-10 2.71943e-09 6.32585 1.63241e-09 1.15001e-08 8.47875
282.091 6.47567e-10 2.89557e-09 6.50449 1.60843e-09 1.17353e-08 8.63091
283.016 6.50489e-10 2.95001e-09 6.56583 1.54918e-09 1.18068e-08 8.8203
283.941 6.3614e-10 2.75685e-09 6.36861 1.60267e-09 1.1495e-08 8.55666
284.866 6.60184e-10 2.74728e-09 6.19238 1.57021e-09 1.12585e-08 8.55523
285.791 6.16971e-10 2.24153e-09 5.60279 1.60537e-09 1.01954e-08 8.02828
286.715 6.2719e-10 2.06574e-09 5.17677 1.63536e-09 9.78131e-09 7.76784
287.64 7.00314e-10 2.03086e-09 4.62387 1.6292e-09 9.25293e-09 7.54305
288.565 9.21837e-10 2.96629e-09 5.07559 1.73971e-09 1.00636e-08 7.62276
289.49 7.76454e-10 3.01033e-09 5.88499 1.63649e-09 1.06105e-08 8.11823
290.415 7.05191e-10 2.80927e-09 6.00287 1.56727e-09 1.0307e-08 8.17989
291.34 8.10233e-10 3.17409e-09 5.93009 1.58714e-09 1.11806e-08 8.47849
292.265 7.05246e-10 2.65288e-09 5.75378 1.53226e-09 1.08027e-08 8.48199
293.19 6.49555e-10 2.23637e-09 5.36929 1.54088e-09 9.99546e-09 8.12034
294.115 6.4559e-10 2.12649e-09 5.17707 1.55639e-09 9.43871e-09 7.82794
295.039 6.56298e-10 2.13381e-09 5.12055 1.57422e-09 9.59375e-09 7.84924
295.964 7.13214e-10 2.25076e-09 4.99109 1.6332e-09 9.74961e-09 7.75947
296.889 6.92529e-10 2.24644e-09 5.11058 1.5381e-09 9.29793e-09 7.81402
297.814 6.7915e-10 2.32838e-09 5.35087 1.49968e-09 9.57723e-09 8.05241
298.739 7.47651e-10 2.6084e-09 5.42675 1.53755e-09 9.35439e-09 7.84187
299.664 8.39026e-10 2.79619e-09 5.22791 1.47755e-09 8.74667e-09 7.723
300.589 9.57322e-10 2.8276e-09 4.7036 1.4351e-09 8.8729e-09 7.91183
301.514 1.05049e-09 2.78014e-09 4.22677 1.47764e-09 8.8685e-09 7.78281
302.439 1.05331e-09 3.13959e-09 4.74316 1.57923e-09 9.0787e-09 7.59579
303.363 9.53217e-10 3.50198e-09 5.65122 1.45966e-09 8.99837e-09 7.89911
304.288 8.56575e-10 3.70712e-09 6.36272 1.40569e-09 9.10178e-09 8.11238
305.213 8.15681e-10 4.0114e-09 6.91775 1.5153e-09 9.69337e-09 8.05977
306.138 7.42563e-10 3.62046e-09 6.8803 1.52298e-09 9.51793e-09 7.95849
307.063 6.83777e-10 3.03222e-09 6.46847 1.44984e-09 8.9827e-09 7.92086
307.988 6.64638e-10 2.68212e-09 6.05893 1.38536e-09 8.46013e-09 7.85816
308.913 6.79595e-10 2.30934e-09 5.31239 1.40857e-09 8.21762e-09 7.65967
309.838 6.50221e-10 2.29034e-09 5.46839 1.44275e-09 8.12076e-09 7.50405
310.763 6.55859e-10 2.52801e-09 5.85968 1.47408e-09 8.72586e-09 7.72288
311.687 6.45189e-10 2.8675e-09 6.47817 1.53723e-09 8.75966e-09 7.5575
312.612 6.51813e-10 2.98475e-09 6.60786 1.42628e-09 8.32588e-09 7.66226
313.537 6.94582e-10 2.82199e-09 6.08832 1.42479e-09 7.99794e-09 7.49227
314.462 6.45643e-10 2.67861e-09 6.17917 1.3479e-09 7.97827e-09 7.7225
315.387 5.88823e-10 2.49032e-09 6.26271 1.34743e-09 7.70649e-09 7.5735
316.312 6.16108e-10 2.52796e-09 6.13113 1.35269e-09 8.06915e-09 7.7563
317.237 6.08871e-10 2.30508e-09 5.7816 1.36413e-09 7.3244e-09 7.29917
318.162 5.95159e-10 2.47488e-09 6.18921 1.40042e-09 7.45829e-09 7.26381
319.087 6.25527e-10 2.7424e-09 6.41886 1.4284e-09 7.46612e-09 7.18246
320.011 6.04175e-10 2.74883e-09 6.57985 1.39808e-09 7.54297e-09 7.32011
320.936 6.05128e-10 2.61882e-09 6.36258 1.38714e-09 7.68929e-09 7.43764
321.861 5.79112e-10 2.40789e-09 6.18874 1.40978e-09 7.21434e-09 7.09045
322.786 5.88958e-10 2.1862e-09 5.69606 1.43447e-09 6.81384e-09 6.767
323.711 6.07895e-10 2.14336e-09 5.47266 1.32611e-09 7.07673e-09 7.27253
324.636 5.95241e-10 2.20805e-09 5.69317 1.35628e-09 6.92996e-09 7.08382
325.561 5.98998e-10 2.15151e-09 5.55318 1.39276e-09 6.92855e-09 6.96766
326.486 6.037e-10 2.33468e-09 5.87405 1.32021e-09 6.95098e-09 7.21404
327.411 5.97678e-10 2.46914e-09 6.16079 1.39017e-09 6.83239e-09 6.91505
328.335 5.94854e-10 2.30453e-09 5.88172 1.4037e-09 6.64016e-09 6.74904
329.26 5.97374e-10 2.0219e-09 5.29513 1.29088e-09 6.42389e-09 6.96911
330.185 5.72265e-10 1.91912e-09 5.25506 1.38263e-09 6.00826e-09 6.38042
331.11 5.90001e-10 1.89366e-09 5.0645 1.40661e-09 6.09957e-09 6.37125
332.035 6.12599e-10 1.94479e-09 5.01697 1.35976e-09 6.3629e-09 6.70194
332.96 6.16379e-10 2.22604e-09 5.57685 1.34604e-09 6.81659e-09 7.04508
333.885 6.45563e-10 2.43996e-09 5.77444 1.3367e-09 6.5001e-09 6.86887
334.81 6.45493e-10 2.38483e-09 5.67566 1.27274e-09 6.26233e-09 6.91997
335.735 6.67093e-10 2.46292e-09 5.67265 1.29821e-09 6.08547e-09 6.7095
336.659 6.29667e-10 2.43239e-09 5.86922 1.32123e-09 6.15584e-09 6.68311
337.584 6.00851e-10 2.05684e-09 5.34434 1.36542e-09 5.90652e-09 6.36066
338.509 6.17222e-10 1.85158e-09 4.77101 1.36565e-09 6.1918e-09 6.56477
339.434 6.44499e-10 1.84646e-09 4.57119 1.29743e-09 6.17955e-09 6.77874
340.359 6.34219e-10 1.96885e-09 4.91973 1.32825e-09 6.19683e-09 6.68889
341.284 6.40947e-10 2.21216e-09 5.37995 1.29156e-09 6.04996e-09 6.70638
342.209 6.33999e-10 2.32144e-09 5.63668 1.33515e-09 6.1867e-09 6.65929
343.134 6.14706e-10 2.18175e-09 5.50136 1.27425e-09 6.22296e-09 6.88743
344.059 6.50149e-10 1.98219e-09 4.84132 1.34665e-09 6.1918e-09 6.62561
344.983 6.46846e-10 1.97192e-09 4.84089 1.32285e-09 6.20645e-09 6.71333
345.908 6.43508e-10 1.90153e-09 4.70549 1.32844e-09 6.20192e-09 6.69185
346.833 6.30688e-10 1.98104e-09 4.97079 1.32849e-09 6.12391e-09 6.63669
347.758 6.51215e-10 2.33063e-09 5.53749 1.26386e-09 6.30479e-09 6.97972
348.683 6.18634e-10 2.71642e-09 6.42564 1.26963e-09 6.74393e-09 7.25237
349.608 6.08595e-10 3.06147e-09 7.01601 1.34425e-09 7.01565e-09 7.17588
350.533 6.54721e-10 2.78123e-09 6.28181 1.30005e-09 6.79859e-09 7.18458
351.458 6.51901e-10 2.33933e-09 5.54909 1.23984e-09 5.9508e-09 6.81209
352.383 6.48338e-10 2.16038e-09 5.22728 1.27118e-09 5.52016e-09 6.37744
353.307 6.55565e-10 2.19468e-09 5.24756 1.2908e-09 5.84802e-09 6.5615
354.232 6.4987e-10 2.49381e-09 5.84038 1.28745e-09 6.16079e-09 6.79906
355.157 6.53416e-10 3.14403e-09 6.82297 1.31618e-09 6.38976e-09 6.86168
356.082 7.063e-10 3.50941e-09 6.96245 1.33988e-09 6.99807e-09 7.17913
357.007 7.21206e-10 2.7314e-09 5.78327 1.34486e-09 6.23725e-09 6.66315
357.932 6.60025e-10 1.6505e-09 3.98055 1.30549e-09 4.81758e-09 5.67055
358.857 5.6137e-10 1.21162e-09 3.34119 1.31302e-09 4.34387e-09 5.19604
359.782 5.73221e-10 1.15841e-09 3.05539 1.34428e-09 4.38394e-09 5.13375
360.707 5.98806e-10 1.18666e-09 2.9704 1.38199e-09 4.34754e-09 4.97738
361.631 5.53756e-10 1.27073e-09 3.60734 1.2871e-09 4.22127e-09 5.1583
362.556 5.669e-10 1.46711e-09 4.12956 1.1838e-09 4.21986e-09 5.52019
363.481 6.03917e-10 1.58313e-09 4.1854 1.23013e-09 4.61684e-09 5.74393
364.406 6.03889e-10 1.78136e-09 4.69795 1.28357e-09 4.73949e-09 5.67312
365.331 6.33742e-10 1.72451e-09 4.34752 1.22271e-09 5.0898e-09 6.19377
366.256 6.00666e-10 1.42975e-09 3.76627 1.2663e-09 5.04396e-09 6.00236
367.181 6.06009e-10 1.2905e-09 3.28278 1.25198e-09 4.82359e-09 5.85772
368.106 6.36176e-10 1.28026e-09 3.0372 1.25792e-09 4.55136e-09 5.58487
369.031 5.95193e-10 1.28898e-09 3.35587 1.22774e-09 4.4882e-09 5.62967
369.955 5.78608e-10 1.39555e-09 3.82362 1.22476e-09 4.63081e-09 5.77604
370.88 5.92545e-10 1.51257e-09 4.06995 1.25086e-09 4.63885e-09 5.692
371.805 6.00456e-10 1.4742e-09 3.90076 1.19565e-09 4.65173e-09 5.90012
372.73 5.78555e-10 1.44613e-09 3.97862 1.14261e-09 4.51686e-09 5.96937
373.655 5.76044e-10 1.3538e-09 3.71098 1.19406e-09 4.33835e-09 5.60299
374.58 5.74696e-10 1.3389e-09 3.67309 1.24211e-09 4.37133e-09 5.46454
375.505 5.96963e-10 1.36149e-09 3.58066 1.21349e-09 4.54194e-09 5.73203
376.43 6.25637e-10 1.43855e-09 3.61601 1.24368e-09 4.35071e-09 5.43853
377.355 6.0293e-10 1.46233e-09 3.84778 1.2527e-09 4.1956e-09 5.24947
378.279 5.71584e-10 1.47489e-09 4.11678 1.18108e-09 4.43772e-09 5.74881
379.204 6.17755e-10 1.54015e-09 3.96748 1.21733e-09 4.14682e-09 5.32307
380.129 6.01902e-10 1.47173e-09 3.88301 1.16761e-09 4.11249e-09 5.46807
381.054 5.88442e-10 1.38111e-09 3.70524 1.20253e-09 3.82551e-09 5.02593
381.979 5.83823e-10 1.3023e-09 3.48428 1.24326e-09 4.00017e-09 5.07518
382.904 6.07044e-10 1.30419e-09 3.32119 1.2119e-09 4.33933e-09 5.53956
383.829 6.21639e-10 1.30311e-09 3.21441 1.22845e-09 4.56118e-09 5.6972
384.754 5.94938e-10 1.39886e-09 3.71304 1.20047e-09 4.13436e-09 5.37057
385.679 5.84971e-10 1.43436e-09 3.89525 1.21771e-09 3.94567e-09 5.10578
386.603 5.71399e-10 1.44738e-09 4.03642 1.22641e-09 4.22779e-09 5.37479
387.528 5.8764e-10 1.38859e-09 3.73461 1.1859e-09 4.15015e-09 5.44014
388.453 5.96109e-10 1.39052e-09 3.67853 1.19921e-09 3.96317e-09 5.19147
389.378 6.18846e-10 1.23969e-09 3.01732 1.23906e-09 3.76384e-09 4.82537
390.303 6.02496e-10 1.20668e-09 3.01637 1.15949e-09 3.79585e-09 5.1504
391.228 5.67289e-10 1.22338e-09 3.33757 1.08095e-09 3.91957e-09 5.59434
392.153 5.65652e-10 1.27852e-09 3.54157 1.10482e-09 4.10903e-09 5.70446
393.078 6.1532e-10 1.39828e-09 3.56494 1.15167e-09 3.9715e-09 5.37625
394.003 5.8044e-10 1.44489e-09 3.96077 1.14017e-09 4.22807e-09 5.69171
394.927 5.75275e-10 1.4193e-09 3.92199 1.19891e-09 4.00474e-09 5.2379
395.852 5.85e-10 1.33056e-09 3.56878 1.18281e-09 3.70252e-09 4.95581
396.777 5.90026e-10 1.24375e-09 3.23862 1.16184e-09 3.56492e-09 4.86905
397.702 5.92021e-10 1.17546e-09 2.97871 1.19031e-09 3.57613e-09 4.77755
398.627 5.47006e-10 1.16188e-09 3.27168 1.16002e-09 3.74995e-09 5.09561
399.552 6.05717e-10 1.18193e-09 2.90323 1.15239e-09 3.63641e-09 4.99075
400.477 5.88821e-10 1.23334e-09 3.211 1.13277e-09 3.5614e-09 4.97479
401.402 5.80641e-10 1.33923e-09 3.62949 1.15263e-09 3.49749e-09 4.82068
402.327 5.69169e-10 1.36357e-09 3.79436 1.1557e-09 3.45796e-09 4.75975
403.251 5.92846e-10 1.27196e-09 3.31533 1.0527e-09 3.67727e-09 5.4322
404.176 6.16581e-10 1.15573e-09 2.72866 1.10457e-09 3.64451e-09 5.18446
405.101 6.05264e-10 1.06053e-09 2.43577 1.14027e-09 3.59535e-09 4.98733
406.026 5.74026e-10 1.14849e-09 3.01196 1.09008e-09 3.58882e-09 5.17493
406.951 6.03198e-10 1.13938e-09 2.76209 1.12825e-09 3.46439e-09 4.87222
407.876 6.11653e-10 1.19548e-09 2.91037 1.14925e-09 3.56536e-09 4.9169
408.801 5.92365e-10 1.27229e-09 3.31997 1.12492e-09 3.62607e-09 5.08315
409.726 5.91722e-10 1.24751e-09 3.23926 1.07234e-09 3.43624e-09 5.05752
410.651 5.8386e-10 1.16116e-09 2.98582 1.1037e-09 3.44158e-09 4.93906
411.575 5.81713e-10 1.1546e-09 2.97722 1.13346e-09 3.39015e-09 4.75812
412.5 5.797e-10 1.099e-09 2.77793 1.13527e-09 3.20171e-09 4.50282
413.425 5.54199e-10 1.05852e-09 2.81032 1.07717e-09 3.28385e-09 4.841
414.35 5.58136e-10 1.16465e-09 3.19456 1.0853e-09 3.272e-09 4.79265
415.275 5.6045e-10 1.20736e-09 3.33301 1.15037e-09 3.42104e-09 4.73322
416.2 5.70672e-10 1.16089e-09 3.08405 1.18431e-09 3.55987e-09 4.77971
417.125 5.6973e-10 1.16792e-09 3.11745 1.09419e-09 3.36811e-09 4.88293
418.05 5.5876e-10 1.07791e-09 2.85356 1.07514e-09 3.11933e-09 4.62596
418.975 5.70454e-10 1.08077e-09 2.77512 1.06141e-09 3.05254e-09 4.58779
419.899 5.78267e-10 1.04691e-09 2.57782 1.04942e-09 3.0396e-09 4.61868
420.824 5.60879e-10 1.07495e-09 2.82518 1.0546e-09 3.17979e-09 4.7931
421.749 5.65837e-10 1.1392e-09 3.03907 1.10164e-09 3.07372e-09 4.45625
422.674 5.77153e-10 1.13254e-09 2.92763 1.1336e-09 3.03515e-09 4.2772
423.599 5.97289e-10 1.10152e-09 2.65809 1.12214e-09 3.24618e-09 4.61326
424.524 5.88098e-10 1.12114e-09 2.80212 1.09698e-09 3.22771e-09 4.68695
425.449 5.60637e-10 1.05516e-09 2.74636 1.08314e-09 3.11591e-09 4.58902
426.374 5.55022e-10 9.61768e-10 2.3876 1.10192e-09 2.88836e-09 4.18499
427.299 5.73561e-10 9.73014e-10 2.2954 1.08015e-09 2.71801e-09 4.00766
428.223 6.06122e-10 1.01374e-09 2.23365 1.04507e-09 2.92076e-09 4.46352
429.148 6.41361e-10 1.16111e-09 2.57769 1.09586e-09 3.03105e-09 4.41839
430.073 9.99233e-10 1.92902e-09 2.85669 1.35168e-09 3.72822e-09 4.40628
430.998 1.28685e-09 2.24884e-09 2.4243 1.46767e-09 3.6892e-09 4.00305
431.923 7.3778e-10 1.27706e-09 2.38286 1.16002e-09 2.97592e-09 4.09157
432.848 5.95575e-10 1.04798e-09 2.45418 1.09084e-09 2.98e-09 4.36456
433.773 5.90415e-10 1.01245e-09 2.34218 1.06845e-09 2.95097e-09 4.41211
434.698 5.94056e-10 9.56965e-10 2.07068 1.06036e-09 2.82366e-09 4.25359
435.623 6.03099e-10 9.2731e-10 1.86837 1.13694e-09 2.79602e-09 3.90804
436.547 6.02323e-10 9.69614e-10 2.0677 1.13509e-09 2.75389e-09 3.84916
437.472 5.7296e-10 1.05206e-09 2.63916 1.09529e-09 2.71434e-09 3.94136
438.397 5.99742e-10 1.01336e-09 2.278 1.10126e-09 2.70826e-09 3.90799
439.322 5.75494e-10 9.85575e-10 2.33649 1.10451e-09 2.78302e-09 4.01346
440.247 5.50797e-10 9.88757e-10 2.54098 1.11357e-09 2.74851e-09 3.9238
441.172 5.70153e-10 9.63654e-10 2.2793 1.1001e-09 2.59641e-09 3.72942
442.097 6.07761e-10 9.15362e-10 1.7786 1.05902e-09 2.63006e-09 3.95063
443.022 5.73568e-10 9.4314e-10 2.15991 1.05731e-09 2.65216e-09 3.99396
443.947 5.95985e-10 9.51317e-10 2.0309 1.13995e-09 2.68966e-09 3.72811
444.871 6.04294e-10 9.60073e-10 2.01056 1.1135e-09 2.79025e-09 3.98954
445.796 5.97926e-10 9.8457e-10 2.16599 1.05596e-09 2.69776e-09 4.07356
446.721 6.05326e-10 9.83739e-10 2.10891 1.07063e-09 2.66829e-09 3.96595
447.646 5.76142e-10 9.13614e-10 2.00233 1.06796e-09 2.65106e-09 3.94864
448.571 5.7054e-10 8.98204e-10 1.97089 1.06962e-09 2.63067e-09 3.90837
449.496 5.71326e-10 8.29677e-10 1.62025 1.06747e-09 2.49661e-09 3.68996
450.421 5.71187e-10 8.43812e-10 1.69467 1.04106e-09 2.58174e-09 3.94435
451.346 5.67752e-10 8.62269e-10 1.81484 9.9533e-10 2.6473e-09 4.24836
452.271 5.92995e-10 9.15015e-10 1.88377 1.02817e-09 2.61999e-09 4.06234
453.195 5.79736e-10 9.48493e-10 2.13804 1.04615e-09 2.63701e-09 4.0152
454.12 5.8315e-10 8.81731e-10 1.79556 1.06394e-09 2.64925e-09 3.96206
455.045 5.54337e-10 8.3717e-10 1.7904 1.03616e-09 2.48029e-09 3.79074
455.97 5.41767e-10 8.55621e-10 1.98469 1.07313e-09 2.38344e-09 3.46552
456.895 5.91291e-10 8.55983e-10 1.60664 1.06189e-09 2.3688e-09 3.48449
457.82 6.06296e-10 9.20308e-10 1.81248 1.07021e-09 2.33903e-09 3.39568
458.745 5.66315e-10 8.92518e-10 1.97559 1.0587e-09 2.3743e-09 3.50763
459.67 5.7671e-10 8.91124e-10 1.88981 1.0724e-09 2.33755e-09 3.38406
460.595 6.08287e-10 9.12205e-10 1.75984 1.0558e-09 2.45892e-09 3.67163
461.519 6.05338e-10 9.26672e-10 1.84928 1.05901e-09 2.50581e-09 3.74049
462.444 5.96565e-10 8.67867e-10 1.62796 1.07447e-09 2.37806e-09 3.45028
463.369 5.65022e-10 7.6746e-10 1.3299 1.05284e-09 2.37143e-09 3.52649
464.294 5.75331e-10 7.51142e-10 1.15804 1.08489e-09 2.49053e-09 3.60905
465.219 6.38398e-10 8.23516e-10 1.10581 1.05025e-09 2.37457e-09 3.54294
466.144 6.11592e-10 8.77027e-10 1.56551 1.06656e-09 2.27575e-09 3.29138
467.069 5.87473e-10 8.47168e-10 1.58982 1.04333e-09 2.22687e-09 3.29272
467.994 5.87925e-10 8.46754e-10 1.58435 9.8548e-10 2.36607e-09 3.80379
468.919 5.76782e-10 8.42067e-10 1.64335 1.01568e-09 2.43461e-09 3.79672
469.843 5.50444e-10 8.44422e-10 1.85846 1.00762e-09 2.37311e-09 3.72021
470.768 5.69599e-10 7.62499e-10 1.2667 9.96346e-10 2.299e-09 3.63128
471.693 5.78828e-10 7.82917e-10 1.31167 9.70644e-10 2.26576e-09 3.68155
472.618 5.61867e-10 7.9266e-10 1.49454 1.00771e-09 2.2682e-09 3.52346
473.543 5.74996e-10 8.26093e-10 1.57364 1.085e-09 2.17875e-09 3.02777
474.468 5.88074e-10 8.23574e-10 1.46271 1.04423e-09 2.16395e-09 3.16452
475.393 5.55204e-10 8.36748e-10 1.78143 9.79676e-10 2.20087e-09 3.51512
476.318 5.5237e-10 7.82159e-10 1.51065 9.47362e-10 2.20194e-09 3.66289
477.243 5.59792e-10 7.73536e-10 1.40454 9.88539e-10 2.29745e-09 3.66252
478.167 5.64685e-10 7.28672e-10 1.10725 1.01616e-09 2.25122e-09 3.45455
479.092 5.80743e-10 7.27373e-10 0.977731 1.01148e-09 2.23518e-09 3.44355
480.017 5.76342e-10 7.36985e-10 1.06778 1.00149e-09 2.21445e-09 3.44619
480.942 5.80199e-10 7.66077e-10 1.20695 1.01108e-09 2.11701e-09 3.20935
481.867 5.75456e-10 8.20034e-10 1.5382 9.86107e-10 2.01839e-09 3.11081
482.792 5.8333e-10 8.59337e-10 1.68249 1.01192e-09 2.17798e-09 3.32907
483.717 6.13121e-10 8.24466e-10 1.28626 1.01623e-09 2.26856e-09 3.4876
484.642 6.16577e-10 7.39015e-10 0.786659 1.03611e-09 2.03075e-09 2.92252
485.567 5.77789e-10 6.78769e-10 0.699524 9.8571e-10 2.12958e-09 3.34544
486.491 5.71216e-10 6.90674e-10 0.824732 9.91274e-10 2.0587e-09 3.17399
487.416 5.88928e-10 7.4009e-10 0.992221 1.00849e-09 2.00614e-09 2.98691
488.341 5.6368e-10 7.54586e-10 1.26676 9.80425e-10 2.1103e-09 3.3293
489.266 5.83503e-10 7.13665e-10 0.874511 9.84816e-10 2.13267e-09 3.35568
490.191 5.9998e-10 7.31783e-10 0.862458 9.75148e-10 2.03612e-09 3.19732
491.116 5.78345e-10 7.06975e-10 0.872173 9.43702e-10 1.97836e-09 3.21471
492.041 5.63196e-10 6.67923e-10 0.740671 9.78168e-10 1.87347e-09 2.82233
492.966 5.83038e-10 6.4841e-10 0.461526 9.63138e-10 1.95704e-09 3.07911
493.891 6.09504e-10 6.82967e-10 0.494231 9.32576e-10 1.96289e-09 3.23211
494.815 5.93071e-10 7.47817e-10 1.00689 1.04026e-09 2.06536e-09 2.97854
495.74 5.67873e-10 7.26564e-10 1.07023 1.02471e-09 1.99367e-09 2.89053
496.665 5.75536e-10 7.03946e-10 0.874667 9.84647e-10 1.94162e-09 2.94883
497.59 5.78796e-10 7.06564e-10 0.866261 9.69708e-10 1.9401e-09 3.01183
498.515 5.62486e-10 6.54087e-10 0.655235 1.05359e-09 1.91096e-09 2.5858
499.44 5.84808e-10 6.59849e-10 0.524316 1.07396e-09 1.91768e-09 2.5179
500.365 6.00006e-10 6.24604e-10 0.174489 1.03387e-09 1.96072e-09 2.77951
501.29 5.8749e-10 6.82174e-10 0.648949 1.02725e-09 1.85943e-09 2.57705
502.215 5.53199e-10 6.87735e-10 0.945399 9.94609e-10 2.01486e-09 3.06591
503.139 5.49865e-10 6.86964e-10 0.966779 1.01458e-09 1.99577e-09 2.93825
504.064 5.78404e-10 7.24157e-10 0.976013 9.98326e-10 1.91549e-09 2.83008
504.989 6.0633e-10 7.05479e-10 0.657751 9.55401e-10 1.92245e-09 3.03669
505.914 5.89417e-10 7.07456e-10 0.792772 9.7711e-10 1.9736e-09 3.05315
506.839 5.651e-10 6.7398e-10 0.765213 1.0249e-09 1.91285e-09 2.71002
507.764 5.7036e-10 6.64745e-10 0.665062 9.7059e-10 1.85502e-09 2.81312
508.689 5.67157e-10 6.54158e-10 0.619789 9.54949e-10 1.88211e-09 2.94665
509.614 5.42798e-10 6.40158e-10 0.716488 9.61281e-10 1.89551e-09 2.94874
510.539 5.52036e-10 7.08641e-10 1.08459 9.78831e-10 1.89807e-09 2.87604
511.463 5.55738e-10 7.53572e-10 1.32255 1.00255e-09 1.91271e-09 2.80542
512.388 5.62565e-10 7.00757e-10 0.953947 1.01537e-09 1.90917e-09 2.74219
513.313 5.84156e-10 6.86622e-10 0.701893 9.70032e-10 1.96734e-09 3.07094
514.238 5.76839e-10 6.29028e-10 0.376157 9.64801e-10 1.7473e-09 2.57929
515.163 5.85024e-10 6.34634e-10 0.353498 9.73866e-10 1.64502e-09 2.27673
516.088 5.73689e-10 6.03871e-10 0.222681 9.32497e-10 1.73218e-09 2.68946
517.013 5.59517e-10 5.81112e-10 0.164469 9.24091e-10 1.71889e-09 2.69533
517.938 5.64264e-10 6.49388e-10 0.610215 9.35922e-10 1.71217e-09 2.62307
518.863 5.46421e-10 6.68878e-10 0.87819 9.4663e-10 1.8438e-09 2.89534
519.787 5.88333e-10 6.96529e-10 0.733156 9.32175e-10 1.77061e-09 2.78624
520.712 5.73226e-10 6.34586e-10 0.441643 9.37606e-10 1.77249e-09 2.76562
521.637 5.73444e-10 6.01867e-10 0.210093 9.03542e-10 1.76549e-09 2.90917
522.562 5.94389e-10 6.00512e-10 0.0445109 8.83103e-10 1.70433e-09 2.85542
523.487 6.00216e-10 5.8848e-10 -0.0857575 9.04497e-10 1.77296e-09 2.92293
524.412 6.06198e-10 6.4546e-10 0.272547 9.81747e-10 1.74314e-09 2.49332
525.337 5.55928e-10 6.62812e-10 0.763716 9.44371e-10 1.72685e-09 2.62113
526.262 5.51182e-10 6.61767e-10 0.794103 9.56868e-10 1.72672e-09 2.5637
527.187 5.51251e-10 6.70871e-10 0.852891 9.80959e-10 1.7485e-09 2.51015
528.111 5.63925e-10 6.35156e-10 0.516595 9.81296e-10 1.80508e-09 2.64697
529.036 5.87693e-10 5.73278e-10 -0.107853 9.30633e-10 1.73336e-09 2.70109
529.961 5.91124e-10 5.96002e-10 0.0356887 9.60614e-10 1.66605e-09 2.39138
530.886 5.51676e-10 5.97603e-10 0.347287 9.83897e-10 1.69103e-09 2.35203
531.811 5.68082e-10 5.97036e-10 0.215896 9.6741e-10 1.75015e-09 2.57465
532.736 5.59517e-10 5.96674e-10 0.279243 9.72721e-10 1.66981e-09 2.34678
533.661 5.71645e-10 6.33899e-10 0.448935 9.19e-10 1.72533e-09 2.73556
534.586 5.71727e-10 6.42304e-10 0.505522 9.38013e-10 1.63476e-09 2.41244
535.511 5.65003e-10 6.38337e-10 0.529994 9.98278e-10 1.63703e-09 2.14804
536.435 5.64144e-10 6.32336e-10 0.495577 9.22787e-10 1.6572e-09 2.54275
537.36 5.55931e-10 6.06791e-10 0.380184 9.22929e-10 1.65915e-09 2.54717
538.285 5.7173e-10 6.2282e-10 0.371714 9.89158e-10 1.61473e-09 2.12833
539.21 5.96354e-10 5.88433e-10 -0.0580729 9.97731e-10 1.59307e-09 2.03221
540.135 5.85673e-10 6.04544e-10 0.137733 9.94325e-10 1.65842e-09 2.22166
541.06 5.68721e-10 6.32505e-10 0.461649 9.28982e-10 1.63907e-09 2.46591
541.985 5.7435e-10 6.10803e-10 0.267246 9.63021e-10 1.50424e-09 1.93681
542.91 5.93578e-10 5.65098e-10 -0.213536 9.25591e-10 1.57915e-09 2.32004
543.835 5.62141e-10 5.91351e-10 0.219999 9.30984e-10 1.69754e-09 2.60879
544.759 5.40275e-10 5.73743e-10 0.261025 9.7303e-10 1.67632e-09 2.36232
545.684 5.5158e-10 5.417e-10 -0.0784947 9.76563e-10 1.70849e-09 2.42912
546.609 5.82594e-10 5.50244e-10 -0.248104 9.5655e-10 1.62844e-09 2.31063
547.534 5.80755e-10 5.74827e-10 -0.0445606 9.27545e-10 1.5931e-09 2.34908
548.459 5.59761e-10 5.69697e-10 0.0764119 9.02634e-10 1.58634e-09 2.44883
549.384 5.53465e-10 5.87567e-10 0.259669 8.69009e-10 1.50591e-09 2.38774
550.309 5.78284e-10 5.5726e-10 -0.160831 9.01938e-10 1.59062e-09 2.4639
551.234 6.02521e-10 5.15431e-10 -0.678016 8.83127e-10 1.55957e-09 2.46983
552.159 5.70539e-10 5.03511e-10 -0.542763 9.1118e-10 1.56402e-09 2.34639
553.083 5.79426e-10 5.5537e-10 -0.184152 9.30836e-10 1.53291e-09 2.16643
554.008 5.72974e-10 5.62881e-10 -0.0771841 9.06718e-10 1.54583e-09 2.31691
554.933 5.58956e-10 5.89389e-10 0.230242 8.78899e-10 1.61726e-09 2.64841
555.858 5.48202e-10 6.04192e-10 0.422346 9.03643e-10 1.63009e-09 2.56214
556.783 5.52193e-10 5.89786e-10 0.286029 9.16333e-10 1.58466e-09 2.37884
557.708 5.60908e-10 5.65821e-10 0.0378738 9.17725e-10 1.53343e-09 2.2295
558.633 5.5309e-10 5.36976e-10 -0.128412 9.11507e-10 1.48011e-09 2.10534
559.558 5.41158e-10 5.46703e-10 0.0442695 9.64259e-10 1.5274e-09 1.99758
560.483 5.3881e-10 5.21283e-10 -0.143619 1.01217e-09 1.47239e-09 1.62768
561.407 5.63474e-10 5.43804e-10 -0.154308 9.5787e-10 1.43194e-09 1.74617
562.332 6.05887e-10 5.88992e-10 -0.122826 9.12039e-10 1.43665e-09 1.97338
563.257 5.83902e-10 5.88887e-10 0.0369188 8.90594e-10 1.50575e-09 2.28074
564.182 5.8476e-10 5.73567e-10 -0.0839353 8.90935e-10 1.46681e-09 2.16528
565.107 5.97439e-10 5.59406e-10 -0.285663 9.20801e-10 1.42722e-09 1.90326
566.032 5.81849e-10 5.68421e-10 -0.101405 9.01275e-10 1.40758e-09 1.93615
566.957 5.79707e-10 5.3101e-10 -0.381057 8.95861e-10 1.4947e-09 2.22314
567.882 6.0647e-10 5.27153e-10 -0.608728 9.08862e-10 1.51125e-09 2.20839
568.807 5.82448e-10 5.37031e-10 -0.352579 9.11549e-10 1.45263e-09 2.02374
569.731 5.80237e-10 5.43254e-10 -0.286027 9.13021e-10 1.53266e-09 2.24964
570.656 5.64237e-10 5.41316e-10 -0.180109 9.46569e-10 1.49865e-09 1.99549
571.581 5.55864e-10 5.49365e-10 -0.0510791 9.57586e-10 1.53884e-09 2.06017
572.506 5.6132e-10 5.53395e-10 -0.0617545 9.22161e-10 1.53747e-09 2.21999
573.431 5.5214e-10 5.38848e-10 -0.105829 9.01573e-10 1.51365e-09 2.25024
574.356 5.69657e-10 5.08337e-10 -0.494623 8.88337e-10 1.51026e-09 2.30473
575.281 5.64735e-10 5.08465e-10 -0.455839 9.06324e-10 1.47321e-09 2.10981
576.206 5.67922e-10 5.20912e-10 -0.375247 9.27782e-10 1.45181e-09 1.94464
577.131 5.43184e-10 5.46952e-10 0.0300231 9.63947e-10 1.35977e-09 1.49411
578.055 5.9024e-10 5.54194e-10 -0.273664 9.57139e-10 1.42256e-09 1.72095
578.98 5.954e-10 5.42003e-10 -0.408073 9.00282e-10 1.47146e-09 2.13371
579.905 5.67416e-10 5.46308e-10 -0.164641 8.7581e-10 1.46994e-09 2.24891
580.83 5.60645e-10 5.58479e-10 -0.0168096 9.38313e-10 1.52276e-09 2.10284
581.755 5.56393e-10 5.43068e-10 -0.105275 9.34913e-10 1.47225e-09 1.97212
582.68 5.61638e-10 5.01252e-10 -0.494004 9.25127e-10 1.40103e-09 1.80246
583.605 5.4192e-10 5.05602e-10 -0.301263 9.50158e-10 1.38111e-09 1.62431
584.53 5.65609e-10 5.4468e-10 -0.16375 9.49257e-10 1.46881e-09 1.89583
585.455 5.83501e-10 5.24791e-10 -0.460547 8.77445e-10 1.52808e-09 2.40925
586.379 5.95551e-10 5.0911e-10 -0.681071 8.96558e-10 1.52509e-09 2.30718
587.304 5.73573e-10 4.90788e-10 -0.676946 8.81656e-10 1.52208e-09 2.37139
588.229 5.54689e-10 4.89058e-10 -0.54689 8.95639e-10 1.45165e-09 2.09729
589.154 5.57453e-10 5.13672e-10 -0.355224 9.07654e-10 1.37769e-09 1.81231
590.079 6.0049e-10 4.88494e-10 -0.896466 9.03849e-10 1.33739e-09 1.70162
591.004 6.08441e-10 5.14345e-10 -0.729641 9.31815e-10 1.33238e-09 1.55298
591.929 5.9831e-10 5.38155e-10 -0.460189 9.69518e-10 1.39009e-09 1.56486
592.854 5.81133e-10 5.51044e-10 -0.230888 9.33005e-10 1.40488e-09 1.77757
593.779 5.67833e-10 5.23297e-10 -0.354723 8.55775e-10 1.3835e-09 2.0862
594.703 5.72153e-10 5.05632e-10 -0.536778 8.73919e-10 1.39407e-09 2.02812
595.628 5.61433e-10 5.15669e-10 -0.369265 8.85768e-10 1.39954e-09 1.98664
596.553 5.6244e-10 4.90863e-10 -0.591154 8.76122e-10 1.3834e-09 1.98385
597.478 5.84088e-10 4.97218e-10 -0.699311 8.865e-10 1.41472e-09 2.02993
598.403 5.60395e-10 5.04372e-10 -0.457428 8.80415e-10 1.42903e-09 2.10355
599.328 5.801e-10 5.1249e-10 -0.538167 8.68543e-10 1.36282e-09 1.95646
600.253 6.06008e-10 5.30758e-10 -0.57582 8.87747e-10 1.32898e-09 1.7523
601.178 5.94844e-10 5.38274e-10 -0.433993 8.66583e-10 1.36731e-09 1.98058
602.103 5.96082e-10 5.42267e-10 -0.410928 9.09623e-10 1.39156e-09 1.84641
603.027 6.01714e-10 4.97536e-10 -0.825652 8.953e-10 1.33557e-09 1.73697
603.952 6.012e-10 4.87877e-10 -0.907086 8.90616e-10 1.32426e-09 1.72283
604.877 5.6798e-10 4.9669e-10 -0.582475 8.95244e-10 1.3602e-09 1.8166
605.802 5.72241e-10 5.57178e-10 -0.115853 8.7656e-10 1.41958e-09 2.09379
606.727 5.76895e-10 5.48592e-10 -0.218467 8.90698e-10 1.40133e-09 1.9681
607.652 5.61771e-10 5.32031e-10 -0.236222 8.7974e-10 1.30837e-09 1.72375
608.577 5.92813e-10 5.13324e-10 -0.625259 8.93931e-10 1.31573e-09 1.67862
609.502 5.97804e-10 5.25939e-10 -0.55623 9.35378e-10 1.36617e-09 1.64519
610.427 5.86936e-10 5.09702e-10 -0.612744 8.61918e-10 1.34384e-09 1.92881
611.351 6.08595e-10 4.99871e-10 -0.854703 8.53616e-10 1.32914e-09 1.9231
612.276 6.17721e-10 5.10853e-10 -0.824963 8.96728e-10 1.42969e-09 2.02582
613.201 6.16671e-10 5.2606e-10 -0.690182 8.92187e-10 1.43365e-09 2.05986
614.126 6.0165e-10 5.01549e-10 -0.790299 8.56099e-10 1.3399e-09 1.94547
615.051 5.905e-10 5.25076e-10 -0.509979 8.75879e-10 1.30469e-09 1.73063
615.976 6.05891e-10 5.10685e-10 -0.742419 9.15209e-10 1.3317e-09 1.62885
616.901 5.88789e-10 4.9682e-10 -0.737606 8.91645e-10 1.31009e-09 1.67111
617.826 6.17523e-10 5.0663e-10 -0.859621 8.71856e-10 1.31322e-09 1.77892
618.751 6.41052e-10 5.08346e-10 -1.00734 9.28241e-10 1.37104e-09 1.69389
619.675 6.48335e-10 4.96882e-10 -1.15547 9.1304e-10 1.42497e-09 1.93315
620.6 6.33702e-10 5.23763e-10 -0.827504 9.20379e-10 1.46059e-09 2.00562
621.525 6.19795e-10 5.09033e-10 -0.855018 8.7627e-10 1.42694e-09 2.11766
622.45 6.34889e-10 4.93431e-10 -1.09471 8.85987e-10 1.40017e-09 1.98754
623.375 6.13589e-10 5.49479e-10 -0.479263 8.55551e-10 1.39286e-09 2.11662
624.3 5.87787e-10 5.15205e-10 -0.572397 8.56429e-10 1.2827e-09 1.75433
625.225 5.75067e-10 4.92282e-10 -0.675046 8.69615e-10 1.30398e-09 1.75944
626.15 5.70861e-10 4.95065e-10 -0.618679 8.83006e-10 1.3597e-09 1.87479
627.075 6.2571e-10 4.97998e-10 -0.991453 8.90864e-10 1.359e-09 1.83409
627.999 6.1747e-10 4.98597e-10 -0.928666 9.01303e-10 1.33265e-09 1.69844
628.924 5.82419e-10 5.25206e-10 -0.449056 9.03356e-10 1.32599e-09 1.66681
629.849 5.69958e-10 5.13554e-10 -0.452571 8.91954e-10 1.34765e-09 1.79234
630.774 5.96403e-10 4.95472e-10 -0.805213 8.8114e-10 1.36256e-09 1.89309
631.699 5.72506e-10 4.99844e-10 -0.589456 9.09577e-10 1.3625e-09 1.75498
632.624 6.06172e-10 4.77797e-10 -1.03352 9.0287e-10 1.24303e-09 1.38855
633.549 5.99573e-10 4.97284e-10 -0.812376 8.5514e-10 1.2904e-09 1.78685
634.474 5.91936e-10 4.90311e-10 -0.818026 8.51567e-10 1.34e-09 1.96887
635.399 6.13056e-10 5.1896e-10 -0.723664 8.92748e-10 1.27876e-09 1.5606
636.323 5.97417e-10 5.61372e-10 -0.270274 8.93495e-10 1.25269e-09 1.46752
637.248 6.10141e-10 5.34882e-10 -0.571722 8.64052e-10 1.28361e-09 1.71894
638.173 6.20593e-10 5.2394e-10 -0.735252 8.88664e-10 1.27922e-09 1.58208
639.098 6.26639e-10 5.11478e-10 -0.881905 8.59584e-10 1.33132e-09 1.89993
640.023 6.26996e-10 4.96218e-10 -1.01592 8.78272e-10 1.25578e-09 1.55284
640.948 6.26953e-10 4.91479e-10 -1.05729 8.73303e-10 1.27164e-09 1.63198
641.873 6.26822e-10 5.10067e-10 -0.895167 8.79204e-10 1.32132e-09 1.76919
642.798 6.14049e-10 5.26764e-10 -0.66587 8.61606e-10 1.27896e-09 1.71548
643.723 6.45542e-10 5.41542e-10 -0.762923 9.11907e-10 1.2675e-09 1.42998
644.647 8.77337e-10 7.39394e-10 -0.742903 1.04891e-09 1.39391e-09 1.23496
645.572 1.78335e-09 1.5101e-09 -0.722325 1.44472e-09 1.98236e-09 1.374
646.497 2.08033e-09 1.5561e-09 -1.26094 1.5783e-09 2.06578e-09 1.16894
647.422 9.56525e-10 7.06719e-10 -1.3145 1.04672e-09 1.40111e-09 1.2664
648.347 6.04999e-10 5.2545e-10 -0.612226 8.92886e-10 1.33962e-09 1.76185
649.272 5.78394e-10 5.15555e-10 -0.499487 8.89039e-10 1.32787e-09 1.74235
650.197 5.82049e-10 5.46552e-10 -0.273282 9.14352e-10 1.28931e-09 1.49245
651.122 5.7452e-10 5.18698e-10 -0.443906 8.69151e-10 1.29534e-09 1.73288
652.046 6.04115e-10 4.93708e-10 -0.876497 8.77155e-10 1.30019e-09 1.7093
652.971 5.56398e-10 5.10279e-10 -0.37578 8.66532e-10 1.26058e-09 1.62785
653.896 5.59909e-10 5.1019e-10 -0.40385 8.48132e-10 1.26941e-09 1.75138
654.821 5.89515e-10 5.05859e-10 -0.664651 8.70945e-10 1.30107e-09 1.7431
655.746 6.34548e-10 5.14047e-10 -0.914615 8.6897e-10 1.25477e-09 1.5956
656.671 6.45162e-10 5.0789e-10 -1.03898 8.79953e-10 1.32277e-09 1.77024
657.596 6.01905e-10 5.11983e-10 -0.702732 8.91828e-10 1.26992e-09 1.53495
658.521 6.15455e-10 5.10714e-10 -0.810186 8.17489e-10 1.22556e-09 1.75854
659.446 5.981e-10 5.09545e-10 -0.695913 8.36994e-10 1.19384e-09 1.54225
660.37 5.78463e-10 5.29507e-10 -0.384034 8.63566e-10 1.25686e-09 1.62991
661.295 5.82847e-10 5.12955e-10 -0.55475 8.74925e-10 1.25168e-09 1.55524
662.22 5.76939e-10 4.77713e-10 -0.819627 8.66752e-10 1.26164e-09 1.63039
663.145 5.88292e-10 4.92071e-10 -0.775652 8.50279e-10 1.27991e-09 1.77617
664.07 6.03481e-10 5.35067e-10 -0.52255 8.83469e-10 1.26116e-09 1.54578
664.995 5.94435e-10 5.12155e-10 -0.64703 8.66854e-10 1.23543e-09 1.53873
665.92 5.28365e-10 5.06306e-10 -0.185208 8.19297e-10 1.23066e-09 1.76695
666.845 5.30845e-10 5.19377e-10 -0.094853 8.70924e-10 1.31093e-09 1.776
667.77 5.77603e-10 5.15317e-10 -0.49555 8.69149e-10 1.24657e-09 1.56624
668.694 5.81907e-10 4.70723e-10 -0.920882 8.54664e-10 1.15976e-09 1.32572
669.619 5.64979e-10 4.75585e-10 -0.748039 8.69949e-10 1.2275e-09 1.49526
670.544 5.8147e-10 4.78329e-10 -0.848005 8.81428e-10 1.23026e-09 1.44809
671.469 5.64601e-10 4.96315e-10 -0.559841 8.49546e-10 1.18734e-09 1.45389
672.394 5.30699e-10 5.24908e-10 -0.0476433 8.45034e-10 1.19608e-09 1.50887
673.319 5.24537e-10 5.23743e-10 -0.00657983 8.44364e-10 1.28021e-09 1.80752
674.244 5.64582e-10 4.86047e-10 -0.650484 8.16356e-10 1.2598e-09 1.88423
675.169 5.56341e-10 4.99209e-10 -0.470591 8.23584e-10 1.21223e-09 1.67876
676.094 5.34405e-10 5.1284e-10 -0.178887 8.38385e-10 1.16492e-09 1.42852
677.018 5.44406e-10 5.05582e-10 -0.321309 8.62076e-10 1.19263e-09 1.40961
677.943 5.5719e-10 4.94201e-10 -0.520994 8.11617e-10 1.25256e-09 1.88449
678.868 5.39456e-10 5.11468e-10 -0.231377 8.29069e-10 1.24048e-09 1.74997
679.793 5.64584e-10 5.3331e-10 -0.247492 8.63993e-10 1.17831e-09 1.34748
680.718 5.74203e-10 5.44489e-10 -0.23077 8.28742e-10 1.2127e-09 1.65333
681.643 5.70502e-10 5.16101e-10 -0.435226 8.18179e-10 1.15804e-09 1.50875
682.568 5.85243e-10 5.01504e-10 -0.670618 8.35519e-10 1.21553e-09 1.6281
683.493 5.62096e-10 5.34722e-10 -0.216821 8.30118e-10 1.31651e-09 2.00284
684.418 5.26997e-10 4.99609e-10 -0.231779 7.97309e-10 1.29989e-09 2.12278
685.342 5.37732e-10 5.05079e-10 -0.272061 8.10125e-10 1.23994e-09 1.84849
686.267 5.80456e-10 5.05208e-10 -0.602997 8.54632e-10 1.19924e-09 1.47128
687.192 5.91557e-10 5.38642e-10 -0.406961 8.74418e-10 1.17971e-09 1.30057
688.117 5.65743e-10 5.10999e-10 -0.441987 8.61399e-10 1.24059e-09 1.58425
689.042 5.68407e-10 5.22975e-10 -0.361784 8.43304e-10 1.20762e-09 1.55945
689.967 5.65877e-10 5.31874e-10 -0.269127 7.95684e-10 1.21089e-09 1.82363
690.892 5.72677e-10 4.98754e-10 -0.600234 7.80747e-10 1.19124e-09 1.83487
691.817 5.66475e-10 5.11536e-10 -0.443047 8.56555e-10 1.20701e-09 1.48956
692.742 5.84236e-10 4.98976e-10 -0.685089 8.87368e-10 1.13858e-09 1.08258
693.666 5.96332e-10 5.13802e-10 -0.646925 8.60542e-10 1.14814e-09 1.25221
694.591 5.64624e-10 5.07389e-10 -0.464184 8.58666e-10 1.21234e-09 1.498
695.516 6.01535e-10 5.17101e-10 -0.656856 8.81584e-10 1.17688e-09 1.25468
696.441 5.71819e-10 5.21125e-10 -0.403168 8.41714e-10 1.22438e-09 1.6275
697.366 5.63867e-10 5.11883e-10 -0.420054 8.64916e-10 1.22199e-09 1.50094
698.291 5.82914e-10 5.00733e-10 -0.659983 8.40008e-10 1.25699e-09 1.75047
699.216 6.01556e-10 5.27706e-10 -0.568837 8.58333e-10 1.22084e-09 1.53005
700.141 5.84327e-10 5.43633e-10 -0.313503 8.68812e-10 1.17603e-09 1.31493
701.066 5.88684e-10 5.32961e-10 -0.431867 8.59281e-10 1.20847e-09 1.48102
701.99 5.55271e-10 5.49011e-10 -0.049232 8.43454e-10 1.21971e-09 1.60194
702.915 5.52558e-10 5.46345e-10 -0.0491116 8.06236e-10 1.17826e-09 1.64777
703.84 5.76149e-10 5.45749e-10 -0.23542 8.41841e-10 1.19336e-09 1.51542
704.765 5.85844e-10 5.33491e-10 -0.406547 8.34796e-10 1.20572e-09 1.59665
705.69 5.5193e-10 5.07901e-10 -0.361046 8.3661e-10 1.18226e-09 1.50189
706.615 5.45376e-10 5.21755e-10 -0.192299 8.11601e-10 1.197e-09 1.68752
707.54 5.82438e-10 5.3237e-10 -0.390362 8.21622e-10 1.19838e-09 1.63923
708.465 5.96226e-10 5.25248e-10 -0.550466 7.95759e-10 1.21531e-09 1.83905
709.39 5.92814e-10 5.35152e-10 -0.444419 8.52409e-10 1.17846e-09 1.40668
710.314 5.94409e-10 5.41694e-10 -0.403315 8.63666e-10 1.19459e-09 1.40875
711.239 5.61864e-10 5.34016e-10 -0.220765 8.07398e-10 1.15304e-09 1.54756
712.164 5.51881e-10 5.33929e-10 -0.143623 8.35179e-10 1.18487e-09 1.5189
713.089 5.63163e-10 5.53065e-10 -0.0785765 8.26344e-10 1.26161e-09 1.83765
714.014 5.47687e-10 5.35292e-10 -0.0994184 8.18358e-10 1.2228e-09 1.74411
714.939 5.437e-10 5.42376e-10 -0.0105863 8.51421e-10 1.15311e-09 1.31727
715.864 5.50916e-10 5.38648e-10 -0.0978039 8.22704e-10 1.19284e-09 1.61337
716.789 5.46856e-10 5.04068e-10 -0.353842 8.41651e-10 1.18972e-09 1.50314
717.714 5.34596e-10 5.24492e-10 -0.0828743 8.24162e-10 1.22271e-09 1.71312
718.638 5.5823e-10 5.5932e-10 0.00846823 8.01443e-10 1.17272e-09 1.65322
719.563 5.67577e-10 5.79865e-10 0.0930173 8.18786e-10 1.19193e-09 1.63079
720.488 5.63619e-10 5.6681e-10 0.0245198 8.35992e-10 1.17993e-09 1.49655
721.413 5.67268e-10 5.45189e-10 -0.172416 8.57693e-10 1.21161e-09 1.5003
722.338 5.41209e-10 5.63256e-10 0.173409 8.2411e-10 1.17492e-09 1.54022
723.263 5.65171e-10 5.39009e-10 -0.205844 8.08848e-10 1.2084e-09 1.74345
724.188 5.66994e-10 5.5512e-10 -0.0919173 8.1071e-10 1.22981e-09 1.80972
725.113 6.05507e-10 5.48858e-10 -0.426591 8.56024e-10 1.20891e-09 1.49907
726.038 5.84013e-10 5.28288e-10 -0.435523 8.16931e-10 1.2177e-09 1.73356
726.962 5.64759e-10 5.09476e-10 -0.447398 7.94385e-10 1.1539e-09 1.62137
727.887 5.3939e-10 4.99496e-10 -0.333711 8.25304e-10 1.12739e-09 1.35459
728.812 5.35931e-10 5.35078e-10 -0.00691843 8.57856e-10 1.15519e-09 1.29238
729.737 5.35135e-10 5.47097e-10 0.0960097 8.49314e-10 1.19625e-09 1.48752
730.662 5.69647e-10 5.47044e-10 -0.175831 8.30147e-10 1.26063e-09 1.81434
731.587 5.53563e-10 5.33717e-10 -0.158566 8.07724e-10 1.2114e-09 1.76024
732.512 5.23694e-10 5.22851e-10 -0.00699274 7.98736e-10 1.1598e-09 1.6198
733.437 5.16768e-10 5.53691e-10 0.299725 8.11559e-10 1.11812e-09 1.3917
734.362 5.63438e-10 5.39288e-10 -0.190256 8.13739e-10 1.12471e-09 1.40556
735.286 6.06192e-10 5.31731e-10 -0.569184 8.09916e-10 1.19339e-09 1.68341
736.211 5.81847e-10 5.28991e-10 -0.413607 8.02889e-10 1.15972e-09 1.59697
737.136 5.48153e-10 5.4398e-10 -0.033189 8.09124e-10 1.16461e-09 1.58164
738.061 5.45847e-10 5.39642e-10 -0.0496489 7.82038e-10 1.17179e-09 1.75622
738.986 5.53335e-10 5.41496e-10 -0.0939282 7.8459e-10 1.16318e-09 1.71002
739.911 5.53573e-10 5.55377e-10 0.014129 8.03593e-10 1.18709e-09 1.69446
740.836 5.69216e-10 5.62343e-10 -0.0527553 8.59716e-10 1.17157e-09 1.34414
741.761 5.75154e-10 5.65055e-10 -0.0769324 8.17177e-10 1.10863e-09 1.32469
742.686 5.63564e-10 5.52082e-10 -0.0893989 7.99879e-10 1.16696e-09 1.64032
743.61 5.67417e-10 5.66005e-10 -0.0108154 8.02232e-10 1.23313e-09 1.86708
744.535 5.73491e-10 5.64888e-10 -0.0656456 7.88281e-10 1.17121e-09 1.71954
745.46 5.63872e-10 5.70951e-10 0.0541801 7.78938e-10 1.15445e-09 1.70871
746.385 5.33752e-10 5.67967e-10 0.269832 7.8979e-10 1.08423e-09 1.37611
747.31 5.49803e-10 5.61688e-10 0.0928836 8.18804e-10 1.13086e-09 1.40228
748.235 5.66947e-10 5.56927e-10 -0.0774417 8.21512e-10 1.18039e-09 1.57411
749.16 5.49641e-10 5.70285e-10 0.160128 8.25903e-10 1.23183e-09 1.73621
750.085 5.49777e-10 5.71794e-10 0.170531 8.37343e-10 1.22364e-09 1.6475
751.01 5.49098e-10 5.361e-10 -0.104042 8.01214e-10 1.11073e-09 1.41862
751.934 5.44609e-10 5.3307e-10 -0.0930099 7.80002e-10 1.12312e-09 1.5833
752.859 5.96352e-10 5.61362e-10 -0.262599 7.97284e-10 1.14911e-09 1.58748
753.784 6.0531e-10 5.94976e-10 -0.0747836 8.4898e-10 1.13468e-09 1.25977
754.709 5.85154e-10 5.6506e-10 -0.15175 8.47279e-10 1.14309e-09 1.30056
755.634 5.5158e-10 5.75808e-10 0.186689 8.00147e-10 1.15539e-09 1.59559
756.559 5.36796e-10 5.67836e-10 0.244132 7.79295e-10 1.14483e-09 1.6704
757.484 5.54466e-10 5.57747e-10 0.0256248 7.57577e-10 1.13263e-09 1.74659
758.409 5.94395e-10 5.53713e-10 -0.307902 7.64377e-10 1.16395e-09 1.82626
759.334 5.96629e-10 5.76809e-10 -0.14672 7.55824e-10 1.15091e-09 1.82621
760.258 5.6734e-10 5.81512e-10 0.107151 7.92567e-10 1.16275e-09 1.66451
761.183 5.43052e-10 5.63442e-10 0.160073 7.8276e-10 1.16009e-09 1.70863
762.108 5.6858e-10 5.74357e-10 0.0439006 7.59833e-10 1.14435e-09 1.77842
763.033 6.04869e-10 5.82745e-10 -0.161827 8.08054e-10 1.20242e-09 1.72616
763.958 5.74914e-10 5.37029e-10 -0.296055 8.14542e-10 1.15578e-09 1.51961
764.883 5.36017e-10 5.22622e-10 -0.109912 7.73025e-10 1.12246e-09 1.61978
765.808 5.37405e-10 5.14745e-10 -0.187094 7.30085e-10 1.13518e-09 1.9169
766.733 5.59628e-10 5.41676e-10 -0.141597 7.5802e-10 1.2125e-09 2.04002
767.658 5.55465e-10 5.42304e-10 -0.104133 8.39202e-10 1.16052e-09 1.40787
768.582 5.72374e-10 5.60635e-10 -0.0899981 8.11495e-10 1.12171e-09 1.40594
769.507 5.75508e-10 5.79163e-10 0.0275017 8.03406e-10 1.1293e-09 1.47876
770.432 5.75813e-10 5.72081e-10 -0.0282393 8.22461e-10 1.14218e-09 1.4262
771.357 5.61773e-10 5.64477e-10 0.0208594 8.19591e-10 1.16039e-09 1.51005
772.282 5.49697e-10 5.36376e-10 -0.106544 7.96533e-10 1.11453e-09 1.45886
773.207 5.60588e-10 5.16471e-10 -0.355978 7.75734e-10 1.06622e-09 1.38134
774.132 5.49903e-10 5.36424e-10 -0.107774 7.80194e-10 1.14846e-09 1.67914
775.057 5.53862e-10 5.65221e-10 0.0881691 8.0568e-10 1.15655e-09 1.57001
775.982 5.85743e-10 5.5538e-10 -0.23117 8.21038e-10 1.13855e-09 1.41989
776.906 5.74467e-10 5.5395e-10 -0.157945 8.30239e-10 1.10392e-09 1.23734
777.831 5.33093e-10 5.59946e-10 0.213432 8.37633e-10 1.10534e-09 1.20442
778.756 5.37964e-10 5.56535e-10 0.147394 8.19804e-10 1.11527e-09 1.33669
779.681 5.80727e-10 5.47723e-10 -0.254108 8.0507e-10 1.15736e-09 1.57633
780.606 6.11749e-10 5.71138e-10 -0.298319 8.42467e-10 1.14886e-09 1.34713
781.531 5.98787e-10 6.01983e-10 0.0231199 8.63237e-10 1.0759e-09 0.956411
782.456 5.67252e-10 5.87923e-10 0.155444 8.13745e-10 1.07099e-09 1.19297
783.381 5.53577e-10 6.23372e-10 0.515697 7.88906e-10 1.1476e-09 1.62767
784.306 5.66064e-10 5.93171e-10 0.203139 8.27515e-10 1.14555e-09 1.41237
785.23 5.53909e-10 5.95469e-10 0.314207 8.38219e-10 1.12411e-09 1.27452
786.155 5.42166e-10 5.97374e-10 0.421138 8.35678e-10 1.14811e-09 1.37944
787.08 5.20213e-10 5.72155e-10 0.413319 8.19461e-10 1.14896e-09 1.46778
788.005 5.172e-10 5.54711e-10 0.304077 7.72426e-10 1.15023e-09 1.72929
788.93 5.6198e-10 5.81357e-10 0.147218 7.82282e-10 1.14785e-09 1.66522
789.855 5.5183e-10 5.93311e-10 0.314767 8.09321e-10 1.12101e-09 1.41488
790.78 5.66337e-10 5.80683e-10 0.108646 8.20585e-10 1.06976e-09 1.15161
791.705 5.47936e-10 5.56374e-10 0.0663732 8.27579e-10 1.12672e-09 1.34008
792.63 5.2151e-10 5.82782e-10 0.482436 8.33871e-10 1.09505e-09 1.18337
793.554 5.40565e-10 5.56427e-10 0.125604 8.15673e-10 1.12696e-09 1.40394
794.479 5.34451e-10 5.68586e-10 0.268879 8.14781e-10 1.1879e-09 1.6374
795.404 5.51347e-10 5.56252e-10 0.0384693 8.23418e-10 1.13308e-09 1.3864
796.329 5.56996e-10 5.61897e-10 0.0380476 7.98522e-10 1.13168e-09 1.51436
797.254 5.69557e-10 5.92207e-10 0.169366 8.5071e-10 1.15698e-09 1.33543
798.179 5.74532e-10 5.77724e-10 0.0240584 8.08812e-10 1.18117e-09 1.64465
799.104 5.68001e-10 5.76772e-10 0.0665526 7.63315e-10 1.15961e-09 1.81609
800.029 5.60982e-10 5.78596e-10 0.134269 7.96861e-10 1.18074e-09 1.70773
800.954 5.34014e-10 5.75657e-10 0.326111 8.05416e-10 1.16051e-09 1.58629
801.878 5.45927e-10 5.60736e-10 0.116239 7.66571e-10 1.1187e-09 1.64159
802.803 5.75478e-10 5.70349e-10 -0.0388813 7.89221e-10 1.08284e-09 1.37367
803.728 5.55435e-10 5.94707e-10 0.296694 8.55969e-10 1.14391e-09 1.25935
804.653 5.49289e-10 5.66331e-10 0.132698 8.28222e-10 1.12268e-09 1.3211
805.578 5.44219e-10 5.68263e-10 0.187755 8.42937e-10 1.0881e-09 1.10873
806.503 5.67239e-10 6.15412e-10 0.354002 8.57833e-10 1.14543e-09 1.25566
807.428 5.80451e-10 6.05347e-10 0.182386 8.21241e-10 1.13993e-09 1.42408
808.353 5.80556e-10 5.88723e-10 0.0606635 7.70208e-10 1.12498e-09 1.64538
809.278 5.49682e-10 6.20953e-10 0.529474 8.11377e-10 1.15375e-09 1.5289
810.202 5.47547e-10 5.98293e-10 0.384927 8.06843e-10 1.13747e-09 1.4915
811.127 5.04858e-10 5.83849e-10 0.631314 7.70308e-10 1.08292e-09 1.47932
812.052 5.23743e-10 5.94556e-10 0.550752 7.503e-10 1.11925e-09 1.73692
812.977 5.4022e-10 5.85665e-10 0.350785 7.71498e-10 1.17032e-09 1.80969
813.902 5.51027e-10 5.84593e-10 0.256806 7.7596e-10 1.13684e-09 1.65859
814.827 5.42151e-10 5.97922e-10 0.425243 7.99075e-10 1.09633e-09 1.37354
815.752 5.53019e-10 5.94062e-10 0.310919 7.97824e-10 1.12609e-09 1.49666
816.677 5.41895e-10 6.20692e-10 0.589607 7.72506e-10 1.07386e-09 1.43047
817.602 5.40209e-10 5.96036e-10 0.427108 8.08329e-10 1.0958e-09 1.32142
818.526 5.53752e-10 5.99502e-10 0.344757 8.17995e-10 1.1169e-09 1.35264
819.451 5.72128e-10 5.64038e-10 -0.0618459 8.1993e-10 1.04897e-09 1.06984
820.376 5.79636e-10 5.33472e-10 -0.36043 7.9164e-10 1.10958e-09 1.46631
821.301 5.82385e-10 5.67841e-10 -0.109833 8.325e-10 1.08598e-09 1.15438
822.226 5.65598e-10 5.97528e-10 0.238503 8.01456e-10 1.07126e-09 1.26015
823.151 5.51456e-10 5.86739e-10 0.269343 7.98975e-10 1.12809e-09 1.49812
824.076 5.45638e-10 6.02749e-10 0.432314 7.82627e-10 1.13382e-09 1.60989
825.001 5.4564e-10 5.70252e-10 0.191607 7.55823e-10 1.09851e-09 1.62382
825.926 5.32239e-10 5.81615e-10 0.385287 7.85495e-10 1.11184e-09 1.50899
826.85 5.17362e-10 5.97777e-10 0.62745 7.66019e-10 1.11463e-09 1.62891
827.775 5.5319e-10 6.13121e-10 0.44672 7.97839e-10 1.07963e-09 1.31362
828.7 5.47501e-10 5.89164e-10 0.318517 7.99487e-10 1.07393e-09 1.28164
829.625 5.67316e-10 5.8385e-10 0.124761 8.24034e-10 1.11893e-09 1.32859
830.55 5.43168e-10 5.7293e-10 0.231672 7.69617e-10 1.10814e-09 1.58321
831.475 5.80737e-10 5.89051e-10 0.0617345 7.69784e-10 1.05322e-09 1.3615
832.4 5.74281e-10 5.91356e-10 0.127244 8.30022e-10 1.06602e-09 1.08678
833.325 5.63149e-10 5.72015e-10 0.0678456 8.5777e-10 1.09103e-09 1.04466
834.25 5.51343e-10 5.68259e-10 0.131243 8.10446e-10 1.07947e-09 1.24486
835.174 5.57557e-10 5.62016e-10 0.0345917 7.46237e-10 1.07396e-09 1.5811
836.099 5.6095e-10 5.69792e-10 0.0679217 7.6687e-10 1.09161e-09 1.53346
837.024 5.51473e-10 5.95573e-10 0.334106 8.31926e-10 1.07698e-09 1.12122
837.949 5.69528e-10 5.9562e-10 0.194542 8.13051e-10 1.07759e-09 1.22337
838.874 5.69102e-10 5.95097e-10 0.193974 7.92193e-10 1.04951e-09 1.22154
839.799 6.01427e-10 6.1157e-10 0.0726376 8.27487e-10 1.07671e-09 1.14336
840.724 5.93018e-10 5.82168e-10 -0.0801963 8.30944e-10 1.08524e-09 1.15952
841.649 5.79057e-10 5.82176e-10 0.0233261 7.97387e-10 1.00934e-09 1.02368
842.574 5.60296e-10 5.68558e-10 0.0635777 8.05165e-10 1.04827e-09 1.14589
843.498 5.38328e-10 5.95268e-10 0.436651 7.79014e-10 1.08892e-09 1.45449
844.423 5.59705e-10 5.97883e-10 0.286566 7.93335e-10 1.09027e-09 1.38078
845.348 5.71517e-10 6.20868e-10 0.359699 7.75383e-10 1.05101e-09 1.32092
846.273 5.53038e-10 5.92163e-10 0.296861 7.4058e-10 1.08648e-09 1.66452
847.198 5.66437e-10 5.95733e-10 0.218999 7.13375e-10 1.07668e-09 1.78768
848.123 5.93068e-10 5.86351e-10 -0.0494723 7.50467e-10 1.0752e-09 1.56158
849.048 5.60623e-10 5.76472e-10 0.121074 7.85084e-10 1.12031e-09 1.54421
849.973 5.78279e-10 5.91076e-10 0.0950657 7.86537e-10 1.11225e-09 1.50483
850.898 5.7606e-10 6.19898e-10 0.318529 7.97056e-10 1.07438e-09 1.29671
851.822 5.60559e-10 6.25837e-10 0.478404 8.02296e-10 1.08742e-09 1.32064
852.747 5.48822e-10 6.12038e-10 0.473465 7.91605e-10 1.06889e-09 1.30426
853.672 5.99813e-10 6.15185e-10 0.109899 7.3953e-10 1.0191e-09 1.39263
854.597 5.94852e-10 5.94747e-10 -0.000760589 7.87823e-10 1.02442e-09 1.1405
855.522 5.81812e-10 5.92085e-10 0.0760193 8.16911e-10 1.05806e-09 1.12335
856.447 5.67801e-10 5.99032e-10 0.232537 7.45387e-10 1.0313e-09 1.41001
857.372 5.46071e-10 6.2753e-10 0.60385 6.91544e-10 1.01397e-09 1.66206
858.297 5.56054e-10 6.65026e-10 0.777216 7.84234e-10 1.04948e-09 1.2653
859.222 7.02229e-10 7.31695e-10 0.178515 8.87697e-10 1.16591e-09 1.18401
860.146 1.11153e-09 1.25565e-09 0.529455 1.13365e-09 1.45113e-09 1.07226
861.071 1.99281e-09 2.26293e-09 0.552062 1.55771e-09 2.11007e-09 1.3181
861.996 2.15594e-09 2.08184e-09 -0.151902 1.68398e-09 2.03364e-09 0.819372
862.921 1.10672e-09 9.81013e-10 -0.523617 1.14087e-09 1.2745e-09 0.481049
863.846 6.11743e-10 6.14439e-10 0.0190967 8.24555e-10 1.09936e-09 1.24922
864.771 5.71166e-10 5.75399e-10 0.0320698 7.91906e-10 1.1453e-09 1.60247
865.696 5.54252e-10 5.79142e-10 0.190774 7.68507e-10 1.09135e-09 1.52314
866.621 5.67707e-10 5.9814e-10 0.226791 8.03777e-10 1.04531e-09 1.14109
867.546 5.40541e-10 5.99665e-10 0.450798 7.70526e-10 1.08556e-09 1.48868
868.47 5.83241e-10 5.75259e-10 -0.0598425 7.97726e-10 1.05247e-09 1.20356
869.395 6.00223e-10 6.30113e-10 0.211058 7.82959e-10 1.05155e-09 1.28091
870.32 5.66464e-10 6.30511e-10 0.465204 7.91182e-10 1.03957e-09 1.18579
871.245 5.56086e-10 6.09012e-10 0.394839 7.94615e-10 1.06229e-09 1.26086
872.17 5.70817e-10 5.70507e-10 -0.00235469 7.4757e-10 1.06296e-09 1.52864
873.095 5.54951e-10 5.35935e-10 -0.151426 7.52146e-10 1.02642e-09 1.35023
874.02 5.56105e-10 5.81332e-10 0.192669 7.72886e-10 1.03312e-09 1.26035
874.945 5.59e-10 5.88818e-10 0.225697 7.96029e-10 1.00046e-09 0.992685
875.87 5.41182e-10 5.8873e-10 0.365725 7.84784e-10 9.78084e-10 0.956257
876.794 5.45621e-10 6.35686e-10 0.663509 7.48197e-10 9.56883e-10 1.06843
877.719 5.42271e-10 6.19844e-10 0.580656 7.2839e-10 9.78055e-10 1.27999
878.644 5.46405e-10 6.03554e-10 0.432018 7.59042e-10 9.8704e-10 1.14069
879.569 5.37006e-10 5.86959e-10 0.386281 7.82404e-10 1.01315e-09 1.12243
880.494 5.4206e-10 5.82297e-10 0.310969 7.57479e-10 9.74532e-10 1.09426
881.419 5.66862e-10 5.84361e-10 0.132042 7.73319e-10 9.74618e-10 1.00476
882.344 5.77729e-10 5.9136e-10 0.101278 7.79694e-10 1.01036e-09 1.12553
883.269 5.61769e-10 6.01361e-10 0.29578 7.95577e-10 1.07433e-09 1.30458
884.194 5.39558e-10 5.93648e-10 0.414907 7.83214e-10 1.05594e-09 1.29761
885.118 5.54179e-10 5.85141e-10 0.236101 7.55754e-10 9.62164e-10 1.04869
886.043 5.69463e-10 5.89278e-10 0.14855 7.99511e-10 1.01934e-09 1.05495
886.968 5.69691e-10 5.97428e-10 0.20646 8.26854e-10 9.58443e-10 0.641375
887.893 5.65843e-10 5.68509e-10 0.020409 8.01311e-10 9.20584e-10 0.602621
888.818 5.85719e-10 5.86887e-10 0.00865126 8.00926e-10 9.51535e-10 0.748322
889.743 5.61996e-10 6.03663e-10 0.310616 8.37407e-10 9.57693e-10 0.582897
890.668 5.3195e-10 6.1439e-10 0.625734 8.16366e-10 1.02212e-09 0.976169
891.593 5.27401e-10 6.11245e-10 0.640746 7.80561e-10 1.05139e-09 1.29358
892.518 5.29264e-10 6.19515e-10 0.683799 7.71904e-10 9.57112e-10 0.933995
893.442 5.49675e-10 5.91288e-10 0.316937 7.6688e-10 9.25458e-10 0.816292
894.367 5.61492e-10 6.01188e-10 0.296661 7.88669e-10 9.38347e-10 0.754684
895.292 5.94297e-10 6.04103e-10 0.0710764 7.62799e-10 9.54003e-10 0.971401
896.217 5.95534e-10 5.90067e-10 -0.0400553 7.80287e-10 1.0066e-09 1.10603
897.142 5.36983e-10 6.00572e-10 0.486044 7.82062e-10 9.63588e-10 0.906499
898.067 5.70454e-10 5.92016e-10 0.161132 7.79662e-10 9.53768e-10 0.875365
898.992 5.84157e-10 6.0591e-10 0.158791 7.32056e-10 1.00008e-09 1.35489
899.917 5.94499e-10 5.87537e-10 -0.0511646 7.19132e-10 9.70489e-10 1.30182
900.842 5.66375e-10 5.78292e-10 0.0904293 7.63554e-10 9.61629e-10 1.00168
901.766 5.51988e-10 5.80101e-10 0.215741 7.63862e-10 9.65131e-10 1.01571
902.691 5.80592e-10 5.90853e-10 0.0760869 7.48194e-10 9.75724e-10 1.15313
903.616 5.54724e-10 6.0675e-10 0.389327 7.69585e-10 9.73429e-10 1.02048
904.541 5.77841e-10 6.18453e-10 0.294988 7.66378e-10 9.53379e-10 0.948225
905.466 5.85753e-10 6.23317e-10 0.269939 7.75815e-10 9.72221e-10 0.980069
906.391 5.71956e-10 5.82871e-10 0.0820932 7.80928e-10 1.00357e-09 1.08938
907.316 5.3175e-10 5.51624e-10 0.159355 7.8293e-10 9.63693e-10 0.902153
908.241 5.36831e-10 5.3976e-10 0.0236329 7.60997e-10 9.55102e-10 0.986668
909.166 5.60621e-10 5.38582e-10 -0.174178 7.286e-10 9.16862e-10 0.998151
910.09 5.76133e-10 5.57553e-10 -0.142364 7.44893e-10 9.82738e-10 1.20344
911.015 6.02624e-10 5.65418e-10 -0.276768 7.69341e-10 1.02759e-09 1.25701
911.94 5.64314e-10 5.70622e-10 0.0482755 7.45296e-10 9.48852e-10 1.04869
912.865 5.52358e-10 5.9155e-10 0.29771 7.20039e-10 9.42454e-10 1.16904
913.79 5.56692e-10 5.83137e-10 0.201557 7.17919e-10 9.16644e-10 1.06126
914.715 5.59207e-10 5.71509e-10 0.0945074 7.19901e-10 9.78714e-10 1.33383
915.64 6.13697e-10 5.49117e-10 -0.482889 7.63049e-10 9.74694e-10 1.06316
916.565 6.06641e-10 5.46979e-10 -0.44961 7.53998e-10 9.11657e-10 0.824616
917.49 5.80999e-10 5.61047e-10 -0.151758 7.66552e-10 9.07279e-10 0.731993
918.414 5.34823e-10 5.64538e-10 0.234836 7.78258e-10 9.62751e-10 0.923905
919.339 5.32937e-10 6.0346e-10 0.539726 7.95837e-10 9.54591e-10 0.789934
920.264 5.43187e-10 5.60053e-10 0.132795 7.61508e-10 9.17488e-10 0.80926
921.189 5.60828e-10 5.73697e-10 0.0985335 7.82147e-10 8.98596e-10 0.60276
922.114 5.47052e-10 6.06701e-10 0.449457 7.5471e-10 8.7928e-10 0.663471
923.039 5.58734e-10 5.64087e-10 0.0414091 7.3143e-10 9.20801e-10 0.999933
923.964 5.49962e-10 5.62965e-10 0.101486 7.32654e-10 9.21827e-10 0.997505
924.889 5.439e-10 5.79667e-10 0.276595 7.68645e-10 9.34135e-10 0.846836
925.814 5.42205e-10 5.87258e-10 0.34665 7.29168e-10 9.3291e-10 1.07012
926.738 5.30482e-10 6.21672e-10 0.68891 6.95668e-10 8.63845e-10 0.94034
927.663 5.56612e-10 5.6803e-10 0.0881827 7.34806e-10 8.74038e-10 0.753579
928.588 5.7624e-10 5.60101e-10 -0.123371 7.30879e-10 9.01682e-10 0.912082
929.513 5.37472e-10 5.46918e-10 0.0756687 6.91777e-10 9.31676e-10 1.29299
930.438 5.50844e-10 5.34732e-10 -0.128923 7.09402e-10 9.0565e-10 1.06068
931.363 5.2566e-10 5.32943e-10 0.0597612 7.45077e-10 9.29077e-10 0.958509
932.288 5.5569e-10 5.55847e-10 0.00122622 7.41111e-10 9.00458e-10 0.845801
933.213 5.57412e-10 5.74588e-10 0.131803 7.37502e-10 8.91464e-10 0.823405
934.138 5.66566e-10 5.60933e-10 -0.0433976 7.20738e-10 8.99103e-10 0.960322
935.062 5.70713e-10 5.71139e-10 0.00323971 7.46288e-10 9.27817e-10 0.945558
935.987 5.56526e-10 5.68002e-10 0.0886447 7.59854e-10 9.42243e-10 0.934329
936.912 5.66771e-10 5.60826e-10 -0.0457971 7.34488e-10 9.11143e-10 0.936017
937.837 5.58598e-10 5.67148e-10 0.0659741 7.2417e-10 9.58279e-10 1.21651
938.762 5.44662e-10 5.53725e-10 0.0716687 7.15385e-10 9.42646e-10 1.19809
939.687 5.74224e-10 5.69425e-10 -0.0364487 7.35871e-10 9.37021e-10 1.04948
940.612 5.64218e-10 5.56784e-10 -0.0576027 7.14643e-10 9.62765e-10 1.29431
941.537 5.30148e-10 5.41292e-10 0.090343 7.07528e-10 9.43441e-10 1.24971
942.462 5.61534e-10 5.71367e-10 0.0753894 7.06477e-10 9.07273e-10 1.0864
943.386 5.72661e-10 5.60805e-10 -0.0908514 7.31228e-10 9.03206e-10 0.91734
944.311 5.76423e-10 5.47126e-10 -0.22654 7.27595e-10 8.80582e-10 0.828805
945.236 5.60163e-10 5.4171e-10 -0.145477 7.33444e-10 8.77589e-10 0.779238
946.161 5.28437e-10 5.36523e-10 0.0659446 7.16332e-10 9.31825e-10 1.1422
947.086 5.14846e-10 5.82389e-10 0.535355 7.51262e-10 9.8041e-10 1.15616
948.011 5.28218e-10 6.16397e-10 0.670469 7.58691e-10 9.45911e-10 0.957855
948.936 5.38535e-10 5.95152e-10 0.43414 7.46108e-10 9.40507e-10 1.0056
949.861 5.71676e-10 5.77999e-10 0.04777 7.42531e-10 9.30797e-10 0.981404
950.786 5.4693e-10 5.43538e-10 -0.0270199 6.97986e-10 9.07107e-10 1.13812
951.71 5.11771e-10 5.60753e-10 0.396962 7.02992e-10 9.31244e-10 1.22113
952.635 5.15852e-10 5.70563e-10 0.437786 6.90234e-10 9.38344e-10 1.33366
953.56 5.34353e-10 5.71774e-10 0.293962 7.38219e-10 9.28188e-10 0.99451
954.485 5.25156e-10 5.8353e-10 0.457745 7.51015e-10 9.7965e-10 1.15423
955.41 5.43538e-10 5.81634e-10 0.294199 7.43e-10 9.1867e-10 0.921707
956.335 5.45524e-10 5.88264e-10 0.327584 7.26064e-10 9.06619e-10 0.964503
957.26 5.40079e-10 5.85869e-10 0.353432 7.13959e-10 9.42742e-10 1.2072
958.185 5.49716e-10 5.67407e-10 0.137562 7.18542e-10 9.14393e-10 1.04681
959.11 5.57505e-10 5.50882e-10 -0.0519012 7.60615e-10 9.66592e-10 1.04078
960.034 5.56789e-10 5.27415e-10 -0.235383 7.51864e-10 9.18231e-10 0.868131
960.959 5.55576e-10 5.50035e-10 -0.0435276 7.22274e-10 8.83632e-10 0.87569
961.884 5.07529e-10 5.52546e-10 0.369073 7.54432e-10 8.96571e-10 0.749648
962.809 5.02607e-10 5.41201e-10 0.3213 7.75555e-10 9.12391e-10 0.705686
963.734 5.31084e-10 6.03965e-10 0.558485 7.54395e-10 9.20332e-10 0.863456
964.659 5.62911e-10 5.9305e-10 0.226515 7.5387e-10 9.75467e-10 1.11916
965.584 5.58538e-10 5.86687e-10 0.213537 7.19884e-10 9.71931e-10 1.30373
966.509 5.65101e-10 6.22441e-10 0.419722 7.2297e-10 9.40002e-10 1.14008
967.434 5.56537e-10 6.52238e-10 0.689117 7.42081e-10 9.78451e-10 1.20088
968.358 5.83469e-10 6.45347e-10 0.437753 7.60122e-10 9.97327e-10 1.17954
969.283 5.72156e-10 6.22481e-10 0.366112 8.25502e-10 9.44237e-10 0.583629
970.208 5.61271e-10 6.01174e-10 0.298274 7.93541e-10 8.99055e-10 0.542173
971.133 5.73761e-10 6.01027e-10 0.201635 7.63837e-10 9.02425e-10 0.724106
972.058 5.47929e-10 6.03196e-10 0.417336 7.45795e-10 8.98476e-10 0.808874
972.983 5.19074e-10 5.91111e-10 0.564397 7.72245e-10 8.62371e-10 0.479393
973.908 5.41718e-10 5.81585e-10 0.308399 7.84045e-10 8.68211e-10 0.442844
974.833 5.38552e-10 5.71306e-10 0.256411 7.44718e-10 8.64117e-10 0.645807
975.758 5.39702e-10 5.7535e-10 0.277783 7.322e-10 8.41516e-10 0.604327
976.682 5.4587e-10 5.48566e-10 0.0213992 7.6606e-10 8.56549e-10 0.484894
977.607 5.04657e-10 5.34465e-10 0.249229 7.40899e-10 8.92635e-10 0.809149
978.532 5.36829e-10 5.52932e-10 0.128359 7.21401e-10 9.03328e-10 0.976689
979.457 5.61602e-10 5.52189e-10 -0.0734087 6.9846e-10 9.07329e-10 1.13623
980.382 5.656e-10 5.75973e-10 0.0789273 7.57796e-10 9.01541e-10 0.75433
981.307 5.25674e-10 5.94163e-10 0.531891 7.71762e-10 9.1817e-10 0.754399
982.232 4.97896e-10 5.64018e-10 0.541541 7.41215e-10 9.52959e-10 1.0913
983.157 5.52372e-10 5.60869e-10 0.0663018 7.43086e-10 9.10507e-10 0.882439
984.082 5.47921e-10 5.71568e-10 0.1835 7.40549e-10 8.69933e-10 0.699322
985.006 5.26266e-10 5.88213e-10 0.483296 7.25509e-10 8.79561e-10 0.836231
985.931 5.54109e-10 5.82193e-10 0.214712 7.1863e-10 8.77923e-10 0.869511
986.856 5.61739e-10 5.53645e-10 -0.0630313 7.34518e-10 9.24685e-10 0.999913
987.781 5.38199e-10 5.44153e-10 0.0477749 7.11019e-10 9.21942e-10 1.12822
988.706 5.05643e-10 5.6756e-10 0.501682 7.19637e-10 8.99074e-10 0.966821
989.631 5.13946e-10 5.71405e-10 0.46027 6.76414e-10 8.94249e-10 1.21246
990.556 5.58363e-10 5.89599e-10 0.236404 6.9927e-10 9.19826e-10 1.19061
991.481 5.66019e-10 5.88449e-10 0.168776 7.46514e-10 8.99229e-10 0.808323
992.406 5.23339e-10 5.87704e-10 0.503756 7.66957e-10 8.6393e-10 0.517075
993.33 5.77008e-10 5.58757e-10 -0.139589 7.37058e-10 8.97505e-10 0.855354
994.255 5.75828e-10 5.45396e-10 -0.235801 7.20374e-10 9.40543e-10 1.1582
995.18 5.58908e-10 5.31441e-10 -0.218855 7.70932e-10 8.91015e-10 0.628691
996.105 5.52149e-10 5.30604e-10 -0.172854 7.90644e-10 8.84868e-10 0.488972
997.03 5.62047e-10 5.55143e-10 -0.0536801 7.74876e-10 9.39211e-10 0.835308
997.955 5.69508e-10 5.66169e-10 -0.025536 7.66128e-10 8.7861e-10 0.594948
998.88 5.26266e-10 5.57063e-10 0.24699 7.36266e-10 8.91899e-10 0.83281
999.805 5.24817e-10 5.61392e-10 0.292582 7.0687e-10 9.07669e-10 1.08588
1000.73 5.2972e-10 5.52069e-10 0.179469 7.58165e-10 8.99283e-10 0.741327
1001.65 5.43785e-10 5.5814e-10 0.113161 7.54722e-10 9.01422e-10 0.77141
1002.58 5.41932e-10 5.4866e-10 0.0535871 7.49896e-10 9.30281e-10 0.936133
1003.5 5.59334e-10 5.49147e-10 -0.0798294 7.66317e-10 8.90546e-10 0.652477
1004.43 5.31583e-10 5.26831e-10 -0.0389968 7.17491e-10 8.29281e-10 0.628854
1005.35 5.46211e-10 5.47839e-10 0.012921 7.30318e-10 8.25145e-10 0.530185
1006.28 5.27206e-10 5.72673e-10 0.359265 7.26893e-10 8.6218e-10 0.741274
1007.2 5.52172e-10 5.84713e-10 0.24868 7.44654e-10 8.60669e-10 0.628816
1008.13 5.65742e-10 5.50421e-10 -0.119233 7.57289e-10 8.52673e-10 0.515209
1009.05 5.75131e-10 5.26193e-10 -0.386215 7.35033e-10 8.90963e-10 0.835531
1009.98 5.77668e-10 5.36799e-10 -0.318673 7.31158e-10 8.88162e-10 0.844809
1010.9 5.68219e-10 5.60118e-10 -0.0623644 7.17049e-10 8.98113e-10 0.977819
1011.83 5.93855e-10 5.57778e-10 -0.272187 7.68698e-10 8.9482e-10 0.6598
1012.75 5.68101e-10 5.51734e-10 -0.126961 7.66613e-10 8.75184e-10 0.575233
1013.68 5.4778e-10 5.60698e-10 0.101229 7.43503e-10 8.8197e-10 0.741712
1014.6 5.25094e-10 5.55381e-10 0.243542 7.38916e-10 8.45666e-10 0.586037
1015.53 5.70997e-10 5.33133e-10 -0.297986 7.41015e-10 8.75584e-10 0.724707
1016.45 5.54727e-10 5.35085e-10 -0.156572 7.43317e-10 9.02137e-10 0.840988
1017.38 5.31251e-10 5.60858e-10 0.235528 7.19977e-10 8.80842e-10 0.875795
1018.3 5.34598e-10 5.26071e-10 -0.0698249 7.09873e-10 8.83792e-10 0.951696
1019.23 5.34541e-10 4.99135e-10 -0.297634 7.52496e-10 8.50594e-10 0.532182
1020.15 5.74965e-10 5.55798e-10 -0.147242 7.54246e-10 8.37544e-10 0.454946
1021.08 5.68101e-10 5.77425e-10 0.0707038 7.15019e-10 8.40225e-10 0.700779
1022 5.7814e-10 5.83299e-10 0.038581 7.26887e-10 8.34085e-10 0.597436
1022.93 5.47552e-10 5.67334e-10 0.154137 7.19549e-10 8.47993e-10 0.713318
1023.85 5.33323e-10 5.67773e-10 0.271842 7.43321e-10 8.74414e-10 0.705408
1024.78 5.35652e-10 5.45985e-10 0.0829745 7.38818e-10 8.72977e-10 0.724649
1025.7 5.67703e-10 5.46949e-10 -0.16174 7.27942e-10 8.71607e-10 0.782238
1026.63 5.72736e-10 5.44447e-10 -0.219993 7.43931e-10 8.4499e-10 0.55319
1027.55 5.37908e-10 5.52044e-10 0.112655 7.07409e-10 8.54227e-10 0.81903
1028.48 5.38721e-10 5.31472e-10 -0.0588286 7.24329e-10 8.4202e-10 0.653866
1029.4 5.28276e-10 5.2172e-10 -0.0542328 7.40956e-10 8.12022e-10 0.397749
1030.33 5.30095e-10 5.53042e-10 0.184044 7.22247e-10 8.27037e-10 0.588389
1031.25 5.39767e-10 5.19565e-10 -0.165663 7.31352e-10 8.29168e-10 0.545161
1032.18 5.24002e-10 5.27027e-10 0.0250029 7.3901e-10 8.39102e-10 0.551646
1033.1 5.44886e-10 5.65686e-10 0.162695 7.38567e-10 8.18472e-10 0.446136
1034.03 5.47956e-10 5.53071e-10 0.040352 7.42296e-10 8.21869e-10 0.442254
1034.95 5.56965e-10 5.53757e-10 -0.0250846 7.51928e-10 8.59012e-10 0.57823
1035.88 5.47097e-10 5.77662e-10 0.236094 7.59949e-10 8.59463e-10 0.534428
1036.8 5.55889e-10 5.72851e-10 0.130541 7.6266e-10 9.09162e-10 0.763101
1037.73 5.24111e-10 5.65828e-10 0.33261 7.16839e-10 9.14493e-10 1.05758
1038.65 5.1962e-10 5.56658e-10 0.299027 7.08336e-10 9.06613e-10 1.07182
1039.57 5.1125e-10 5.43335e-10 0.264342 7.04419e-10 8.60943e-10 0.87143
1040.5 5.41997e-10 5.57713e-10 0.124137 6.94697e-10 8.32052e-10 0.783551
1041.42 5.52889e-10 5.63347e-10 0.0813832 6.74002e-10 8.46129e-10 0.987755
1042.35 5.46469e-10 5.69562e-10 0.179755 6.8074e-10 8.25707e-10 0.838447
1043.27 5.63542e-10 5.3964e-10 -0.188221 7.05561e-10 8.20429e-10 0.655065
1044.2 5.6857e-10 5.61262e-10 -0.0561857 7.19475e-10 8.83495e-10 0.891886
1045.12 5.6234e-10 5.73522e-10 0.0855119 6.92459e-10 8.79215e-10 1.03701
1046.05 5.89063e-10 5.65317e-10 -0.178699 7.28294e-10 8.5637e-10 0.703547
1046.97 5.62494e-10 5.49427e-10 -0.10208 7.24912e-10 8.65016e-10 0.767392
1047.9 5.34141e-10 5.32458e-10 -0.0137004 7.03433e-10 8.50724e-10 0.825659
1048.82 5.33693e-10 5.51786e-10 0.144792 7.09625e-10 8.09297e-10 0.570789
1049.75 5.44494e-10 5.48365e-10 0.0307699 7.26923e-10 7.63141e-10 0.211164
1050.67 5.43829e-10 5.50578e-10 0.0535624 7.53968e-10 8.16368e-10 0.345333
1051.6 5.62211e-10 5.46074e-10 -0.126478 6.873e-10 8.64492e-10 0.996148
1052.52 5.84575e-10 5.65506e-10 -0.14403 7.58146e-10 9.10732e-10 0.796375
1053.45 5.54015e-10 5.48323e-10 -0.0448503 7.37184e-10 8.83949e-10 0.788516
1054.37 5.4848e-10 5.47172e-10 -0.0103705 7.04234e-10 8.12905e-10 0.623224
1055.3 5.45229e-10 5.54668e-10 0.0745392 7.09867e-10 8.03074e-10 0.535783
1056.22 5.37228e-10 5.53855e-10 0.132374 7.45507e-10 8.07594e-10 0.347412
1057.15 5.47531e-10 5.71891e-10 0.189043 7.82068e-10 8.12799e-10 0.167385
1058.07 5.48656e-10 5.6184e-10 0.103128 7.15048e-10 8.70588e-10 0.854774
1059 5.51437e-10 5.46696e-10 -0.037497 7.31765e-10 8.32762e-10 0.561491
1059.92 5.57724e-10 5.35928e-10 -0.173134 7.54733e-10 8.11037e-10 0.312472
1060.85 5.38882e-10 5.14899e-10 -0.197716 7.1979e-10 8.23379e-10 0.583942
1061.77 5.61082e-10 5.43654e-10 -0.137032 7.6319e-10 8.62789e-10 0.532721
1062.7 5.645e-10 5.71289e-10 0.0519216 7.32605e-10 8.5964e-10 0.694465
1063.62 5.51518e-10 5.46318e-10 -0.0411401 7.42906e-10 8.14434e-10 0.399218
1064.55 5.44638e-10 5.40643e-10 -0.03197 7.42446e-10 8.14469e-10 0.402095
1065.47 5.64617e-10 5.26095e-10 -0.306897 7.55597e-10 8.44467e-10 0.482929
1066.4 5.64272e-10 5.24917e-10 -0.31398 7.53977e-10 8.05878e-10 0.28911
1067.32 5.37022e-10 5.39372e-10 0.0189637 7.51583e-10 7.80043e-10 0.161415
1068.25 5.30922e-10 5.49857e-10 0.15219 7.15161e-10 8.01014e-10 0.492362
1069.17 5.29297e-10 5.61513e-10 0.256605 7.00825e-10 8.11202e-10 0.635191
1070.1 5.16101e-10 5.58732e-10 0.344687 7.29554e-10 7.72996e-10 0.251199
1071.02 5.44893e-10 5.41419e-10 -0.0277774 7.08329e-10 8.42814e-10 0.754964
1071.95 5.85286e-10 5.45383e-10 -0.306666 6.93262e-10 8.60593e-10 0.939005
1072.87 5.9531e-10 5.56646e-10 -0.291633 7.159e-10 8.3596e-10 0.673336
1073.8 6.07547e-10 5.90396e-10 -0.124371 7.42334e-10 8.6434e-10 0.66085
1074.72 7.06366e-10 6.99991e-10 -0.0393748 8.02591e-10 9.25166e-10 0.617254
1075.65 1.0091e-09 1.01159e-09 0.0106992 1.00609e-09 1.15096e-09 0.584215
1076.57 1.38143e-09 1.30292e-09 -0.254121 1.20124e-09 1.30139e-09 0.34777
1077.5 1.34391e-09 1.1285e-09 -0.758681 1.15946e-09 1.17641e-09 0.0630205
1078.42 8.32409e-10 7.52513e-10 -0.438232 9.31379e-10 9.24047e-10 -0.0343239
1079.35 5.65517e-10 5.88297e-10 0.171505 7.78538e-10 8.47421e-10 0.368189
1080.27 5.38169e-10 5.54608e-10 0.13068 7.28164e-10 8.24215e-10 0.538113
1081.19 5.40572e-10 5.51458e-10 0.086589 7.39819e-10 8.37082e-10 0.536423
1082.12 5.29035e-10 5.44661e-10 0.126419 7.72753e-10 8.31561e-10 0.318534
1083.04 5.33884e-10 4.93728e-10 -0.339594 7.40199e-10 8.12479e-10 0.404639
1083.97 5.332e-10 5.09059e-10 -0.201223 7.12719e-10 7.88806e-10 0.440519
1084.89 5.51541e-10 5.27147e-10 -0.19646 6.82642e-10 7.94937e-10 0.661394
1085.82 5.91553e-10 5.20888e-10 -0.55249 7.23073e-10 7.9868e-10 0.431906
1086.74 5.69882e-10 5.26878e-10 -0.340748 7.50318e-10 8.32514e-10 0.451466
1087.67 5.48679e-10 5.55067e-10 0.050272 7.67975e-10 8.17318e-10 0.270441
1088.59 5.76418e-10 5.13059e-10 -0.505702 7.42487e-10 7.84518e-10 0.239138
1089.52 5.64553e-10 5.172e-10 -0.380465 7.49373e-10 7.87881e-10 0.217625
1090.44 5.27605e-10 5.23754e-10 -0.0318115 7.69946e-10 7.76051e-10 0.0342983
1091.37 5.29521e-10 5.45325e-10 0.127724 7.38367e-10 7.99538e-10 0.345672
1092.29 5.41538e-10 5.46147e-10 0.0368004 7.30497e-10 7.986e-10 0.387112
1093.22 5.29428e-10 5.4504e-10 0.126212 7.62901e-10 7.96832e-10 0.188989
1094.14 5.37673e-10 5.15472e-10 -0.183133 7.44136e-10 7.80058e-10 0.204747
1095.07 5.31892e-10 5.4248e-10 0.0856036 7.51272e-10 8.26062e-10 0.412155
1095.99 5.14844e-10 5.20219e-10 0.0451062 7.41584e-10 7.96998e-10 0.312971
1096.92 5.44862e-10 5.2829e-10 -0.13414 6.97209e-10 7.89436e-10 0.539542
1097.84 5.52584e-10 5.39229e-10 -0.106252 7.20481e-10 7.78838e-10 0.338246
1098.77 5.41856e-10 5.40134e-10 -0.0138289 7.05152e-10 8.32158e-10 0.719234
1099.69 5.52891e-10 5.14911e-10 -0.309071 7.20474e-10 8.00891e-10 0.459551
1100.62 5.06356e-10 5.1363e-10 0.0619363 7.01558e-10 7.61874e-10 0.358193
1101.54 5.28854e-10 5.08021e-10 -0.174543 7.56738e-10 7.55846e-10 -0.00512428
1102.47 5.50334e-10 5.02946e-10 -0.391047 7.77537e-10 7.44165e-10 -0.190516
1103.39 5.57685e-10 5.2881e-10 -0.230892 7.11254e-10 7.79649e-10 0.398745
1104.32 5.52925e-10 5.37173e-10 -0.125528 7.04791e-10 7.69813e-10 0.383254
1105.24 5.59946e-10 5.34204e-10 -0.20439 7.19786e-10 7.87397e-10 0.389909
1106.17 5.39585e-10 5.08162e-10 -0.260581 6.82253e-10 7.63439e-10 0.488285
1107.09 5.34306e-10 4.78051e-10 -0.48316 6.49876e-10 7.39546e-10 0.561348
1108.02 5.36548e-10 5.08573e-10 -0.232556 6.83307e-10 7.7967e-10 0.572953
1108.94 5.66395e-10 5.16999e-10 -0.396295 7.15206e-10 8.27766e-10 0.634761
1109.87 5.86099e-10 5.17576e-10 -0.539968 6.97593e-10 8.10747e-10 0.652834
1110.79 5.66425e-10 5.18574e-10 -0.383318 7.02419e-10 8.10112e-10 0.61949
1111.72 5.63623e-10 5.34598e-10 -0.229615 7.01654e-10 8.14633e-10 0.648388
1112.64 5.4389e-10 5.40246e-10 -0.0291976 6.91485e-10 7.89274e-10 0.574449
1113.57 5.39156e-10 5.57103e-10 0.142209 7.24572e-10 7.71056e-10 0.270049
1114.49 5.35116e-10 5.09519e-10 -0.212876 7.1338e-10 7.81928e-10 0.398456
1115.42 5.39981e-10 4.9355e-10 -0.390478 7.35397e-10 7.8425e-10 0.279324
1116.34 5.37191e-10 5.09666e-10 -0.228433 7.25097e-10 7.83752e-10 0.337821
1117.27 5.4167e-10 5.11568e-10 -0.248311 6.94678e-10 7.86827e-10 0.540954
1118.19 5.27467e-10 5.27744e-10 0.00227502 7.03945e-10 8.12714e-10 0.623995
1119.12 5.34284e-10 5.32757e-10 -0.0124347 6.91149e-10 8.2104e-10 0.747926
1120.04 5.36163e-10 5.24485e-10 -0.0956429 7.04782e-10 7.6326e-10 0.346181
1120.97 5.6016e-10 5.20977e-10 -0.314936 7.23738e-10 7.35467e-10 0.0698208
1121.89 5.72552e-10 5.10943e-10 -0.494425 7.75108e-10 7.4766e-10 -0.156579
1122.81 5.68603e-10 5.1588e-10 -0.422608 7.54227e-10 7.35196e-10 -0.110988
1123.74 5.28233e-10 4.8651e-10 -0.357339 6.91232e-10 7.35949e-10 0.272238
1124.66 5.1318e-10 4.95532e-10 -0.151979 6.85781e-10 7.54877e-10 0.416912
1125.59 5.21733e-10 5.17795e-10 -0.0329092 7.04037e-10 7.82609e-10 0.459492
1126.51 5.49572e-10 5.08376e-10 -0.338397 7.35656e-10 7.81956e-10 0.265074
1127.44 5.84422e-10 4.92761e-10 -0.740906 7.2217e-10 7.89633e-10 0.387859
1128.36 5.47483e-10 5.01513e-10 -0.380882 7.34823e-10 8.00776e-10 0.373287
1129.29 5.61304e-10 5.19994e-10 -0.332002 7.40549e-10 8.11877e-10 0.399361
1130.21 5.77489e-10 5.50168e-10 -0.210484 7.63908e-10 8.30781e-10 0.364459
1131.14 5.69471e-10 5.61184e-10 -0.0636584 7.47477e-10 8.15548e-10 0.378515
1132.06 5.59624e-10 5.75192e-10 0.119161 7.12205e-10 8.04328e-10 0.52828
1132.99 5.56115e-10 5.45276e-10 -0.0854857 7.15179e-10 7.96305e-10 0.466647
1133.91 5.57306e-10 5.46035e-10 -0.0887354 7.02534e-10 7.64812e-10 0.368875
1134.84 5.34232e-10 5.47754e-10 0.10856 6.85554e-10 7.51231e-10 0.397316
1135.76 5.23155e-10 5.32112e-10 0.0737197 6.79879e-10 7.44959e-10 0.397009
1136.69 5.34414e-10 5.03385e-10 -0.259777 7.23143e-10 7.66727e-10 0.254167
1137.61 5.56515e-10 4.89349e-10 -0.558581 7.11942e-10 7.53868e-10 0.248509
1138.54 5.3687e-10 4.74724e-10 -0.534278 7.2447e-10 7.50163e-10 0.151353
1139.46 5.51455e-10 4.93881e-10 -0.478878 7.11352e-10 7.45336e-10 0.202674
1140.39 5.40396e-10 4.95402e-10 -0.377544 7.20243e-10 8.23761e-10 0.583221
1141.31 5.70779e-10 4.63315e-10 -0.90592 7.21898e-10 7.74665e-10 0.306383
1142.24 5.82917e-10 4.65456e-10 -0.977285 6.93035e-10 7.52995e-10 0.360366
1143.16 5.58038e-10 5.07052e-10 -0.416109 7.25887e-10 7.65442e-10 0.230432
1144.09 5.31595e-10 5.28586e-10 -0.0246542 7.0887e-10 7.76884e-10 0.397894
1145.01 5.35945e-10 5.07615e-10 -0.23586 7.21715e-10 7.68648e-10 0.273614
1145.94 5.47249e-10 4.98668e-10 -0.403735 7.33396e-10 7.72922e-10 0.227969
1146.86 5.57033e-10 5.32411e-10 -0.196338 7.48842e-10 7.88051e-10 0.221643
1147.79 5.73589e-10 5.08141e-10 -0.526161 7.53823e-10 7.64269e-10 0.0597691
1148.71 5.32857e-10 5.21607e-10 -0.0926729 7.1179e-10 7.86869e-10 0.435504
1149.64 5.66904e-10 5.11412e-10 -0.447381 7.16343e-10 7.52935e-10 0.216367
1150.56 5.75598e-10 5.01297e-10 -0.600246 7.39358e-10 8.03332e-10 0.360403
1151.49 5.38646e-10 5.3054e-10 -0.0658539 7.59443e-10 8.05993e-10 0.258364
1152.41 5.49047e-10 5.15295e-10 -0.275534 7.31603e-10 8.1031e-10 0.443759
1153.34 5.69706e-10 5.19822e-10 -0.397963 7.19962e-10 7.87915e-10 0.391699
1154.26 5.53513e-10 5.06421e-10 -0.38616 7.19625e-10 7.58874e-10 0.230632
1155.19 5.59103e-10 4.90407e-10 -0.56935 7.28537e-10 7.79098e-10 0.291406
1156.11 5.59934e-10 4.94213e-10 -0.542226 7.48605e-10 7.35162e-10 -0.0786955
1157.04 5.6775e-10 5.12697e-10 -0.442968 7.24657e-10 7.36995e-10 0.0733204
1157.96 5.67704e-10 5.28538e-10 -0.310453 7.23443e-10 7.56002e-10 0.191188
1158.89 5.54012e-10 4.89036e-10 -0.541784 6.86436e-10 7.67058e-10 0.482285
1159.81 5.21942e-10 4.76119e-10 -0.399066 6.91009e-10 7.45228e-10 0.328051
1160.74 5.52149e-10 5.13418e-10 -0.315851 6.76635e-10 7.49427e-10 0.443749
1161.66 5.78719e-10 5.47026e-10 -0.244594 6.72594e-10 7.31027e-10 0.361802
1162.59 5.46e-10 5.12234e-10 -0.277245 6.84137e-10 7.4459e-10 0.367741
1163.51 5.58331e-10 4.98288e-10 -0.494115 7.18588e-10 7.50504e-10 0.188728
1164.43 5.70087e-10 5.12363e-10 -0.463633 7.25001e-10 7.92846e-10 0.388502
1165.36 5.51828e-10 5.0698e-10 -0.368134 6.98075e-10 7.58154e-10 0.358553
1166.28 5.51651e-10 5.1562e-10 -0.293346 7.26076e-10 7.54704e-10 0.167947
1167.21 5.39743e-10 5.09275e-10 -0.252349 7.11687e-10 7.40032e-10 0.169614
1168.13 5.77699e-10 5.07531e-10 -0.56239 7.36686e-10 7.40302e-10 0.0212669
1169.06 5.66943e-10 4.97326e-10 -0.56898 7.66772e-10 7.37379e-10 -0.169758
1169.98 5.84162e-10 4.89438e-10 -0.768361 7.60798e-10 7.36538e-10 -0.140739
1170.91 5.98713e-10 4.9952e-10 -0.786663 7.72478e-10 7.58544e-10 -0.0790515
1171.83 5.56319e-10 5.14241e-10 -0.341578 7.61737e-10 7.58009e-10 -0.0213098
1172.76 5.20381e-10 5.36484e-10 0.132352 7.3129e-10 7.44427e-10 0.0773232
1173.68 5.571e-10 4.91399e-10 -0.544989 7.793e-10 7.34401e-10 -0.257712
1174.61 5.82189e-10 4.75527e-10 -0.878884 7.89001e-10 7.18877e-10 -0.404232
1175.53 5.60031e-10 5.26146e-10 -0.27106 7.43503e-10 7.66095e-10 0.130001
1176.46 5.81687e-10 5.11169e-10 -0.561252 7.4372e-10 7.10459e-10 -0.198703
1177.38 5.87574e-10 5.32339e-10 -0.428746 7.59313e-10 7.27251e-10 -0.187363
1178.31 5.38952e-10 5.1155e-10 -0.226622 7.22123e-10 7.19172e-10 -0.0177868
1179.23 5.40833e-10 5.08445e-10 -0.268191 7.29471e-10 7.2353e-10 -0.0355163
1180.16 5.47591e-10 5.19649e-10 -0.22746 7.45401e-10 7.59938e-10 0.0838827
1181.08 5.47718e-10 5.15738e-10 -0.261284 7.20364e-10 7.70889e-10 0.294393
1182.01 5.49892e-10 5.11729e-10 -0.312376 7.06287e-10 7.90397e-10 0.488637
1182.93 5.57012e-10 5.52305e-10 -0.0368488 6.85193e-10 7.78221e-10 0.552896
1183.86 6.1822e-10 5.91961e-10 -0.1885 7.43924e-10 7.82607e-10 0.220148
1184.78 6.22003e-10 5.8343e-10 -0.278039 7.72348e-10 8.27302e-10 0.298512
1185.71 6.07613e-10 5.58967e-10 -0.36241 7.35523e-10 7.96657e-10 0.346751
1186.63 5.52611e-10 5.19728e-10 -0.266439 7.45801e-10 7.82102e-10 0.206407
1187.56 5.5196e-10 5.03604e-10 -0.398181 7.74478e-10 7.22632e-10 -0.30092
1188.48 5.59122e-10 5.28831e-10 -0.241897 7.51629e-10 7.48741e-10 -0.0167164
1189.41 5.59149e-10 5.15751e-10 -0.350876 7.16893e-10 7.71937e-10 0.321274
1190.33 5.64339e-10 4.99891e-10 -0.526644 7.42755e-10 7.54648e-10 0.068987
1191.26 5.56356e-10 5.05822e-10 -0.413545 7.36283e-10 7.89957e-10 0.305585
1192.18 5.16046e-10 5.1499e-10 -0.00889281 7.21334e-10 7.56249e-10 0.205286
1193.11 5.10882e-10 5.60343e-10 0.401329 7.14689e-10 7.47387e-10 0.194285
1194.03 5.4052e-10 5.43824e-10 0.0264641 7.50859e-10 7.40428e-10 -0.0607582
1194.96 5.43166e-10 5.24005e-10 -0.155968 7.78651e-10 7.56977e-10 -0.122597
1195.88 5.48523e-10 5.33526e-10 -0.120399 7.37007e-10 7.68038e-10 0.179106
1196.81 5.24443e-10 5.13289e-10 -0.0933669 7.19641e-10 6.94761e-10 -0.152803
1197.73 5.2997e-10 5.28674e-10 -0.0106367 7.88029e-10 7.02771e-10 -0.497282
1198.66 5.35552e-10 5.20496e-10 -0.123847 7.6899e-10 7.34855e-10 -0.197191
1199.58 5.21946e-10 5.15067e-10 -0.0576152 7.68257e-10 7.47862e-10 -0.116855
1200.51 5.54628e-10 5.30497e-10 -0.193186 7.49642e-10 7.497e-10 0.000333696
1201.43 5.7388e-10 5.70015e-10 -0.0293431 7.37619e-10 7.5758e-10 0.115966
1202.36 5.2914e-10 5.58894e-10 0.237589 7.4207e-10 8.05004e-10 0.353531
1203.28 5.28126e-10 5.28909e-10 0.00643389 7.52385e-10 7.89552e-10 0.20941
1204.21 5.56296e-10 5.32967e-10 -0.186051 7.32942e-10 7.22593e-10 -0.0617611
1205.13 5.23103e-10 5.54588e-10 0.253827 7.32922e-10 7.29698e-10 -0.0191481
1206.05 5.50711e-10 5.26255e-10 -0.197274 7.47129e-10 7.28552e-10 -0.10935
1206.98 5.43127e-10 5.17735e-10 -0.207945 7.4172e-10 7.45206e-10 0.0203617
1207.9 5.22944e-10 5.37002e-10 0.115211 6.88206e-10 8.06952e-10 0.69129
1208.83 5.60988e-10 5.30922e-10 -0.239229 7.41763e-10 7.26192e-10 -0.0921381
1209.75 5.71479e-10 5.62926e-10 -0.0654872 7.28094e-10 7.15336e-10 -0.0767721
1210.68 5.53915e-10 5.47986e-10 -0.0467326 7.23574e-10 7.53221e-10 0.174397
1211.6 5.42232e-10 5.20909e-10 -0.174233 7.34914e-10 7.35318e-10 0.00238512
1212.53 5.57643e-10 5.51069e-10 -0.051502 7.43927e-10 7.42882e-10 -0.00610527
1213.45 5.5691e-10 5.3883e-10 -0.143339 7.80752e-10 7.41415e-10 -0.224522
1214.38 5.47703e-10 5.31607e-10 -0.129544 7.57166e-10 7.3533e-10 -0.127084
1215.3 5.30896e-10 5.6026e-10 0.233804 7.02598e-10 7.06039e-10 0.0212194
1216.23 5.38052e-10 5.59253e-10 0.167842 7.41998e-10 7.37644e-10 -0.0255587
1217.15 5.33707e-10 5.50773e-10 0.136699 7.85361e-10 7.36063e-10 -0.281544
1218.08 5.29469e-10 5.58244e-10 0.229831 7.213e-10 7.7918e-10 0.335216
1219 5.41979e-10 5.56286e-10 0.113155 6.99939e-10 7.7039e-10 0.416506
1219.93 5.67046e-10 5.10134e-10 -0.45934 7.13784e-10 7.23284e-10 0.0574196
1220.85 5.37425e-10 5.10219e-10 -0.225616 7.27827e-10 7.5306e-10 0.148017
1221.78 5.28502e-10 5.44771e-10 0.131672 7.17632e-10 7.87597e-10 0.404026
1222.7 5.6187e-10 5.35357e-10 -0.209922 7.67638e-10 7.76209e-10 0.0482192
1223.63 5.51926e-10 5.47515e-10 -0.0348426 7.5587e-10 7.31345e-10 -0.143245
1224.55 5.56011e-10 5.7793e-10 0.16792 7.36551e-10 7.82117e-10 0.260688
1225.48 5.40463e-10 5.33839e-10 -0.0535532 7.14294e-10 7.79947e-10 0.381883
1226.4 5.47388e-10 5.37355e-10 -0.0803331 7.2264e-10 7.61127e-10 0.225353
1227.33 5.41743e-10 5.62153e-10 0.160609 7.43812e-10 7.27541e-10 -0.096061
1228.25 5.26121e-10 5.44943e-10 0.152649 7.56392e-10 7.28883e-10 -0.160886
1229.18 5.16903e-10 5.23751e-10 0.0571567 7.25781e-10 7.08947e-10 -0.10192
1230.1 5.40932e-10 5.17933e-10 -0.188693 7.45834e-10 7.15723e-10 -0.178975
1231.03 5.40997e-10 5.56781e-10 0.124896 7.18434e-10 7.79465e-10 0.354101
1231.95 5.28864e-10 5.77743e-10 0.383909 7.33187e-10 7.9885e-10 0.372508
1232.88 5.31941e-10 5.5714e-10 0.201008 7.55122e-10 7.58624e-10 0.0200941
1233.8 5.38304e-10 5.59515e-10 0.167841 7.64055e-10 7.12256e-10 -0.304886
1234.73 5.30769e-10 5.53301e-10 0.180561 7.61959e-10 7.58454e-10 -0.0200191
1235.65 5.2654e-10 5.50059e-10 0.189779 7.38854e-10 7.52466e-10 0.0792874
1236.58 5.24784e-10 5.73674e-10 0.386842 7.11656e-10 7.41364e-10 0.17761
1237.5 5.1183e-10 5.71319e-10 0.477533 6.85269e-10 7.30524e-10 0.277732
1238.43 5.39835e-10 5.75867e-10 0.280608 7.18355e-10 7.49166e-10 0.182392
1239.35 5.73677e-10 5.73596e-10 -0.000613641 7.53989e-10 7.81238e-10 0.154187
1240.28 5.5938e-10 5.68393e-10 0.0694194 7.48838e-10 7.91064e-10 0.238235
1241.2 5.21831e-10 5.62436e-10 0.32543 7.34001e-10 7.25674e-10 -0.0495515
1242.13 5.10105e-10 5.30963e-10 0.174047 7.54798e-10 6.92845e-10 -0.371944
1243.05 5.39972e-10 5.57349e-10 0.137562 7.30658e-10 7.19132e-10 -0.0690557
1243.98 5.28899e-10 5.56962e-10 0.224522 7.32102e-10 7.59054e-10 0.157012
1244.9 5.43332e-10 5.46947e-10 0.0288027 7.19772e-10 7.78026e-10 0.33799
1245.83 5.31312e-10 5.44165e-10 0.103812 7.21289e-10 8.12525e-10 0.517276
1246.75 5.67753e-10 5.3961e-10 -0.220792 7.3474e-10 7.84997e-10 0.287345
1247.67 5.54199e-10 5.46309e-10 -0.0622738 7.47355e-10 7.39322e-10 -0.0469312
1248.6 5.71926e-10 5.44564e-10 -0.212909 7.42855e-10 6.94905e-10 -0.289791
1249.52 5.70873e-10 5.53924e-10 -0.130888 7.19331e-10 7.2734e-10 0.0480868
1250.45 5.23873e-10 5.60809e-10 0.295887 7.3905e-10 7.42174e-10 0.0183202
1251.37 5.3975e-10 5.42248e-10 0.0200532 8.16674e-10 7.24401e-10 -0.5207
1252.3 5.52177e-10 5.49512e-10 -0.0210128 7.76758e-10 7.50037e-10 -0.152028
1253.22 5.14835e-10 5.34669e-10 0.16417 7.18926e-10 7.3817e-10 0.114721
1254.15 5.08946e-10 5.39971e-10 0.256992 7.22319e-10 7.37377e-10 0.0896067
1255.07 5.16667e-10 5.5185e-10 0.286102 7.59782e-10 7.34619e-10 -0.146269
1256 5.17566e-10 5.24665e-10 0.0591587 7.38136e-10 7.11546e-10 -0.159335
1256.92 5.38394e-10 5.65535e-10 0.213593 7.25848e-10 7.52874e-10 0.158767
1257.85 5.31797e-10 5.50329e-10 0.148769 7.48801e-10 7.77754e-10 0.164758
1258.77 5.25354e-10 5.23713e-10 -0.0135889 7.39448e-10 7.83928e-10 0.253684
1259.7 5.15078e-10 5.71731e-10 0.453186 7.45627e-10 7.74442e-10 0.16467
1260.62 5.39113e-10 6.06501e-10 0.511517 7.69653e-10 7.90543e-10 0.116305
1261.55 5.43988e-10 5.7819e-10 0.264812 7.39484e-10 7.51814e-10 0.0718196
1262.47 5.63473e-10 5.4354e-10 -0.156412 7.02725e-10 7.24381e-10 0.131817
1263.4 5.76465e-10 5.41972e-10 -0.267956 7.26242e-10 7.29442e-10 0.0190969
1264.32 5.57373e-10 5.44611e-10 -0.100598 7.35373e-10 7.26474e-10 -0.0528747
1265.25 4.97876e-10 5.65017e-10 0.549396 6.89973e-10 7.50789e-10 0.366859
1266.17 5.01318e-10 5.46369e-10 0.373726 6.59575e-10 7.64048e-10 0.638563
1267.1 5.21831e-10 5.37062e-10 0.124947 6.92169e-10 7.81194e-10 0.525465
1268.02 5.28243e-10 5.64716e-10 0.289956 7.27374e-10 7.64106e-10 0.213963
1268.95 5.20429e-10 5.27819e-10 0.0612324 7.29148e-10 7.41632e-10 0.0737255
1269.87 5.33008e-10 5.25238e-10 -0.063774 7.45678e-10 7.45187e-10 -0.00286062
1270.8 5.78442e-10 5.39758e-10 -0.300609 7.51258e-10 7.55602e-10 0.0250425
1271.72 5.56569e-10 5.37761e-10 -0.149295 7.43493e-10 7.29871e-10 -0.0803076
1272.65 5.21636e-10 5.377e-10 0.131718 7.04874e-10 7.51005e-10 0.275315
1273.57 5.31624e-10 5.74423e-10 0.336271 7.12359e-10 7.81569e-10 0.402686
1274.5 5.28889e-10 5.74773e-10 0.361323 7.4886e-10 7.72247e-10 0.133558
1275.42 5.42177e-10 5.43528e-10 0.0108085 7.51698e-10 7.51222e-10 -0.00274837
1276.35 5.51548e-10 5.36029e-10 -0.123949 6.86347e-10 7.72011e-10 0.510801
1277.27 5.54022e-10 5.4645e-10 -0.0597718 6.86372e-10 8.07028e-10 0.703288
1278.2 5.48805e-10 5.44012e-10 -0.0380941 6.85686e-10 7.68895e-10 0.497414
1279.12 5.30595e-10 5.28222e-10 -0.0194669 7.00988e-10 7.38538e-10 0.226624
1280.05 5.33115e-10 5.64162e-10 0.245825 7.20591e-10 7.67152e-10 0.271928
1280.97 5.30926e-10 5.73004e-10 0.331235 6.99065e-10 7.79382e-10 0.472329
1281.9 5.46748e-10 5.39679e-10 -0.0565157 6.99812e-10 7.36365e-10 0.221116
1282.82 5.71194e-10 5.4275e-10 -0.221841 7.55849e-10 7.0038e-10 -0.331016
1283.75 5.53183e-10 5.71932e-10 0.144757 7.34958e-10 7.67653e-10 0.189026
1284.67 5.62493e-10 5.47111e-10 -0.120414 7.49963e-10 7.89193e-10 0.221434
1285.6 5.54797e-10 5.32388e-10 -0.179063 6.96449e-10 7.77003e-10 0.475334
1286.52 5.29704e-10 5.32623e-10 0.0238657 6.75498e-10 7.80152e-10 0.62555
1287.45 5.39027e-10 5.58796e-10 0.156426 6.98053e-10 7.78904e-10 0.475952
1288.37 5.65984e-10 5.74925e-10 0.0680687 7.23719e-10 7.46824e-10 0.136479
1289.29 5.65581e-10 6.18175e-10 0.386165 7.06816e-10 7.7101e-10 0.377536
1290.22 5.92947e-10 6.32931e-10 0.2834 7.38987e-10 7.95921e-10 0.322332
1291.14 7.12284e-10 6.99975e-10 -0.0757042 8.27523e-10 8.17028e-10 -0.0554284
1292.07 8.173e-10 7.6617e-10 -0.280565 8.53248e-10 8.15996e-10 -0.193873
1292.99 7.54283e-10 7.38474e-10 -0.091988 7.89215e-10 7.79745e-10 -0.0524305
1293.92 6.39463e-10 6.06664e-10 -0.228669 7.68775e-10 7.44598e-10 -0.138776
1294.84 5.60517e-10 5.66166e-10 0.0435499 6.83019e-10 7.67524e-10 0.506595
1295.77 5.22206e-10 5.59443e-10 0.299134 6.93185e-10 7.35416e-10 0.256838
1296.69 5.07211e-10 5.38869e-10 0.262943 7.10546e-10 6.93413e-10 -0.106004
1297.62 5.57313e-10 5.45704e-10 -0.0914159 7.3065e-10 7.37944e-10 0.0431374
1298.54 5.60339e-10 5.43625e-10 -0.131511 6.99853e-10 7.37175e-10 0.225635
1299.47 5.62455e-10 5.52162e-10 -0.0802175 6.68814e-10 7.46609e-10 0.477883
1300.39 5.48295e-10 5.73588e-10 0.195857 6.5909e-10 7.32049e-10 0.455957
1301.32 5.48908e-10 5.69596e-10 0.160672 6.98038e-10 7.13748e-10 0.0966592
1302.24 5.41065e-10 5.34763e-10 -0.050885 7.3991e-10 7.11082e-10 -0.172595
1303.17 5.46129e-10 5.47368e-10 0.00984157 6.87479e-10 7.38045e-10 0.308229
1304.09 5.51035e-10 5.62239e-10 0.0874169 6.66727e-10 7.50883e-10 0.516241
1305.02 5.22536e-10 5.62291e-10 0.318452 6.79896e-10 7.7909e-10 0.59145
1305.94 5.34461e-10 5.63618e-10 0.230693 6.99944e-10 7.45983e-10 0.276654
1306.87 5.326e-10 5.67568e-10 0.276166 7.31475e-10 7.06103e-10 -0.153311
1307.79 5.43486e-10 5.94539e-10 0.389919 7.54963e-10 7.16173e-10 -0.229075
1308.72 5.49695e-10 5.59641e-10 0.0778783 7.34087e-10 7.6891e-10 0.201281
1309.64 5.69584e-10 5.55095e-10 -0.111906 7.41126e-10 7.41124e-10 -1.21784e-05
1310.57 5.96163e-10 5.46166e-10 -0.380404 7.01332e-10 6.8786e-10 -0.0842372
1311.49 5.48628e-10 5.36515e-10 -0.0969599 6.9337e-10 7.36051e-10 0.259432
1312.42 5.53305e-10 5.48085e-10 -0.0411693 7.18537e-10 7.64004e-10 0.266466
1313.34 5.73337e-10 5.23576e-10 -0.394302 7.38133e-10 7.27247e-10 -0.0645247
1314.27 5.95994e-10 5.72113e-10 -0.177603 7.20178e-10 7.38484e-10 0.109011
1315.19 5.90912e-10 5.73096e-10 -0.132956 7.33032e-10 7.13337e-10 -0.118285
1316.12 5.75785e-10 5.71473e-10 -0.032651 7.4743e-10 7.17075e-10 -0.18006
1317.04 5.56716e-10 5.55457e-10 -0.00983532 7.10203e-10 7.24509e-10 0.0866117
1317.97 5.69015e-10 5.42335e-10 -0.208565 7.06362e-10 7.29128e-10 0.137759
1318.89 5.9691e-10 5.68809e-10 -0.209422 7.05924e-10 7.65828e-10 0.353734
1319.82 5.97986e-10 5.76662e-10 -0.157696 7.12122e-10 7.53408e-10 0.244756
1320.74 5.78244e-10 5.55962e-10 -0.170661 7.00717e-10 7.18616e-10 0.109541
1321.67 5.92268e-10 5.63358e-10 -0.217337 7.34473e-10 7.12002e-10 -0.134947
1322.59 5.93778e-10 5.73266e-10 -0.152679 7.35677e-10 7.0937e-10 -0.158141
1323.52 5.8336e-10 5.82974e-10 -0.00287536 7.4515e-10 6.94056e-10 -0.308492
1324.44 6.04247e-10 6.06038e-10 0.0128531 7.45697e-10 7.35363e-10 -0.0606098
1325.37 5.94975e-10 5.97845e-10 0.0208984 7.35241e-10 7.64583e-10 0.169948
1326.29 5.95562e-10 5.45299e-10 -0.382926 7.22763e-10 7.5738e-10 0.203174
1327.22 6.04583e-10 5.59051e-10 -0.340045 6.90215e-10 7.32065e-10 0.255656
1328.14 6.08353e-10 6.11834e-10 0.0247813 7.30879e-10 7.45605e-10 0.0866325
1329.06 5.79964e-10 5.91334e-10 0.0843137 7.64058e-10 7.61211e-10 -0.0162175
1329.99 5.83199e-10 5.8285e-10 -0.00260137 7.10935e-10 7.48066e-10 0.221101
1330.91 5.82953e-10 6.19078e-10 0.261117 6.95797e-10 7.54523e-10 0.3519
1331.84 5.82229e-10 5.97728e-10 0.114096 6.87746e-10 7.56134e-10 0.411707
1332.76 5.79975e-10 5.78825e-10 -0.00862006 6.97954e-10 7.21442e-10 0.143749
1333.69 5.72111e-10 5.85015e-10 0.0968696 7.11518e-10 7.05649e-10 -0.0359741
1334.61 5.93017e-10 5.78529e-10 -0.107419 7.21028e-10 7.00025e-10 -0.128382
1335.54 5.90144e-10 6.27901e-10 0.269333 7.47939e-10 7.4012e-10 -0.0456403
1336.46 5.52209e-10 6.43711e-10 0.665876 7.06103e-10 7.3664e-10 0.183871
1337.39 5.68346e-10 6.15156e-10 0.343725 6.87051e-10 7.55422e-10 0.412004
1338.31 5.85254e-10 6.04913e-10 0.14348 6.87377e-10 7.53772e-10 0.400449
1339.24 5.49566e-10 5.81776e-10 0.247361 7.04306e-10 7.1902e-10 0.089798
1340.16 5.66335e-10 5.80908e-10 0.110345 7.53338e-10 7.29953e-10 -0.136953
1341.09 6.07109e-10 6.00256e-10 -0.0492988 7.46405e-10 7.57318e-10 0.0630375
1342.01 5.92545e-10 6.12493e-10 0.143793 7.38913e-10 7.65495e-10 0.153492
1342.94 5.77794e-10 6.3592e-10 0.416296 7.43952e-10 7.58764e-10 0.0856198
1343.86 5.74807e-10 6.54439e-10 0.56347 7.52866e-10 7.90153e-10 0.209935
1344.79 5.94616e-10 7.03506e-10 0.730311 7.96716e-10 8.23659e-10 0.14444
1345.71 6.26904e-10 6.96955e-10 0.460038 8.2801e-10 8.8695e-10 0.298636
1346.64 6.33791e-10 6.53715e-10 0.134427 8.43101e-10 8.34192e-10 -0.046136
1347.56 5.82112e-10 6.16061e-10 0.246171 7.84788e-10 7.67971e-10 -0.0940748
1348.49 5.63053e-10 6.0233e-10 0.292853 7.03856e-10 8.02941e-10 0.571996
1349.41 5.47333e-10 6.09193e-10 0.465033 7.11705e-10 7.73788e-10 0.363217
1350.34 5.46131e-10 6.292e-10 0.614914 7.41819e-10 7.53552e-10 0.0681507
1351.26 5.47871e-10 5.99915e-10 0.394118 7.23671e-10 8.00391e-10 0.437612
1352.19 5.56119e-10 6.4615e-10 0.651657 7.03044e-10 8.20069e-10 0.668679
1353.11 5.82598e-10 6.35943e-10 0.380495 7.10682e-10 7.90276e-10 0.461033
1354.04 5.60402e-10 6.0801e-10 0.354104 7.05763e-10 7.75928e-10 0.411626
1354.96 5.27661e-10 6.08338e-10 0.617899 7.431e-10 7.64073e-10 0.120879
1355.89 5.33573e-10 5.78866e-10 0.353843 7.60521e-10 7.80212e-10 0.111013
1356.81 5.72249e-10 6.31877e-10 0.430474 6.92643e-10 8.03932e-10 0.647099
1357.74 5.51589e-10 6.20241e-10 0.509451 6.81309e-10 7.94801e-10 0.669143
1358.66 5.45434e-10 6.05735e-10 0.455408 6.76641e-10 7.40894e-10 0.393976
1359.59 5.65255e-10 5.62142e-10 -0.0239803 6.67493e-10 7.32664e-10 0.404584
1360.51 5.60359e-10 6.08467e-10 0.357704 7.0242e-10 7.50975e-10 0.290287
1361.44 5.29937e-10 6.12658e-10 0.629938 7.08578e-10 7.43351e-10 0.208062
1362.36 5.19767e-10 6.07633e-10 0.678326 7.08346e-10 7.75726e-10 0.394629
1363.29 5.27787e-10 5.90373e-10 0.486677 7.05639e-10 7.84902e-10 0.46233
1364.21 5.55032e-10 5.93123e-10 0.288266 7.02129e-10 7.38583e-10 0.219824
1365.14 5.23583e-10 6.03636e-10 0.617894 6.87909e-10 7.47006e-10 0.357932
1366.06 5.04735e-10 6.04796e-10 0.785456 6.76934e-10 7.38946e-10 0.380662
1366.99 5.51871e-10 6.13488e-10 0.459685 6.99496e-10 7.32784e-10 0.201908
1367.91 5.34815e-10 6.16725e-10 0.618875 7.12204e-10 7.30746e-10 0.111623
1368.84 5.2058e-10 5.80603e-10 0.473914 6.63662e-10 7.92648e-10 0.771335
1369.76 5.24787e-10 6.05537e-10 0.621575 6.79317e-10 7.89742e-10 0.654131
1370.68 5.33652e-10 5.78948e-10 0.353812 6.88494e-10 7.52343e-10 0.385158
1371.61 5.24872e-10 5.82807e-10 0.454716 6.62475e-10 7.25354e-10 0.393804
1372.53 5.08013e-10 5.66673e-10 0.474576 6.74969e-10 7.40236e-10 0.400864
1373.46 5.40994e-10 6.11567e-10 0.532519 6.95722e-10 7.78275e-10 0.486972
1374.38 5.43995e-10 6.21209e-10 0.576432 6.93039e-10 7.60551e-10 0.40371
1375.31 5.29582e-10 5.96541e-10 0.517074 6.83718e-10 7.73275e-10 0.534575
1376.23 5.17541e-10 5.92522e-10 0.587595 6.79659e-10 7.57625e-10 0.471635
1377.16 5.33264e-10 5.38412e-10 0.0417221 7.05192e-10 7.48925e-10 0.261306
1378.08 5.18351e-10 5.59877e-10 0.334691 7.12733e-10 7.28504e-10 0.0950505
1379.01 5.30486e-10 6.08275e-10 0.594258 7.111e-10 7.28368e-10 0.104201
1379.93 5.17534e-10 6.0259e-10 0.660833 6.81304e-10 7.12075e-10 0.19185
1380.86 5.19755e-10 6.024e-10 0.640857 6.88362e-10 7.50756e-10 0.376815
1381.78 5.27136e-10 6.03001e-10 0.583954 7.05991e-10 7.62622e-10 0.335104
1382.71 5.17928e-10 5.88199e-10 0.552549 6.86035e-10 7.3927e-10 0.32457
1383.63 5.45836e-10 5.7865e-10 0.253542 6.88028e-10 7.47693e-10 0.361173
1384.56 5.45644e-10 5.80345e-10 0.267766 6.93277e-10 7.28478e-10 0.215097
1385.48 5.17786e-10 5.81879e-10 0.506824 6.92633e-10 7.40294e-10 0.289012
1386.41 5.16367e-10 5.91166e-10 0.587504 6.85886e-10 7.55962e-10 0.422481
1387.33 5.50148e-10 6.08155e-10 0.435348 6.96768e-10 7.06303e-10 0.0590266
1388.26 5.46623e-10 5.75744e-10 0.225415 6.80317e-10 7.07304e-10 0.168947
1389.18 5.26476e-10 5.56421e-10 0.240247 6.77719e-10 7.09425e-10 0.198571
1390.11 5.24938e-10 5.52447e-10 0.221829 6.93769e-10 7.38793e-10 0.273082
1391.03 5.21793e-10 5.53006e-10 0.252315 7.56271e-10 7.40411e-10 -0.0920466
1391.96 5.12574e-10 5.78973e-10 0.529019 7.20968e-10 7.30549e-10 0.0573354
1392.88 5.20873e-10 5.93722e-10 0.568514 6.88841e-10 7.02222e-10 0.0835505
1393.81 5.59557e-10 5.87142e-10 0.208984 6.72314e-10 7.24312e-10 0.323534
1394.73 5.41805e-10 5.68344e-10 0.207677 6.83592e-10 7.30359e-10 0.287393
1395.66 5.27078e-10 5.69418e-10 0.335564 6.68815e-10 7.08413e-10 0.249808
1396.58 5.17956e-10 5.66225e-10 0.38696 6.80139e-10 6.79788e-10 -0.00223928
1397.51 5.16063e-10 5.48575e-10 0.265335 7.07263e-10 7.09561e-10 0.0140868
1398.43 5.12293e-10 5.42822e-10 0.251395 7.07128e-10 7.37455e-10 0.182379
1399.36 5.33899e-10 5.95487e-10 0.474128 7.13594e-10 7.50939e-10 0.221531
1400.28 5.55429e-10 6.00872e-10 0.341535 7.44536e-10 7.30962e-10 -0.0799091
1401.21 5.61944e-10 5.6902e-10 0.0543436 7.13614e-10 7.29079e-10 0.0931169
1402.13 5.5043e-10 5.75127e-10 0.190615 7.01869e-10 7.13919e-10 0.0739287
1403.06 5.27475e-10 5.80016e-10 0.412385 6.66586e-10 6.76893e-10 0.0666379
1403.98 5.44089e-10 6.02341e-10 0.441725 6.89324e-10 6.75899e-10 -0.0854123
1404.91 5.50972e-10 5.99378e-10 0.365712 7.14676e-10 6.99772e-10 -0.0915237
1405.83 5.26095e-10 5.7682e-10 0.399767 6.87976e-10 7.18363e-10 0.187706
1406.76 5.33746e-10 5.7622e-10 0.332535 6.68193e-10 7.44442e-10 0.46929
1407.68 5.17833e-10 5.799e-10 0.491638 6.95885e-10 7.74702e-10 0.465973
1408.61 5.33887e-10 5.99246e-10 0.50156 6.94778e-10 7.50219e-10 0.333417
1409.53 5.37922e-10 5.76444e-10 0.300373 6.91487e-10 7.04962e-10 0.0838194
1410.46 4.9909e-10 5.4738e-10 0.401097 6.69201e-10 6.55263e-10 -0.091412
1411.38 4.89722e-10 5.68174e-10 0.645318 6.75886e-10 6.93778e-10 0.113472
1412.3 4.95323e-10 5.55607e-10 0.498793 6.66683e-10 7.57908e-10 0.55697
1413.23 5.20983e-10 5.60142e-10 0.314742 6.6983e-10 7.59064e-10 0.543134
1414.15 5.16337e-10 5.95944e-10 0.622723 6.88158e-10 7.36659e-10 0.295784
1415.08 5.23268e-10 6.03816e-10 0.621802 7.08222e-10 7.14566e-10 0.038726
1416 5.29085e-10 6.00338e-10 0.5487 7.23889e-10 7.07274e-10 -0.100843
1416.93 4.9938e-10 6.12974e-10 0.89011 6.80586e-10 6.94444e-10 0.0875415
1417.85 5.19014e-10 6.23896e-10 0.799337 6.47514e-10 6.94159e-10 0.3021
1418.78 5.03998e-10 5.7718e-10 0.588824 6.60384e-10 7.21191e-10 0.382537
1419.7 5.21158e-10 5.8887e-10 0.530495 6.71518e-10 7.08184e-10 0.23088
1420.63 5.42076e-10 5.88284e-10 0.355265 6.7142e-10 6.81446e-10 0.0643752
1421.55 5.39e-10 5.76728e-10 0.293822 6.70129e-10 7.54995e-10 0.517855
1422.48 5.00025e-10 5.90086e-10 0.719242 6.84956e-10 7.04963e-10 0.125036
1423.4 4.99769e-10 5.91251e-10 0.730026 6.72232e-10 7.13102e-10 0.256323
1424.33 5.25265e-10 6.19643e-10 0.717634 6.75122e-10 7.37695e-10 0.384947
1425.25 5.40493e-10 5.94251e-10 0.411799 7.09499e-10 7.15292e-10 0.0353108
1426.18 5.25288e-10 5.86138e-10 0.476021 6.78013e-10 7.09072e-10 0.194522
1427.1 5.09718e-10 5.87141e-10 0.614126 7.05316e-10 6.89954e-10 -0.0956385
1428.03 5.28804e-10 5.73166e-10 0.349856 7.15157e-10 6.85209e-10 -0.185779
1428.95 5.4125e-10 5.37918e-10 -0.026819 6.90752e-10 6.80204e-10 -0.0668337
1429.88 5.46502e-10 5.56733e-10 0.0805465 6.99315e-10 6.84652e-10 -0.0920339
1430.8 5.22394e-10 5.35973e-10 0.111453 7.06926e-10 7.28235e-10 0.128974
1431.73 5.22631e-10 5.63691e-10 0.328456 6.91622e-10 7.19155e-10 0.169541
1432.65 5.2651e-10 5.81447e-10 0.431041 6.85012e-10 7.08081e-10 0.143846
1433.58 5.36743e-10 5.70153e-10 0.262248 7.17872e-10 7.03e-10 -0.0909142
1434.5 5.48738e-10 5.68645e-10 0.154759 7.29414e-10 7.1146e-10 -0.108237
1435.43 5.16482e-10 5.99806e-10 0.649549 6.9098e-10 7.03295e-10 0.0767221
1436.35 5.19716e-10 5.93646e-10 0.577613 6.68172e-10 6.89227e-10 0.134739
1437.28 5.25363e-10 5.69162e-10 0.347758 6.60555e-10 6.90877e-10 0.194917
1438.2 5.3109e-10 5.41317e-10 0.0828351 6.70203e-10 7.09121e-10 0.245143
1439.13 5.22343e-10 5.50783e-10 0.230247 6.7788e-10 7.58279e-10 0.48676
1440.05 5.05368e-10 5.59035e-10 0.438312 6.88071e-10 7.19833e-10 0.195987
1440.98 5.14183e-10 5.83331e-10 0.547969 6.74645e-10 7.1067e-10 0.225932
1441.9 5.52667e-10 6.05151e-10 0.394007 6.64447e-10 7.47207e-10 0.509808
1442.83 5.28844e-10 5.7463e-10 0.360607 6.56466e-10 7.03731e-10 0.30194
1443.75 5.13029e-10 5.75901e-10 0.502064 6.7401e-10 6.83249e-10 0.0591282
1444.68 5.19332e-10 5.44783e-10 0.207785 6.89953e-10 7.02418e-10 0.0777619
1445.6 5.36295e-10 5.60078e-10 0.188444 7.10118e-10 7.08408e-10 -0.0104659
1446.53 5.05452e-10 5.44117e-10 0.320121 7.28998e-10 7.24948e-10 -0.0241925
1447.45 4.95783e-10 5.47107e-10 0.42781 6.8105e-10 7.15011e-10 0.211336
1448.38 5.55469e-10 5.71877e-10 0.126431 6.8627e-10 6.88643e-10 0.0149868
1449.3 5.49809e-10 5.70529e-10 0.160664 6.91242e-10 6.91088e-10 -0.000969447
1450.23 5.25665e-10 5.55436e-10 0.239248 6.68607e-10 6.95124e-10 0.168911
1451.15 5.09869e-10 5.32e-10 0.184529 6.65332e-10 7.23809e-10 0.365855
1452.08 5.27669e-10 5.22475e-10 -0.0429566 6.9347e-10 7.14814e-10 0.131656
1453 5.15451e-10 5.39552e-10 0.198459 6.44537e-10 6.76013e-10 0.207078
1453.92 5.0137e-10 5.7696e-10 0.609876 6.96891e-10 6.93293e-10 -0.0224749
1454.85 5.31573e-10 6.01764e-10 0.538631 6.9759e-10 6.80087e-10 -0.110353
1455.77 5.32268e-10 5.93587e-10 0.473545 7.13301e-10 7.10912e-10 -0.0145699
1456.7 5.33757e-10 5.58909e-10 0.199976 6.85608e-10 7.2082e-10 0.21751
1457.62 5.55598e-10 5.79197e-10 0.180652 6.72453e-10 7.28106e-10 0.345328
1458.55 5.39345e-10 5.94414e-10 0.422221 6.97591e-10 7.42058e-10 0.268372
1459.47 5.19688e-10 5.49371e-10 0.241231 6.906e-10 7.06038e-10 0.0960151
1460.4 5.27818e-10 5.70769e-10 0.339759 6.95835e-10 7.09086e-10 0.0819241
1461.32 5.55346e-10 5.95278e-10 0.30156 7.12069e-10 7.16439e-10 0.0265735
1462.25 5.46745e-10 5.69648e-10 0.178215 7.15259e-10 7.11406e-10 -0.0234614
1463.17 5.37162e-10 5.44483e-10 0.058793 7.08117e-10 7.00273e-10 -0.0483729
1464.1 5.29175e-10 5.68291e-10 0.309717 6.83057e-10 6.81788e-10 -0.00808114
1465.02 5.32837e-10 5.57177e-10 0.193987 6.66631e-10 7.01833e-10 0.223485
1465.95 5.12776e-10 5.55697e-10 0.349097 6.83162e-10 7.19111e-10 0.222717
1466.87 5.03095e-10 5.52166e-10 0.404196 6.94951e-10 7.57006e-10 0.371453
1467.8 5.15155e-10 5.77229e-10 0.494103 6.6499e-10 7.14953e-10 0.314625
1468.72 5.20982e-10 6.06946e-10 0.663272 6.56023e-10 6.91561e-10 0.229116
1469.65 5.30571e-10 5.66155e-10 0.281917 7.09986e-10 7.12908e-10 0.0178348
1470.57 5.3653e-10 5.44354e-10 0.0628699 6.79622e-10 7.10036e-10 0.19013
1471.5 5.10964e-10 5.62969e-10 0.420943 6.59884e-10 7.06903e-10 0.298919
1472.42 5.16224e-10 5.60151e-10 0.354667 6.39264e-10 6.94301e-10 0.358669
1473.35 5.4073e-10 5.63907e-10 0.182276 6.64751e-10 6.78597e-10 0.0895292
1474.27 5.17563e-10 6.02052e-10 0.656704 6.88989e-10 7.14067e-10 0.155265
1475.2 5.18459e-10 5.65285e-10 0.37553 6.65872e-10 7.27439e-10 0.384058
1476.12 5.09234e-10 5.64922e-10 0.450704 6.61154e-10 7.1945e-10 0.366974
1477.05 5.17956e-10 5.78688e-10 0.481523 6.74365e-10 7.25141e-10 0.315276
1477.97 5.51772e-10 5.77575e-10 0.198488 6.74159e-10 7.35165e-10 0.376223
1478.9 5.3263e-10 5.80888e-10 0.376664 7.04983e-10 7.02593e-10 -0.0147503
1479.82 5.31127e-10 5.61823e-10 0.244018 6.89086e-10 6.87544e-10 -0.00973164
1480.75 5.5457e-10 5.72172e-10 0.1357 6.76818e-10 6.58495e-10 -0.11919
1481.67 5.48996e-10 5.94644e-10 0.346878 6.55545e-10 6.60725e-10 0.0341814
1482.6 5.44144e-10 5.79756e-10 0.275311 6.70534e-10 6.72855e-10 0.0150067
1483.52 5.07824e-10 5.56988e-10 0.401326 6.78703e-10 6.60473e-10 -0.118245
1484.45 5.01209e-10 5.61237e-10 0.491276 7.18447e-10 6.69389e-10 -0.307166
1485.37 5.09531e-10 5.82885e-10 0.584119 6.76819e-10 6.95142e-10 0.11601
1486.3 5.39186e-10 6.01772e-10 0.476933 6.73211e-10 6.85275e-10 0.0771375
1487.22 5.43332e-10 5.87881e-10 0.342236 6.79522e-10 6.63957e-10 -0.10064
1488.15 5.13027e-10 5.62625e-10 0.400782 6.98343e-10 6.59606e-10 -0.247839
1489.07 5.10184e-10 5.72249e-10 0.498581 6.93618e-10 7.29267e-10 0.217657
1490 5.01054e-10 5.92282e-10 0.726443 7.07755e-10 7.43206e-10 0.212266
1490.92 5.13153e-10 6.0082e-10 0.684974 6.95689e-10 7.07913e-10 0.07565
1491.85 4.94373e-10 6.29964e-10 1.05261 6.82764e-10 6.94975e-10 0.0769879
1492.77 5.02585e-10 6.02707e-10 0.788965 7.06932e-10 7.13496e-10 0.040135
1493.7 5.17553e-10 5.76275e-10 0.46675 7.11614e-10 6.85054e-10 -0.1652
1494.62 5.3083e-10 5.8004e-10 0.385023 7.05076e-10 6.74905e-10 -0.189928
1495.54 5.42382e-10 5.73363e-10 0.241242 7.0243e-10 6.86684e-10 -0.0984609
1496.47 5.68832e-10 5.72653e-10 0.0290779 6.81114e-10 6.92231e-10 0.0703131
1497.39 5.36366e-10 6.05756e-10 0.528371 6.71421e-10 7.0924e-10 0.237989
1498.32 5.30253e-10 6.03242e-10 0.560087 6.48581e-10 7.01061e-10 0.337918
1499.24 5.46663e-10 5.97839e-10 0.388648 6.57317e-10 7.07198e-10 0.317656
1500.17 5.47118e-10 5.95146e-10 0.365429 6.85138e-10 7.08522e-10 0.145754
1501.09 5.44018e-10 5.78168e-10 0.26441 7.14329e-10 7.21942e-10 0.0460392
1502.02 5.38599e-10 5.86975e-10 0.373536 6.58803e-10 7.23933e-10 0.409432
1502.94 5.60745e-10 5.76766e-10 0.122344 6.50247e-10 7.09712e-10 0.380041
1503.87 5.42999e-10 5.51563e-10 0.0679639 6.69836e-10 6.66568e-10 -0.0212395
1504.79 5.10014e-10 5.70994e-10 0.490496 6.5009e-10 6.63613e-10 0.0894144
1505.72 5.27861e-10 5.70858e-10 0.340089 6.6363e-10 7.00414e-10 0.234288
1506.64 5.32615e-10 5.83203e-10 0.394069 6.7657e-10 7.01771e-10 0.158828
1507.57 5.26953e-10 6.13317e-10 0.659134 6.46054e-10 7.32572e-10 0.545815
1508.49 5.53684e-10 5.93603e-10 0.30234 6.48248e-10 7.46332e-10 0.611911
1509.42 5.57113e-10 5.88597e-10 0.238752 6.38714e-10 7.11178e-10 0.466721
1510.34 5.51099e-10 5.85225e-10 0.260936 7.02132e-10 6.97542e-10 -0.0284864
1511.27 5.47871e-10 5.80117e-10 0.248376 6.69719e-10 7.17193e-10 0.297429
1512.19 5.05818e-10 5.17116e-10 0.0959299 6.87871e-10 6.84097e-10 -0.0238941
1513.12 4.93962e-10 5.29446e-10 0.30128 6.91699e-10 6.92617e-10 0.00575662
1514.04 5.18282e-10 5.67119e-10 0.391082 6.78516e-10 7.18764e-10 0.250264
1514.97 5.2532e-10 5.93966e-10 0.533372 6.8064e-10 6.84348e-10 0.0235944
1515.89 5.11618e-10 5.86323e-10 0.591916 6.70831e-10 7.07069e-10 0.228486
1516.82 5.18214e-10 6.00077e-10 0.636982 7.11844e-10 7.04729e-10 -0.0436275
1517.74 5.45473e-10 6.29917e-10 0.625098 7.23615e-10 7.38174e-10 0.086512
1518.67 5.51927e-10 6.05665e-10 0.403505 7.05986e-10 7.31502e-10 0.154193
1519.59 5.42439e-10 5.76119e-10 0.261611 7.1568e-10 7.06388e-10 -0.0567547
1520.52 5.49612e-10 5.56008e-10 0.0502483 7.06668e-10 6.77399e-10 -0.183708
1521.44 5.17902e-10 5.55872e-10 0.307275 6.90943e-10 6.69672e-10 -0.135803
1522.37 5.22742e-10 5.6488e-10 0.336691 6.62453e-10 6.90501e-10 0.180097
1523.29 5.34541e-10 5.64112e-10 0.233844 6.6509e-10 7.07115e-10 0.266101
1524.22 5.32921e-10 5.52595e-10 0.157436 6.75665e-10 7.08132e-10 0.203825
1525.14 5.21145e-10 5.53773e-10 0.263735 7.1269e-10 6.89102e-10 -0.14617
1526.07 5.23221e-10 5.78228e-10 0.434141 7.02417e-10 7.00479e-10 -0.0120027
1526.99 5.55743e-10 5.87508e-10 0.241397 6.83486e-10 7.0091e-10 0.109323
1527.92 5.44094e-10 5.98915e-10 0.416911 6.68622e-10 6.35026e-10 -0.223894
1528.84 5.24213e-10 6.1121e-10 0.666827 6.52686e-10 6.6784e-10 0.0996809
1529.77 5.38927e-10 5.99868e-10 0.465256 6.76979e-10 6.67876e-10 -0.0587932
1530.69 5.12937e-10 5.64246e-10 0.414048 6.59138e-10 6.31012e-10 -0.189384
1531.62 5.2578e-10 5.54308e-10 0.229471 6.76427e-10 6.4172e-10 -0.228755
1532.54 5.43868e-10 5.63453e-10 0.153644 6.78746e-10 6.96095e-10 0.109607
1533.47 5.26509e-10 5.51145e-10 0.198599 6.71967e-10 6.65224e-10 -0.0437979
1534.39 5.09031e-10 5.82415e-10 0.584883 6.48944e-10 6.73739e-10 0.162845
1535.32 5.00462e-10 5.54734e-10 0.447136 6.699e-10 6.88311e-10 0.117743
1536.24 5.01894e-10 5.61929e-10 0.490694 6.905e-10 7.00077e-10 0.0598185
1537.16 5.3884e-10 5.68523e-10 0.232881 6.42289e-10 7.10501e-10 0.438347
1538.09 5.35102e-10 5.80946e-10 0.35699 6.57892e-10 6.79677e-10 0.14148
1539.01 5.04869e-10 5.82688e-10 0.622572 6.71286e-10 7.26271e-10 0.341913
1539.94 4.82295e-10 5.77628e-10 0.783349 6.79948e-10 7.11141e-10 0.194801
1540.86 5.06113e-10 5.6003e-10 0.439636 6.91613e-10 6.82978e-10 -0.0545651
1541.79 5.03947e-10 5.48873e-10 0.370876 6.92816e-10 7.0336e-10 0.0655961
1542.71 5.11531e-10 5.71507e-10 0.481495 6.66577e-10 7.09139e-10 0.268814
1543.64 5.12632e-10 5.57681e-10 0.365799 6.57886e-10 6.53805e-10 -0.0270209
1544.56 5.04595e-10 5.45462e-10 0.338223 6.38046e-10 6.71414e-10 0.221388
1545.49 5.51761e-10 5.57259e-10 0.0430614 6.86437e-10 6.61088e-10 -0.163415
1546.41 5.20262e-10 5.42131e-10 0.178815 7.01584e-10 6.9298e-10 -0.0535872
1547.34 5.24716e-10 5.3698e-10 0.100341 7.30887e-10 6.89805e-10 -0.25124
1548.26 5.19992e-10 5.87681e-10 0.531453 6.82669e-10 7.12788e-10 0.187505
1549.19 5.09777e-10 5.85686e-10 0.602848 6.78739e-10 6.99738e-10 0.132326
1550.11 5.17499e-10 5.49723e-10 0.262341 6.76769e-10 6.82331e-10 0.0355493
1551.04 5.48305e-10 5.40762e-10 -0.060161 6.74589e-10 6.60225e-10 -0.0934727
1551.96 5.45112e-10 5.46427e-10 0.0104688 6.56394e-10 6.67035e-10 0.0698346
1552.89 5.35665e-10 5.76253e-10 0.317197 6.48803e-10 6.68257e-10 0.128304
1553.81 5.22412e-10 5.71527e-10 0.390234 6.22255e-10 6.82997e-10 0.404504
1554.74 5.12769e-10 5.71808e-10 0.473287 6.40565e-10 6.90176e-10 0.32397
1555.66 5.33281e-10 5.82041e-10 0.379974 6.84793e-10 7.01669e-10 0.105732
1556.59 5.2577e-10 6.03907e-10 0.601744 6.76794e-10 6.55326e-10 -0.139988
1557.51 5.14127e-10 5.55046e-10 0.332589 6.61256e-10 6.62837e-10 0.0103694
1558.44 5.32829e-10 5.74075e-10 0.323804 6.67181e-10 6.82275e-10 0.0971601
1559.36 5.36679e-10 5.88144e-10 0.397686 6.99109e-10 6.89565e-10 -0.0596973
1560.29 5.21661e-10 5.6495e-10 0.346213 6.72486e-10 7.15574e-10 0.269714
1561.21 5.13156e-10 5.78096e-10 0.517509 6.65989e-10 7.32032e-10 0.410635
1562.14 5.16486e-10 5.61631e-10 0.363931 6.46243e-10 6.93929e-10 0.309197
1563.06 5.34468e-10 5.80056e-10 0.355488 6.73883e-10 6.80343e-10 0.041438
1563.99 5.35612e-10 5.85633e-10 0.387754 6.96502e-10 6.62323e-10 -0.218528
1564.91 5.14284e-10 5.60327e-10 0.372385 7.14065e-10 6.28799e-10 -0.552255
1565.84 5.02932e-10 5.47944e-10 0.372267 6.72009e-10 6.68056e-10 -0.0256223
1566.76 5.07649e-10 5.59276e-10 0.420624 6.64087e-10 6.9645e-10 0.206654
1567.69 5.19908e-10 5.96092e-10 0.593865 6.86483e-10 7.10758e-10 0.150919
1568.61 5.02927e-10 5.94498e-10 0.726453 6.79702e-10 7.31917e-10 0.321431
1569.54 5.1781e-10 5.79261e-10 0.487043 6.81109e-10 7.11425e-10 0.189121
1570.46 5.29608e-10 5.48919e-10 0.155531 7.1119e-10 6.54625e-10 -0.359936
1571.39 5.32757e-10 5.87087e-10 0.421737 7.04051e-10 6.75972e-10 -0.176753
1572.31 5.66605e-10 5.75123e-10 0.0647987 6.57032e-10 6.6178e-10 0.0312699
1573.24 5.49595e-10 5.6803e-10 0.143288 6.30336e-10 6.9656e-10 0.433863
1574.16 5.19521e-10 5.7474e-10 0.438683 6.32298e-10 7.01113e-10 0.448662
1575.09 5.07954e-10 5.56298e-10 0.394829 6.35934e-10 7.23413e-10 0.55974
1576.01 4.72214e-10 5.71127e-10 0.825939 6.65041e-10 7.15937e-10 0.320263
1576.94 5.08265e-10 5.91264e-10 0.656914 6.6817e-10 6.98046e-10 0.18997
1577.86 5.2875e-10 5.6692e-10 0.30272 6.86811e-10 6.88944e-10 0.0134638
1578.78 5.20242e-10 5.86842e-10 0.523154 6.74488e-10 6.57459e-10 -0.111059
1579.71 5.20568e-10 5.83609e-10 0.496445 6.7023e-10 6.54064e-10 -0.106036
1580.63 4.96469e-10 5.80423e-10 0.678527 6.79565e-10 6.65683e-10 -0.089636
1581.56 4.94186e-10 5.84487e-10 0.728838 6.68475e-10 7.30461e-10 0.38512
1582.48 4.87984e-10 6.00288e-10 0.899545 6.83474e-10 7.16325e-10 0.20388
1583.41 5.05191e-10 5.96707e-10 0.723056 6.84765e-10 7.14627e-10 0.18538
1584.33 5.2844e-10 5.64088e-10 0.28351 7.22745e-10 7.22405e-10 -0.00204287
1585.26 5.24813e-10 5.7586e-10 0.403124 7.07896e-10 7.25595e-10 0.10725
1586.18 5.12786e-10 5.60373e-10 0.385408 7.01795e-10 6.83089e-10 -0.117327
1587.11 5.05104e-10 5.5684e-10 0.423493 6.65076e-10 6.63696e-10 -0.0090189
1588.03 5.045e-10 5.61186e-10 0.462459 6.40194e-10 7.09931e-10 0.449042
1588.96 5.12156e-10 5.51113e-10 0.318384 6.4562e-10 7.34736e-10 0.561544
1589.88 5.20711e-10 5.4115e-10 0.167208 6.31977e-10 7.21541e-10 0.575592
1590.81 5.11922e-10 5.67928e-10 0.450896 6.60739e-10 7.14675e-10 0.340785
1591.73 4.9195e-10 5.64007e-10 0.59363 6.62483e-10 6.87764e-10 0.16265
1592.66 5.24452e-10 5.73949e-10 0.391677 6.86662e-10 6.68982e-10 -0.113284
1593.58 5.53101e-10 5.60017e-10 0.0539752 7.06805e-10 6.83088e-10 -0.14823
1594.51 5.46687e-10 5.50251e-10 0.028222 7.15166e-10 6.79448e-10 -0.222506
1595.43 5.36798e-10 5.55138e-10 0.145894 6.87576e-10 6.49219e-10 -0.249295
1596.36 5.11835e-10 5.83735e-10 0.570852 6.75074e-10 6.75549e-10 0.00305641
1597.28 4.90039e-10 6.09391e-10 0.946647 6.69424e-10 6.85871e-10 0.10541
1598.21 4.82185e-10 5.78013e-10 0.787241 6.70446e-10 6.76845e-10 0.0412574
1599.13 4.89172e-10 5.75703e-10 0.707374 6.79894e-10 7.12971e-10 0.206305
1600.06 5.21663e-10 5.99246e-10 0.602146 6.77038e-10 7.37382e-10 0.370794
1600.98 5.11254e-10 5.95721e-10 0.664057 7.25419e-10 7.38116e-10 0.0753558
1601.91 5.2047e-10 5.70186e-10 0.396204 6.93771e-10 7.14038e-10 0.125053
1602.83 5.14271e-10 5.67427e-10 0.427181 6.67267e-10 7.14154e-10 0.294926
1603.76 4.84612e-10 5.57965e-10 0.612128 6.76713e-10 7.15464e-10 0.241835
1604.68 4.89219e-10 5.41514e-10 0.441067 6.56595e-10 7.16701e-10 0.380408
1605.61 4.94772e-10 5.39608e-10 0.376741 6.89983e-10 6.71485e-10 -0.118026
1606.53 5.36025e-10 5.73079e-10 0.290292 6.83327e-10 6.38595e-10 -0.294029
1607.46 5.27556e-10 5.79843e-10 0.410419 6.58331e-10 6.37743e-10 -0.137989
1608.38 5.39709e-10 5.91491e-10 0.397886 6.8339e-10 6.66694e-10 -0.107421
1609.31 5.09972e-10 5.77282e-10 0.538412 6.89935e-10 6.74258e-10 -0.0998252
1610.23 5.27275e-10 5.7496e-10 0.376007 6.90746e-10 6.78578e-10 -0.077185
1611.16 5.04337e-10 5.64485e-10 0.489312 6.93798e-10 7.11322e-10 0.108331
1612.08 4.98846e-10 5.54036e-10 0.455713 6.86011e-10 6.5582e-10 -0.195468
1613.01 4.99303e-10 5.65034e-10 0.537105 6.63232e-10 6.64526e-10 0.00846724
1613.93 5.22075e-10 5.70859e-10 0.387961 6.72204e-10 7.30074e-10 0.358661
1614.86 5.15229e-10 5.71755e-10 0.452091 6.83899e-10 6.81885e-10 -0.0128028
1615.78 5.34146e-10 5.62032e-10 0.221011 6.94991e-10 6.64351e-10 -0.195819
1616.71 5.23664e-10 5.29716e-10 0.0499036 6.86118e-10 6.83776e-10 -0.0148478
1617.63 5.23474e-10 5.54728e-10 0.251845 6.33469e-10 6.863e-10 0.347886
1618.56 5.30938e-10 5.53848e-10 0.183468 6.80733e-10 6.70836e-10 -0.0636041
1619.48 5.28537e-10 5.43175e-10 0.118644 6.94164e-10 7.09776e-10 0.0965937
1620.4 5.29352e-10 5.69647e-10 0.318615 6.53013e-10 6.82594e-10 0.192409
1621.33 5.50966e-10 5.97014e-10 0.348595 6.24688e-10 6.7844e-10 0.358485
1622.25 5.42946e-10 5.67665e-10 0.193357 6.54918e-10 6.81438e-10 0.172396
1623.18 5.26217e-10 5.52354e-10 0.210527 6.74102e-10 6.89543e-10 0.0983592
1624.1 5.31125e-10 5.71975e-10 0.321802 6.8733e-10 6.71699e-10 -0.0999079
1625.03 5.14291e-10 5.99456e-10 0.665489 6.92787e-10 7.13123e-10 0.12565
1625.95 5.30849e-10 5.89802e-10 0.457357 6.74804e-10 7.00161e-10 0.160202
1626.88 5.27125e-10 5.80688e-10 0.420289 6.51985e-10 6.77911e-10 0.169347
1627.8 5.26073e-10 5.81935e-10 0.43828 6.41606e-10 7.13634e-10 0.462072
1628.73 5.17617e-10 5.93168e-10 0.591693 6.88708e-10 7.0201e-10 0.0830791
1629.65 5.06976e-10 5.99589e-10 0.728666 6.96935e-10 7.12755e-10 0.0974739
1630.58 5.23796e-10 5.99416e-10 0.585667 6.54943e-10 6.61476e-10 0.0431015
1631.5 4.97484e-10 5.50121e-10 0.436793 6.67001e-10 6.8946e-10 0.143824
1632.43 4.96439e-10 5.4281e-10 0.387826 6.473e-10 6.59075e-10 0.0782908
1633.35 5.17556e-10 5.49629e-10 0.261123 6.29639e-10 6.24889e-10 -0.0328888
1634.28 5.19901e-10 5.70039e-10 0.399842 6.59597e-10 6.75743e-10 0.105025
1635.2 5.43934e-10 5.78491e-10 0.267505 6.78781e-10 7.01285e-10 0.141649
1636.13 5.35649e-10 5.47325e-10 0.093649 6.53382e-10 6.88117e-10 0.224951
1637.05 5.32718e-10 5.30285e-10 -0.0198824 6.73202e-10 6.35591e-10 -0.24968
1637.98 5.10681e-10 5.64658e-10 0.43636 6.96614e-10 6.48329e-10 -0.31197
1638.9 4.97588e-10 5.54118e-10 0.467328 6.89062e-10 6.71888e-10 -0.109615
1639.83 5.14344e-10 5.69361e-10 0.441343 6.84733e-10 6.81906e-10 -0.0179666
1640.75 5.35069e-10 5.88093e-10 0.410365 6.57369e-10 6.80365e-10 0.149333
1641.68 5.03401e-10 5.54822e-10 0.422398 6.4445e-10 6.56026e-10 0.077319
1642.6 4.81411e-10 5.76086e-10 0.779711 6.29055e-10 6.32122e-10 0.0211231
1643.53 5.10598e-10 5.89927e-10 0.627188 6.28964e-10 6.5455e-10 0.173165
1644.45 5.18379e-10 5.66037e-10 0.381975 6.8942e-10 6.73194e-10 -0.103435
1645.38 5.04536e-10 5.61134e-10 0.461744 6.99116e-10 7.19528e-10 0.124986
1646.3 4.84994e-10 5.66267e-10 0.672848 6.63962e-10 6.84713e-10 0.133656
1647.23 5.05039e-10 5.71621e-10 0.537835 6.54179e-10 6.69335e-10 0.0994657
1648.15 5.30875e-10 5.72819e-10 0.330247 6.70741e-10 6.81181e-10 0.0670785
1649.08 5.29233e-10 5.6378e-10 0.274628 6.86944e-10 6.52183e-10 -0.225517
1650 5.24074e-10 5.75783e-10 0.408665 7.30428e-10 6.41183e-10 -0.565953
1650.93 5.31522e-10 5.78159e-10 0.365266 6.61036e-10 6.73485e-10 0.0810278
1651.85 5.34363e-10 5.43109e-10 0.0705058 6.53534e-10 6.94558e-10 0.264403
1652.78 5.05389e-10 5.31557e-10 0.219236 6.93295e-10 6.87478e-10 -0.0365889
1653.7 4.98079e-10 5.50437e-10 0.434098 6.65528e-10 6.88232e-10 0.145683
1654.63 5.06725e-10 5.30314e-10 0.197608 6.64266e-10 6.60256e-10 -0.0262965
1655.55 5.20188e-10 5.2633e-10 0.0509809 6.86289e-10 6.41106e-10 -0.295771
1656.48 5.25857e-10 5.08353e-10 -0.147027 6.93334e-10 6.5848e-10 -0.224002
1657.4 5.48608e-10 5.56645e-10 0.063161 6.58471e-10 6.48176e-10 -0.0684426
1658.33 5.43416e-10 5.80501e-10 0.286705 6.62094e-10 6.98459e-10 0.232212
1659.25 5.36419e-10 5.96156e-10 0.458554 6.37574e-10 7.09942e-10 0.466919
1660.18 5.04016e-10 5.68222e-10 0.520737 6.33292e-10 6.86272e-10 0.348922
1661.1 5.23514e-10 5.60998e-10 0.30033 6.51107e-10 6.81588e-10 0.198701
1662.02 5.22552e-10 5.71998e-10 0.392654 6.5273e-10 6.90554e-10 0.244641
1662.95 5.16217e-10 5.49331e-10 0.270017 6.71638e-10 6.7229e-10 0.00421147
1663.87 5.16364e-10 5.39321e-10 0.188916 6.70554e-10 6.93955e-10 0.148972
1664.8 5.27362e-10 5.37425e-10 0.0820895 6.49366e-10 6.68687e-10 0.127334
1665.72 5.25662e-10 5.56206e-10 0.245296 6.57178e-10 6.9347e-10 0.233448
1666.65 5.19483e-10 5.55991e-10 0.29496 6.84896e-10 6.67876e-10 -0.109285
1667.57 5.23276e-10 5.81051e-10 0.454829 6.80445e-10 6.68056e-10 -0.0798049
1668.5 4.9476e-10 5.88674e-10 0.754798 6.32783e-10 6.80779e-10 0.317512
1669.42 5.1038e-10 5.69989e-10 0.479735 6.70174e-10 6.60585e-10 -0.0625917
1670.35 5.30647e-10 5.46093e-10 0.124608 7.00048e-10 6.51146e-10 -0.314496
1671.27 5.20626e-10 5.74202e-10 0.425391 6.71517e-10 6.94799e-10 0.148022
1672.2 5.21502e-10 5.20907e-10 -0.00496319 6.70815e-10 6.80753e-10 0.0638634
1673.12 5.22001e-10 5.24331e-10 0.0193396 7.0531e-10 6.32074e-10 -0.476119
1674.05 4.92507e-10 5.43663e-10 0.429173 6.96392e-10 6.5959e-10 -0.235798
1674.97 4.83556e-10 5.49299e-10 0.553622 6.41758e-10 6.57523e-10 0.105394
1675.9 5.0253e-10 5.69413e-10 0.542653 6.7031e-10 6.65691e-10 -0.0300286
1676.82 5.33725e-10 5.8513e-10 0.399346 6.94856e-10 6.90885e-10 -0.0248893
1677.75 5.38239e-10 5.6626e-10 0.220411 6.87195e-10 6.75458e-10 -0.0748132
1678.67 4.86656e-10 5.52315e-10 0.549648 6.98816e-10 6.87836e-10 -0.0687804
1679.6 4.84728e-10 5.55748e-10 0.593804 6.34288e-10 6.8145e-10 0.311471
1680.52 5.06123e-10 5.52574e-10 0.381344 6.4666e-10 6.88992e-10 0.275387
1681.45 5.14049e-10 5.53171e-10 0.318551 6.98792e-10 6.91491e-10 -0.0456151
1682.37 4.85805e-10 5.717e-10 0.707063 6.64933e-10 6.80297e-10 0.0992065
1683.3 5.04376e-10 5.74748e-10 0.567234 6.48634e-10 7.00513e-10 0.334165
1684.22 4.94449e-10 5.19435e-10 0.214097 6.38702e-10 6.69641e-10 0.205444
1685.15 5.05742e-10 5.47932e-10 0.347978 6.67342e-10 6.36776e-10 -0.203617
1686.07 4.99383e-10 5.78376e-10 0.637758 6.70595e-10 6.49327e-10 -0.139967
1687 5.20272e-10 5.46723e-10 0.215367 7.14524e-10 6.5732e-10 -0.362396
1687.92 5.00337e-10 5.59044e-10 0.48183 6.79502e-10 6.33581e-10 -0.303883
1688.85 5.17051e-10 5.65215e-10 0.386801 6.22506e-10 6.25109e-10 0.0181179
1689.77 5.35364e-10 5.74396e-10 0.305627 6.36501e-10 6.51436e-10 0.100728
1690.7 5.04258e-10 5.83251e-10 0.632026 6.5767e-10 6.67374e-10 0.0636132
1691.62 5.24738e-10 5.59658e-10 0.279805 6.70846e-10 7.07825e-10 0.233031
1692.55 5.18983e-10 5.69264e-10 0.401606 6.86785e-10 7.00983e-10 0.0888687
1693.47 5.34854e-10 5.62984e-10 0.222603 7.06211e-10 6.78379e-10 -0.174623
1694.4 5.00904e-10 5.43508e-10 0.354516 6.64798e-10 6.50488e-10 -0.094503
1695.32 4.93882e-10 5.65146e-10 0.585372 6.48826e-10 6.57701e-10 0.0590033
1696.25 4.99467e-10 5.7022e-10 0.575355 6.55364e-10 6.79234e-10 0.155366
1697.17 5.10741e-10 5.68921e-10 0.468514 6.57492e-10 6.68395e-10 0.0714282
1698.1 5.20572e-10 6.12215e-10 0.704232 6.81112e-10 6.6056e-10 -0.13306
1699.02 5.13589e-10 5.92221e-10 0.618676 6.6644e-10 6.55367e-10 -0.0727631
1699.95 5.40068e-10 5.92259e-10 0.400631 6.44066e-10 6.64628e-10 0.136479
1700.87 5.43219e-10 6.01295e-10 0.44113 6.68056e-10 6.92516e-10 0.156166
1701.8 5.18366e-10 5.64552e-10 0.370679 6.56724e-10 6.95606e-10 0.249802
1702.72 5.23047e-10 5.8353e-10 0.475222 6.53528e-10 6.67467e-10 0.0916525
1703.64 5.25588e-10 5.69385e-10 0.347607 6.7636e-10 6.92013e-10 0.0993607
1704.57 5.15073e-10 5.78147e-10 0.501696 6.58065e-10 6.79955e-10 0.142114
1705.49 5.41155e-10 5.68936e-10 0.217416 6.46313e-10 6.85783e-10 0.257436
1706.42 5.07642e-10 5.67345e-10 0.482893 6.30949e-10 6.98873e-10 0.444042
1707.34 5.21903e-10 5.80281e-10 0.460485 6.55558e-10 6.89538e-10 0.21947
1708.27 5.22299e-10 6.03122e-10 0.62486 6.60132e-10 6.94442e-10 0.220054
1709.19 4.88809e-10 5.61778e-10 0.604252 6.84241e-10 6.65844e-10 -0.118371
1710.12 4.87297e-10 5.62455e-10 0.622945 6.89822e-10 6.65018e-10 -0.15904
1711.04 5.02476e-10 5.82484e-10 0.64169 6.34684e-10 6.49519e-10 0.100347
1711.97 5.12272e-10 5.70199e-10 0.465253 6.48686e-10 6.43358e-10 -0.0358177
1712.89 5.14889e-10 5.43135e-10 0.231947 6.65967e-10 6.56668e-10 -0.061066
1713.82 5.27577e-10 5.33695e-10 0.0500776 6.82628e-10 6.87826e-10 0.0329447
1714.74 5.38578e-10 5.32148e-10 -0.0521626 6.81969e-10 6.60407e-10 -0.139532
1715.67 5.4338e-10 5.40127e-10 -0.0260795 6.51182e-10 6.42675e-10 -0.0571075
1716.59 5.43303e-10 5.54015e-10 0.0847913 6.81979e-10 6.77917e-10 -0.0259466
1717.52 5.33027e-10 5.46645e-10 0.109559 6.87641e-10 6.62426e-10 -0.162246
1718.44 4.94477e-10 5.52769e-10 0.483975 6.63506e-10 6.7681e-10 0.0862151
1719.37 5.05788e-10 5.75424e-10 0.560198 6.72903e-10 6.52737e-10 -0.132146
1720.29 4.98374e-10 5.56984e-10 0.48287 7.08726e-10 6.62233e-10 -0.294675
1721.22 5.15117e-10 5.25111e-10 0.083451 6.71142e-10 6.60362e-10 -0.0703219
1722.14 5.28265e-10 5.45502e-10 0.139444 6.33037e-10 6.50838e-10 0.120438
1723.07 5.46251e-10 5.61651e-10 0.120743 6.70214e-10 6.66389e-10 -0.0248574
1723.99 5.61234e-10 5.47426e-10 -0.108185 6.85398e-10 6.63493e-10 -0.141063
1724.92 5.2727e-10 5.84925e-10 0.450669 6.51687e-10 6.86556e-10 0.22637
1725.84 5.24958e-10 6.08636e-10 0.642331 6.96555e-10 6.96679e-10 0.000777256
1726.77 5.31662e-10 6.07568e-10 0.579588 6.92386e-10 6.57883e-10 -0.221995
1727.69 5.20691e-10 5.8972e-10 0.540657 6.86389e-10 6.5981e-10 -0.171517
1728.62 5.14398e-10 5.7007e-10 0.44629 6.82722e-10 6.99461e-10 0.105195
1729.54 5.1033e-10 5.59965e-10 0.403099 6.85274e-10 6.69336e-10 -0.102196
1730.47 4.87765e-10 5.42825e-10 0.464485 6.46693e-10 6.8235e-10 0.233088
1731.39 4.88363e-10 5.61476e-10 0.605883 6.44323e-10 6.63364e-10 0.126481
1732.32 5.28065e-10 5.84533e-10 0.441216 6.56963e-10 6.55195e-10 -0.0117004
1733.24 5.38139e-10 5.78482e-10 0.313954 6.62367e-10 6.52729e-10 -0.0636587
1734.17 5.40785e-10 5.77527e-10 0.285474 6.72453e-10 6.41473e-10 -0.204834
1735.09 5.19581e-10 5.59028e-10 0.317805 6.28197e-10 6.72174e-10 0.293863
1736.02 5.16938e-10 5.59554e-10 0.344037 6.26674e-10 6.78107e-10 0.342563
1736.94 5.1239e-10 5.55407e-10 0.350113 6.34676e-10 6.49644e-10 0.101231
1737.87 5.217e-10 5.7464e-10 0.419744 6.50996e-10 6.30404e-10 -0.139598
1738.79 5.09823e-10 5.51478e-10 0.341089 6.46312e-10 6.54475e-10 0.0545053
1739.72 5.19717e-10 5.5322e-10 0.271312 6.76682e-10 6.5296e-10 -0.154985
1740.64 4.95019e-10 5.63997e-10 0.566546 6.85134e-10 6.46512e-10 -0.251989
1741.57 4.88751e-10 5.51835e-10 0.527217 6.68105e-10 6.39576e-10 -0.189525
1742.49 5.19487e-10 5.43185e-10 0.193731 6.39152e-10 6.61656e-10 0.150285
1743.42 5.18178e-10 5.43002e-10 0.203227 6.34852e-10 6.63118e-10 0.189184
1744.34 5.55801e-10 5.42755e-10 -0.103158 6.53011e-10 6.86476e-10 0.217048
1745.26 5.53953e-10 5.33055e-10 -0.167016 6.74824e-10 6.87201e-10 0.07893
1746.19 5.28255e-10 5.38598e-10 0.0842175 7.0019e-10 6.71668e-10 -0.180617
1747.11 5.15154e-10 5.84921e-10 0.551595 6.80658e-10 6.59963e-10 -0.134096
1748.04 5.24839e-10 5.63015e-10 0.304936 6.98229e-10 6.76728e-10 -0.135838
1748.96 5.28039e-10 5.53924e-10 0.207841 6.73583e-10 6.68746e-10 -0.0312996
1749.89 5.44454e-10 5.66089e-10 0.169233 6.74467e-10 6.68933e-10 -0.0357795
1750.81 5.46223e-10 5.46069e-10 -0.00122454 6.69757e-10 6.7807e-10 0.0535723
1751.74 4.92665e-10 5.22737e-10 0.257315 6.53657e-10 6.72616e-10 0.124168
1752.66 4.92251e-10 5.42364e-10 0.421045 6.55729e-10 6.80064e-10 0.158254
1753.59 4.95518e-10 5.32169e-10 0.309906 6.66459e-10 6.59798e-10 -0.0436219
1754.51 4.8114e-10 5.41011e-10 0.509352 6.55167e-10 6.57855e-10 0.0177794
1755.44 4.91049e-10 5.4387e-10 0.443695 6.95017e-10 6.64563e-10 -0.194591
1756.36 4.87165e-10 5.75721e-10 0.725364 7.05253e-10 6.61729e-10 -0.276645
1757.29 5.20368e-10 5.69642e-10 0.392918 6.7839e-10 6.36607e-10 -0.276083
1758.21 5.08029e-10 5.57654e-10 0.404767 6.60836e-10 6.36886e-10 -0.160317
1759.14 4.83894e-10 5.43863e-10 0.507394 6.51138e-10 6.7816e-10 0.176592
1760.06 4.85077e-10 5.2517e-10 0.344891 6.29671e-10 6.74771e-10 0.300423
1760.99 4.96023e-10 5.44261e-10 0.403058 6.70054e-10 6.36866e-10 -0.220621
1761.91 5.38324e-10 5.54997e-10 0.132469 7.03104e-10 6.42576e-10 -0.39095
1762.84 5.1088e-10 5.60483e-10 0.402434 7.05997e-10 6.82086e-10 -0.149641
1763.76 5.20534e-10 5.62579e-10 0.337343 6.80481e-10 6.60156e-10 -0.131697
1764.69 5.35409e-10 5.61231e-10 0.204561 6.52624e-10 6.56087e-10 0.0229826
1765.61 5.31299e-10 5.44909e-10 0.10985 6.47718e-10 6.60412e-10 0.0842944
1766.54 5.08088e-10 5.50538e-10 0.34849 6.87221e-10 6.41185e-10 -0.301129
1767.46 5.06055e-10 5.78578e-10 0.581644 7.00864e-10 6.64013e-10 -0.234574
1768.39 5.31633e-10 5.6622e-10 0.273731 6.79992e-10 6.8702e-10 0.044653
1769.31 5.13018e-10 5.39387e-10 0.217674 6.75452e-10 6.44206e-10 -0.205698
1770.24 5.03933e-10 5.75029e-10 0.573164 6.36036e-10 6.20327e-10 -0.108611
1771.16 5.18681e-10 5.74664e-10 0.445133 6.42204e-10 6.43569e-10 0.00922403
1772.09 5.21247e-10 5.60455e-10 0.314968 6.86025e-10 6.57818e-10 -0.182342
1773.01 4.99043e-10 5.77896e-10 0.637122 6.70999e-10 6.56992e-10 -0.0916209
1773.94 5.15369e-10 5.80265e-10 0.515085 6.61887e-10 6.58415e-10 -0.0228429
1774.86 5.04977e-10 5.49053e-10 0.363426 6.76766e-10 6.48971e-10 -0.182131
1775.79 4.94488e-10 5.23834e-10 0.250382 6.52726e-10 6.62539e-10 0.0648068
1776.71 5.25538e-10 5.3694e-10 0.0932131 6.61608e-10 6.62237e-10 0.00412553
1777.64 5.48366e-10 5.39991e-10 -0.0668406 6.88763e-10 6.57395e-10 -0.202435
1778.56 5.25931e-10 5.22232e-10 -0.0306511 6.53915e-10 6.50773e-10 -0.020922
1779.49 5.18329e-10 5.4799e-10 0.241667 6.72831e-10 6.84162e-10 0.0725332
1780.41 5.24359e-10 5.81023e-10 0.445647 6.89285e-10 7.07055e-10 0.110546
1781.34 5.08516e-10 5.81657e-10 0.583627 6.48391e-10 6.61721e-10 0.0883808
1782.26 4.8465e-10 5.68425e-10 0.69245 6.25853e-10 6.5744e-10 0.213836
1783.19 4.84594e-10 5.48727e-10 0.539782 6.29175e-10 6.60833e-10 0.213206
1784.11 4.93647e-10 5.57331e-10 0.526966 6.32372e-10 6.73188e-10 0.271634
1785.04 5.19172e-10 5.62335e-10 0.346843 6.44754e-10 6.35773e-10 -0.0609156
1785.96 5.30988e-10 5.60012e-10 0.231127 6.83592e-10 6.48964e-10 -0.225763
1786.88 5.18899e-10 5.55562e-10 0.2965 7.01977e-10 6.47898e-10 -0.348167
1787.81 5.31804e-10 5.50407e-10 0.149326 6.42495e-10 6.25998e-10 -0.112966
1788.73 5.45153e-10 5.72836e-10 0.215124 6.55581e-10 6.48961e-10 -0.0440754
1789.66 5.29071e-10 5.73542e-10 0.350509 6.66969e-10 6.47804e-10 -0.12662
1790.58 4.97063e-10 5.86871e-10 0.721314 6.65765e-10 6.91114e-10 0.162287
1791.51 5.25191e-10 5.57802e-10 0.261626 6.83561e-10 6.52191e-10 -0.204027
1792.43 5.45624e-10 5.42709e-10 -0.0232673 6.94124e-10 6.60121e-10 -0.218136
1793.36 5.11374e-10 5.56209e-10 0.36499 6.66855e-10 6.82385e-10 0.0999785
1794.28 4.85699e-10 5.70561e-10 0.699345 6.44275e-10 6.79267e-10 0.229689
1795.21 4.99599e-10 5.88468e-10 0.711012 6.6171e-10 6.6531e-10 0.0235592
1796.13 5.224e-10 6.03233e-10 0.624818 6.72554e-10 6.56279e-10 -0.106385
1797.06 5.24066e-10 5.75895e-10 0.409579 6.61759e-10 6.65366e-10 0.0236024
1797.98 4.99955e-10 5.57095e-10 0.469979 6.81319e-10 6.63387e-10 -0.115836
1798.91 5.12737e-10 5.30439e-10 0.147412 6.7234e-10 6.43851e-10 -0.188041
1799.83 5.32693e-10 5.52866e-10 0.161426 6.43074e-10 6.65223e-10 0.147063
1800.76 5.05113e-10 5.64957e-10 0.486271 6.5857e-10 6.52094e-10 -0.0429168
1801.68 4.98434e-10 5.44873e-10 0.386876 6.73407e-10 6.46473e-10 -0.177268
1802.61 5.08429e-10 5.21201e-10 0.107746 6.63922e-10 6.55783e-10 -0.0535739
1803.53 4.87772e-10 5.32497e-10 0.381001 6.62963e-10 6.84026e-10 0.135828
1804.46 5.04216e-10 5.16519e-10 0.1047 7.07135e-10 6.78328e-10 -0.180625
1805.38 5.10273e-10 5.27395e-10 0.143333 7.0734e-10 6.77253e-10 -0.188774
1806.31 5.03369e-10 5.56053e-10 0.432297 6.98044e-10 6.55896e-10 -0.270477
1807.23 5.12005e-10 5.6646e-10 0.438954 6.78375e-10 6.42273e-10 -0.237506
1808.16 5.03048e-10 5.52666e-10 0.408529 6.54301e-10 6.34425e-10 -0.133974
1809.08 5.02909e-10 5.67224e-10 0.522657 6.72117e-10 6.69504e-10 -0.0169174
1810.01 5.10197e-10 5.67523e-10 0.462459 6.7583e-10 6.72385e-10 -0.0221897
1810.93 5.09218e-10 5.63011e-10 0.436135 6.83681e-10 6.65796e-10 -0.11512
1811.86 5.16149e-10 5.6021e-10 0.355756 7.20614e-10 6.49512e-10 -0.45116
1812.78 5.71783e-10 5.35846e-10 -0.281919 6.96591e-10 6.60884e-10 -0.228524
1813.71 5.5226e-10 5.34616e-10 -0.141012 6.69475e-10 6.4575e-10 -0.156698
1814.63 5.25465e-10 5.19568e-10 -0.0490144 6.76652e-10 6.59946e-10 -0.108575
1815.56 5.16267e-10 5.62045e-10 0.368971 6.47918e-10 6.45069e-10 -0.0191379
1816.48 4.97753e-10 5.65574e-10 0.554752 6.48548e-10 6.63994e-10 0.102223
1817.41 5.2097e-10 5.55554e-10 0.279133 6.75431e-10 6.83981e-10 0.0546334
1818.33 4.97427e-10 6.07633e-10 0.86912 6.61963e-10 6.65764e-10 0.0248602
1819.26 4.68511e-10 5.93041e-10 1.02365 6.605e-10 6.54148e-10 -0.0419696
1820.18 5.13935e-10 5.60992e-10 0.380486 7.17865e-10 6.384e-10 -0.509495
1821.11 5.25299e-10 5.56648e-10 0.251741 6.9202e-10 6.60385e-10 -0.203215
1822.03 5.54402e-10 5.68442e-10 0.108616 6.63399e-10 6.75348e-10 0.0775283
1822.96 5.55856e-10 5.55937e-10 0.000636721 7.13046e-10 6.4764e-10 -0.417838
1823.88 5.27845e-10 5.5146e-10 0.190074 6.91956e-10 6.23866e-10 -0.449868
1824.81 5.0822e-10 5.60006e-10 0.421407 6.68949e-10 6.33762e-10 -0.234667
1825.73 5.13813e-10 5.64173e-10 0.406072 6.47614e-10 6.81947e-10 0.224349
1826.66 5.26026e-10 5.71718e-10 0.361747 6.44181e-10 6.70101e-10 0.171319
1827.58 5.24523e-10 5.63247e-10 0.309339 6.46102e-10 6.55745e-10 0.0643416
1828.5 5.27973e-10 5.58315e-10 0.24268 6.66133e-10 6.40534e-10 -0.170191
1829.43 5.32443e-10 5.61786e-10 0.232975 6.856e-10 6.44947e-10 -0.265472
1830.35 5.40683e-10 5.79673e-10 0.302399 6.96945e-10 6.47315e-10 -0.320828
1831.28 5.09482e-10 5.50334e-10 0.334976 7.07502e-10 6.61338e-10 -0.293044
1832.2 5.05442e-10 5.28229e-10 0.191511 6.99509e-10 6.48261e-10 -0.33044
1833.13 5.54324e-10 5.43419e-10 -0.0862888 6.73183e-10 6.24522e-10 -0.325851
1834.05 5.3477e-10 5.36452e-10 0.0136371 6.9455e-10 6.46373e-10 -0.312207
1834.98 5.2777e-10 5.61195e-10 0.266693 6.77162e-10 6.75198e-10 -0.0126172
1835.9 5.26475e-10 5.73883e-10 0.374454 6.77128e-10 6.64088e-10 -0.0844507
1836.83 5.09816e-10 5.61986e-10 0.423117 7.47399e-10 6.33111e-10 -0.720729
1837.75 4.86805e-10 5.74082e-10 0.716194 6.75237e-10 6.44125e-10 -0.204862
1838.68 5.04496e-10 5.7729e-10 0.58536 6.29841e-10 6.8348e-10 0.354948
1839.6 5.28235e-10 5.85296e-10 0.445485 6.43562e-10 6.87006e-10 0.283705
1840.53 5.01282e-10 5.65733e-10 0.525292 6.68976e-10 6.69775e-10 0.00518253
1841.45 4.92629e-10 5.71706e-10 0.646529 6.48823e-10 6.6605e-10 0.113802
1842.38 5.06351e-10 5.75574e-10 0.5565 6.46257e-10 6.72821e-10 0.174943
1843.3 5.1461e-10 5.70454e-10 0.447424 6.62514e-10 6.90378e-10 0.178917
1844.23 5.07263e-10 5.76496e-10 0.555627 6.64257e-10 6.68413e-10 0.0270866
1845.15 4.88592e-10 5.77229e-10 0.724019 6.5495e-10 6.79122e-10 0.157395
1846.08 5.10537e-10 5.39417e-10 0.238968 6.72698e-10 6.85106e-10 0.0793775
1847 5.20662e-10 5.68285e-10 0.38011 6.64122e-10 6.61208e-10 -0.0190996
1847.93 5.61145e-10 5.85074e-10 0.181358 6.82854e-10 6.45365e-10 -0.245222
1848.85 5.80447e-10 5.65738e-10 -0.111469 6.99688e-10 6.58301e-10 -0.2648
1849.78 5.7847e-10 5.60989e-10 -0.133268 6.67222e-10 6.57822e-10 -0.0616195
1850.7 5.67212e-10 5.78343e-10 0.0844026 6.6269e-10 6.69285e-10 0.0430095
1851.63 5.336e-10 5.53094e-10 0.15583 6.41213e-10 6.73828e-10 0.21547
1852.55 5.32039e-10 5.46486e-10 0.116356 6.83897e-10 6.61922e-10 -0.141841
1853.48 5.11199e-10 5.37516e-10 0.218009 6.64562e-10 6.16155e-10 -0.328453
1854.4 5.02571e-10 5.3029e-10 0.233161 6.49112e-10 6.808e-10 0.206998
1855.33 5.09375e-10 5.39694e-10 0.251093 6.4107e-10 6.73475e-10 0.214159
1856.25 5.05261e-10 5.45795e-10 0.335133 6.77129e-10 5.85647e-10 -0.63035
1857.18 5.26044e-10 5.20987e-10 -0.0419559 6.80396e-10 6.08291e-10 -0.486509
1858.1 5.64553e-10 5.27028e-10 -0.298708 6.94977e-10 6.42266e-10 -0.342556
1859.03 5.44312e-10 5.62107e-10 0.139714 6.6268e-10 6.43495e-10 -0.127589
1859.95 5.01885e-10 5.87023e-10 0.680512 6.47446e-10 6.63072e-10 0.103571
1860.88 5.13089e-10 5.59269e-10 0.374277 7.00218e-10 6.57586e-10 -0.272811
1861.8 5.27014e-10 5.64791e-10 0.300655 7.06339e-10 6.50489e-10 -0.357735
1862.73 5.25556e-10 5.63743e-10 0.304625 6.92009e-10 6.51883e-10 -0.25942
1863.65 5.08562e-10 5.72155e-10 0.511697 6.76952e-10 6.30985e-10 -0.305389
1864.58 5.22556e-10 5.79607e-10 0.450009 6.7116e-10 6.50704e-10 -0.13442
1865.5 5.04223e-10 5.48687e-10 0.367018 6.69016e-10 6.4884e-10 -0.132989
1866.43 4.99827e-10 5.47913e-10 0.398922 6.69311e-10 6.77738e-10 0.0543418
1867.35 5.04467e-10 5.5602e-10 0.42258 6.96516e-10 6.46728e-10 -0.322095
1868.28 4.92115e-10 5.40195e-10 0.404842 6.96397e-10 6.17503e-10 -0.52218
1869.2 4.92703e-10 5.40293e-10 0.400441 6.49363e-10 6.42989e-10 -0.0428399
1870.12 5.0997e-10 5.36907e-10 0.223544 6.48042e-10 6.50041e-10 0.0133753
1871.05 5.20616e-10 5.13353e-10 -0.0610191 6.76153e-10 6.52521e-10 -0.154506
1871.97 5.19102e-10 5.53566e-10 0.279171 6.94998e-10 6.73579e-10 -0.135951
1872.9 5.18003e-10 5.55572e-10 0.304079 6.81114e-10 6.5608e-10 -0.162631
1873.82 5.05281e-10 5.82801e-10 0.619872 6.69834e-10 6.75461e-10 0.036327
1874.75 5.25313e-10 5.92235e-10 0.520755 6.845e-10 6.74702e-10 -0.0626171
1875.67 5.3043e-10 5.45773e-10 0.123842 6.83304e-10 6.39779e-10 -0.285837
1876.6 5.15611e-10 5.84243e-10 0.542713 7.00742e-10 6.58146e-10 -0.272358
1877.52 4.93514e-10 5.63409e-10 0.575241 6.60306e-10 6.80699e-10 0.132104
1878.45 5.01036e-10 5.49282e-10 0.39926 6.66364e-10 6.75175e-10 0.0570503
1879.37 5.0348e-10 5.39369e-10 0.299045 6.36679e-10 6.83986e-10 0.311263
1880.3 5.13504e-10 5.51431e-10 0.309469 6.55583e-10 6.77796e-10 0.144711
1881.22 5.49661e-10 5.52224e-10 0.0202018 7.06952e-10 6.89359e-10 -0.10945
1882.15 5.33685e-10 5.75632e-10 0.328599 6.91356e-10 6.73724e-10 -0.112195
1883.07 4.88408e-10 5.747e-10 0.706588 6.44831e-10 6.63263e-10 0.122405
1884 5.00699e-10 5.70195e-10 0.56446 6.60297e-10 6.87369e-10 0.174502
1884.92 4.97648e-10 5.30443e-10 0.277163 6.62124e-10 6.74439e-10 0.0800359
1885.85 5.12498e-10 5.53586e-10 0.334933 6.52069e-10 6.4772e-10 -0.029065
1886.77 5.34777e-10 5.60976e-10 0.207722 6.58333e-10 6.68239e-10 0.0648673
1887.7 5.58666e-10 5.35106e-10 -0.187126 6.44686e-10 6.74169e-10 0.194212
1888.62 5.44093e-10 5.3734e-10 -0.0542391 6.40766e-10 6.89674e-10 0.319446
1889.55 5.29183e-10 5.71622e-10 0.335027 6.64797e-10 6.89183e-10 0.156455
1890.47 5.18528e-10 5.60453e-10 0.337672 6.73553e-10 6.6905e-10 -0.0291337
1891.4 4.98492e-10 5.83346e-10 0.682682 6.69576e-10 6.08499e-10 -0.415401
1892.32 5.16869e-10 5.52437e-10 0.289024 6.98279e-10 6.04445e-10 -0.626723
1893.25 5.27286e-10 5.28538e-10 0.0102984 6.93213e-10 6.3294e-10 -0.39504
1894.17 2.65751e-10 2.79322e-10 0.216303 3.41804e-10 3.3245e-10 -0.12051
