# fs_open=3788.22 fs_closed=3788.13 nfft=4096 open_s=500 closed_s=500 labels=y,x
# start=2026-07-31 13:39:19
# pixel_scale=15.5
# stat 0 0.224888 0.162118 -1.07985e-05 0.00254507
# stat 1 0.704113 0.432246 -7.74267e-07 0.00589492
# config ATTENUATION PAR-5 -- PAR-4 REPEATED with the beam RE-CENTRED (start_y 684 -> 692, park verified +0.70 px y / +0.53 px x, against PAR-4's +5.95 px which ran the 20x20 tracking window off the ROI edge and halved y's rejection in every band) and with the NLMS step SCHEDULED 0.5 -> 0.03 over 60 s to fix the convergence PAR-4's trace showed was still incomplete. Kx stays 4.05 -- PAR-4 proved it: x improved in every band (60-150 Hz 1.4x -> 2.9x, 150-250 Hz from 0.4x amplifying to 1.3x rejecting) and beat its environment-scaled predicted asymptote by 11%. Timeline unchanged from PAR-4 so the scored windows are directly comparable. Through the PARPORT DAC (TI DAC81404 over the StarTech PEX1P2 / AX99100 PCIe parallel card, spi link, mmio backend), replacing the DAQC2/BRIDGEplate serial path used by every previous attenuation run.
# config TRANSPORT: bit-banged 24-bit SPI, ~6.4 us per channel update (~12.8 us for both channels), against the BRIDGEplate's ~0.5-1.4 ms. DAC range is FIXED at +-5 V bipolar (153 uV/LSB) with the mirror parked at 0 V, matching the bode sweeps exactly; auto-ranging is off, so the actuator is a fixed-gain element for both phases of the A/B and the open/closed comparison is clean. Supplies +/-12 V: AVDD needs VMAX+1.5 = 11.5 V for +-10, AVSS -11.5 V, leaving only 0.5 V of margin -- meter the rails under load. AVSS is therefore NEGATIVE, not grounded, which means the 0-5 base range runs outside the AVSS = 0 V condition SLASEH2A 7.5 gives the unipolar figures at (see _avss_tradeoff); 16-bit = 76 uV/LSB in 0-5, 305 uV/LSB in +-10, vs the BRIDGEplate's 12-bit 1 mV.
# config OUTPUTS: two channels, no coarse stage -- ch0 = y/tip (+1.0 V/unit), ch1 = x/tilt (-1.0 V/unit), offset 0 V, symmetric command bounds +-1 V (59 px of authority against a +-16 px ROI; the mirror's full range is deliberately NOT given to the loop on this first run). NOTE the command->FSM voltage mapping is NOT the same as any previous attenuation run, so K is not comparable across the transport change and was re-measured -- and it came out 4.7-5.5x HIGHER, not lower as this file originally predicted, so nothing about the piplate-era gains carries over.
# config Camera/CoM: 32x32 ROI start_x 1816 / start_y 684, exposure 50, gain 100, bw 100, 20x20 tracked window thr 5 (the camera is now shrouded, so the background floor no longer needs a high threshold). Identical to conf_bode_par_x/y[_small].json, so K and tau were fit through exactly this optical chain.
# config FSP: broad_order 512, broad_mu .03 -- REVERTED from PAR-2's 128/.005, which was 60% worse on y and 10% on x once normalised for the environment. 128 taps = 29.6 Hz resolution cannot separate the 2-3 Hz-spaced 9-30 Hz comb; this reproduces the documented kalman order-80 failure (order 80 ~29 Hz could not represent the 2.256 Hz comb). broad_lp 5 (retuned: the shorter delay moved the regeneration band from ~325 Hz to ~700 Hz); adapt_period 8, adapt_tau 5. Guard ON (guard_ratio 4). Cold-start observer: pass_open false + broad_freeze_closed false, so no weight is derived from open-loop data; drift_tau and the transient path are OFF. Modal freqs re-derived from run 1's own open PSD (8-mode cap), though they are inert while broad_order > 0.
# config PURPOSE: isolate the two things PAR-4 confounded. PAR-4 changed Kx AND happened to run with the beam 5.95 px off centre; x improved everywhere (the Kx fix) while y lost half its rejection uniformly across 1-60 Hz (the clipped tracking window). PAR-5 fixes the centring and changes nothing else about the controller except the step schedule, which the offline replay shows does not move the converged solution. EXPECTATIONS: y should return to a closed/open ratio near PAR-3's 0.121 (PAR-4 was 0.233); x should hold or beat PAR-4's 0.248 (PAR-3 was 0.302). Prior absolute numbers are NOT directly comparable because the environment moves run to run -- PAR-4's open was 18% (y) and 34% (x) larger than PAR-3's, and a new 150-250 Hz component appeared that carried 8.7x (y) and 5x (x) more open power than in PAR-3. Always normalise the closed RMS by that run's own open RMS before claiming an improvement.
# config DELAY AND K: taken from different sweeps on purpose. DELAY from the newest full 5-300 Hz sweeps, fsm_bodex_par2 / fsm_bodey_par2 (2026-07-31 12:23 / 12:16): x 2.763 fr (tau 0.4654 ms), y 2.624 fr (tau 0.4288 ms) at fs 3788. PAR-1..3 ran 2.717 / 2.577; the +0.046 fr shift sits inside the fits' own phase residuals, so the two sweep pairs agree and the newer/longer value is kept only because under-modeled delay is the documented failure mode. K from the SMALL-SIGNAL plateau: Kx 4.05, Ky 3.646. That distinction is not academic -- the loop commands ~6 mV rms / ~20 mV peak and the FSM compresses ~4% at +-100 mV, but WHICH AXIS compresses moves between days: on 07-30 it was x (100/50 mV ratio 1.041, y flat at 0.998), on 07-31 it was y (ratio 1.039, x flat at 1.003). The raw 07-31 fit lines therefore read Kx 4.050 (correct) and Ky 3.510 (3.7% low), and PAR-4 uses 3.646 for y from the +-20 mV sweep, corroborated by the same full file's +-50 mV pass at 3.662. Conversely tau is NOT measurable from a small sweep -- 10-30 Hz spans ~7 deg of phase and their loop_frames scatters 1.09-2.02 fr -- which is why delay comes only from the full sweeps. Against the piplate era this is ~5x MORE loop gain and LESS THAN HALF the delay; the shorter delay is the entire reason to expect better rejection here. Caveat: the small-signal gain itself wanders a few percent per hour (seven +-20 mV x sweeps read 3.97-4.36, each internally consistent), and erring HIGH on K is the safe direction since u = -phi_hat/K.
# config COMPARE against attenuation_fsp21 and attenuation_fsp15 (run 15: y 0.073 / x 0.168 px): report total and per-band closed RMS, 60-400 Hz waterbed, command/clamp behavior, and transient activation count on the shared 500/500/4096 grid. Closed RMS in PIXELS remains comparable across the change; command units do not. refs: Kulcsar 2006 / Petit 2008 / Meimon 2010 / Correia 2010
# freq_Hz psd_open_0 psd_closed_0 atten_dB_0 psd_open_1 psd_closed_1 atten_dB_1
0 9.16655e-05 6.27039e-10 -51.6491 8.84568e-05 1.88175e-10 -56.7217
0.924836 0.00035369 5.63045e-10 -57.9808 0.00037562 1.79119e-10 -63.2161
1.84967 0.000164781 4.79277e-10 -55.3632 0.000137471 1.12211e-10 -60.8818
2.77451 4.98408e-05 7.81519e-10 -48.0465 5.56763e-05 1.02426e-10 -57.3526
3.69934 4.59005e-05 2.02925e-09 -43.5448 2.35978e-05 1.12017e-10 -53.2359
4.62418 7.79569e-05 2.43748e-08 -35.0491 2.78948e-05 2.35931e-10 -50.7274
5.54902 9.03022e-05 2.01635e-07 -26.5113 8.61306e-06 1.39582e-09 -37.9033
6.47385 4.68829e-05 1.35135e-07 -25.4025 1.07454e-05 2.15359e-09 -36.9806
7.39869 1.70504e-05 1.05025e-08 -32.1044 3.05267e-05 1.29623e-08 -33.72
8.32352 4.7188e-05 2.71107e-08 -32.4069 2.92191e-05 7.40562e-08 -25.9611
9.24836 9.0256e-05 6.38528e-08 -31.503 2.40946e-05 1.27464e-07 -22.7653
10.1732 6.44473e-05 2.65119e-08 -33.8576 1.15704e-05 4.77822e-08 -23.8408
11.098 2.68429e-05 2.94813e-08 -29.5928 4.60279e-06 1.15098e-08 -26.0195
12.0229 3.66891e-05 1.30015e-07 -24.5054 1.62109e-05 1.44348e-08 -30.504
12.9477 1.78733e-05 6.81055e-08 -24.1902 2.10369e-05 1.63915e-08 -31.0836
13.8725 5.86243e-06 8.23507e-09 -28.5241 8.36908e-06 1.17427e-08 -28.5291
14.7974 8.28503e-06 3.28587e-09 -34.0164 3.73779e-06 1.13742e-08 -25.1669
15.7222 5.17015e-06 2.80492e-09 -32.6558 6.41768e-06 8.32097e-09 -28.872
16.647 4.52061e-06 4.01885e-09 -30.511 2.62347e-06 9.14473e-09 -24.5771
17.5719 1.01661e-05 6.74024e-09 -31.7848 4.03606e-06 1.7348e-08 -23.6671
18.4967 1.19755e-05 1.04029e-08 -30.6114 4.00021e-06 3.21569e-08 -20.9481
19.4216 1.57648e-05 3.4783e-08 -26.5632 4.7586e-06 1.09566e-07 -16.378
20.3464 5.50294e-05 2.47693e-08 -33.4668 1.51611e-05 4.14529e-08 -25.6318
21.2712 0.000175739 3.50938e-08 -36.9964 5.04494e-05 2.34038e-08 -33.3357
22.1961 7.27355e-05 1.90718e-08 -35.8135 2.16031e-05 3.92238e-08 -27.4097
23.1209 2.68438e-05 2.54698e-08 -30.2282 4.8976e-06 4.75339e-08 -20.1298
24.0457 1.55327e-05 2.65898e-08 -27.6653 1.73029e-06 3.29562e-08 -17.2018
24.9706 1.91653e-05 3.98862e-08 -26.8169 1.58001e-06 7.00856e-08 -13.5303
25.8954 3.18499e-05 5.29824e-08 -27.7898 2.4153e-06 1.31596e-07 -12.6373
26.8202 3.32781e-05 2.81982e-08 -30.7194 2.68446e-06 1.01031e-07 -14.244
27.7451 1.81334e-05 1.00014e-08 -32.5842 1.59078e-06 4.00579e-08 -15.9892
28.6699 1.3472e-05 1.74278e-08 -28.8819 9.73547e-07 1.74694e-08 -17.4608
29.5948 3.24919e-05 5.85826e-08 -27.4401 1.65062e-06 5.05423e-08 -15.1399
30.5196 1.02438e-05 1.75866e-08 -27.6528 8.44207e-07 1.65748e-08 -17.07
31.4444 1.95829e-06 7.02086e-10 -34.4549 1.40213e-07 1.59113e-09 -19.4508
32.3693 2.46572e-06 1.90866e-09 -31.1121 1.01568e-06 2.70741e-09 -25.742
33.2941 2.34986e-06 4.03633e-09 -27.6506 1.71906e-06 3.89194e-09 -26.4512
34.2189 7.90348e-07 7.53437e-09 -20.2077 9.07619e-07 4.78577e-09 -22.7795
35.1438 1.16637e-06 3.5115e-08 -15.2134 8.07081e-07 2.34335e-08 -15.3708
36.0686 7.56592e-07 3.022e-08 -13.9857 1.03161e-06 2.10928e-08 -16.8938
36.9934 4.74548e-07 8.16661e-09 -17.6424 3.22722e-07 4.81602e-09 -18.2614
37.9183 9.32852e-07 1.759e-08 -17.2455 9.03941e-07 1.26539e-08 -18.5392
38.8431 1.97895e-06 5.41237e-08 -15.6305 1.64007e-06 4.4381e-08 -15.6767
39.768 2.38657e-06 4.83327e-08 -16.9353 8.63395e-07 5.80546e-08 -11.7237
40.6928 1.76711e-06 1.93439e-08 -19.6072 5.58869e-07 4.39043e-08 -11.048
41.6176 1.11398e-06 2.04636e-08 -17.3589 6.52618e-07 2.10971e-08 -14.9044
42.5425 5.77029e-07 1.2174e-08 -16.7576 2.84318e-07 5.92104e-09 -16.8141
43.4673 3.31692e-07 1.39381e-08 -13.7653 1.2218e-07 2.63257e-09 -16.6662
44.3921 3.07843e-07 2.95452e-08 -10.1784 1.56695e-07 2.31113e-09 -18.3123
45.317 3.28601e-07 5.60358e-08 -7.68203 8.45148e-08 2.62614e-09 -15.0761
46.2418 4.80785e-07 6.96899e-08 -8.38781 7.45855e-08 3.59082e-09 -13.1746
47.1666 6.38995e-07 6.26506e-08 -10.0857 7.30953e-08 5.42371e-09 -11.2959
48.0915 6.6854e-07 5.16031e-08 -11.1245 1.52599e-07 8.05351e-09 -12.7757
49.0163 6.96149e-07 3.77759e-08 -12.6549 4.1704e-07 1.62619e-08 -14.0901
49.9411 6.82741e-07 1.36628e-08 -16.9872 3.74402e-07 1.49155e-08 -13.997
50.866 4.093e-07 6.43007e-09 -18.0383 2.19771e-07 1.37652e-08 -12.0319
51.7908 2.03948e-06 1.90822e-08 -20.2889 3.31365e-07 5.55323e-08 -7.75761
52.7157 3.74186e-06 3.54314e-08 -20.237 4.29625e-07 9.66359e-08 -6.47951
53.6405 1.2815e-06 1.48633e-08 -19.356 4.0672e-07 2.42826e-08 -12.24
54.5653 5.9337e-07 4.63288e-09 -21.0747 6.63107e-07 5.80577e-09 -20.5772
55.4902 4.22723e-07 1.69489e-09 -23.9691 5.69527e-07 3.555e-09 -22.0467
56.415 7.67226e-06 5.16459e-09 -31.7189 4.51503e-07 5.16953e-08 -9.4121
57.3398 0.000139098 4.85769e-08 -34.5689 3.69776e-06 5.64449e-07 -8.16314
58.2647 0.000129275 5.65889e-08 -33.5878 3.73665e-06 4.63405e-07 -9.06522
59.1895 4.03662e-05 8.19993e-08 -26.9221 1.40541e-06 8.64156e-08 -12.1121
60.1143 1.09963e-05 2.73818e-08 -26.0379 6.04157e-07 2.44852e-08 -13.9225
61.0392 1.24219e-06 4.71982e-09 -24.2026 2.32977e-07 9.68472e-09 -13.8123
61.964 2.63211e-06 1.63103e-08 -22.0784 1.71718e-07 2.95247e-08 -7.6463
62.8889 1.59762e-06 2.07916e-08 -18.8559 1.14833e-07 2.17111e-08 -7.23385
63.8137 6.32308e-07 2.68721e-08 -13.7163 9.03665e-08 1.05299e-08 -9.33584
64.7385 3.83197e-07 2.90197e-08 -11.2073 4.02961e-08 7.31983e-09 -7.40762
65.6634 2.24861e-07 2.88151e-08 -8.92294 1.86693e-08 4.14687e-09 -6.53407
66.5882 2.49736e-07 3.33069e-08 -8.74947 1.67718e-08 2.80124e-09 -7.77228
67.513 2.70573e-07 4.11251e-08 -8.18177 1.79627e-08 2.64585e-09 -8.31807
68.4379 2.37597e-07 3.25423e-08 -8.63392 2.41842e-08 3.13559e-09 -8.87212
69.3627 2.54541e-07 2.04474e-08 -10.9512 8.60354e-08 4.99127e-09 -12.3647
70.2875 3.95071e-07 1.76029e-08 -13.5109 1.57228e-07 7.26664e-09 -13.352
71.2124 3.70334e-07 1.37057e-08 -14.3169 2.02721e-07 1.19058e-08 -12.3114
72.1372 2.84724e-07 1.54919e-08 -12.6432 1.64902e-07 1.78407e-08 -9.65814
73.062 2.54646e-07 2.07391e-08 -10.8915 1.45326e-07 2.01758e-08 -8.57512
73.9869 2.5958e-07 2.70259e-08 -9.82491 1.78842e-07 2.53207e-08 -8.48994
74.9117 3.75279e-07 3.17256e-08 -10.7294 3.43136e-07 3.43589e-08 -9.99427
75.8366 4.16379e-07 3.39266e-08 -10.8895 4.10818e-07 4.45069e-08 -9.65223
76.7614 5.05669e-07 2.98436e-08 -12.2902 3.73802e-07 6.51281e-08 -7.58873
77.6862 6.63446e-07 2.0361e-08 -15.1301 3.38186e-07 1.15198e-07 -4.67712
78.6111 8.74811e-07 1.84168e-08 -16.767 4.16812e-07 2.47809e-07 -2.25823
79.5359 4.15791e-07 1.44346e-08 -14.5947 3.15547e-07 1.34789e-07 -3.6941
80.4607 2.70794e-07 3.20345e-08 -9.27021 3.89305e-07 1.63304e-07 -3.77293
81.3856 3.16078e-07 5.50235e-08 -7.59246 5.59231e-07 2.8068e-07 -2.9938
82.3104 1.56258e-07 2.8562e-08 -7.38053 5.07603e-07 2.18561e-07 -3.65951
83.2352 1.58159e-07 1.78465e-08 -9.47543 1.15735e-06 4.35312e-07 -4.24663
84.1601 1.87018e-07 1.94218e-08 -9.83593 1.88601e-06 7.29195e-07 -4.12701
85.0849 1.53931e-07 1.85089e-08 -9.19946 9.54888e-07 3.69752e-07 -4.12042
86.0098 1.56841e-07 1.78529e-08 -9.43751 2.74931e-07 1.1242e-07 -3.88379
86.9346 2.04672e-07 1.82809e-08 -10.4906 9.50083e-08 4.46916e-08 -3.27536
87.8594 2.31825e-07 2.03632e-08 -10.5632 5.55853e-08 2.58894e-08 -3.31839
88.7843 2.48795e-07 2.42116e-08 -10.1182 4.77486e-08 2.06329e-08 -3.64401
89.7091 2.98269e-07 2.64568e-08 -10.5207 4.66724e-08 1.82077e-08 -4.08805
90.6339 3.15059e-07 2.40864e-08 -11.1662 8.15352e-08 1.9037e-08 -6.31746
91.5588 3.86628e-07 2.17067e-08 -12.507 1.32302e-07 2.63736e-08 -7.00396
92.4836 5.45314e-07 2.43283e-08 -13.5053 1.74137e-07 4.80155e-08 -5.59509
93.4084 6.53128e-07 2.4031e-08 -14.3423 2.07441e-07 7.6346e-08 -4.34108
94.3333 7.60436e-07 2.11642e-08 -15.5546 2.35638e-07 1.03985e-07 -3.55276
95.2581 7.81442e-07 2.16017e-08 -15.5841 2.68513e-07 1.34141e-07 -3.01403
96.1829 7.16932e-07 2.00073e-08 -15.5429 3.3546e-07 1.37029e-07 -3.88828
97.1078 6.95729e-07 2.13876e-08 -15.1228 4.06035e-07 1.47077e-07 -4.41019
98.0326 5.03277e-07 2.1944e-08 -13.6049 3.346e-07 1.38769e-07 -3.82233
98.9575 2.55441e-07 1.5579e-08 -12.1475 2.10072e-07 9.07252e-08 -3.64641
99.8823 1.53443e-07 1.44785e-08 -10.2522 1.83316e-07 7.53057e-08 -3.86372
100.807 2.06568e-07 2.59413e-08 -9.01071 2.20389e-07 1.21212e-07 -2.59645
101.732 1.24076e-07 1.56936e-08 -8.97967 1.27306e-07 4.07382e-08 -4.94847
102.657 6.05529e-08 1.34391e-08 -6.53765 9.77827e-08 1.50439e-08 -8.12903
103.582 7.10498e-08 1.87642e-08 -5.78233 6.74257e-08 1.61813e-08 -6.19811
104.506 7.48084e-08 2.10149e-08 -5.51422 4.03242e-08 1.84661e-08 -3.39192
105.431 1.06897e-07 2.25457e-08 -6.75901 3.47414e-08 2.75846e-08 -1.00181
106.356 1.86607e-07 3.04967e-08 -7.86676 6.3334e-08 7.5819e-08 0.781411
107.281 2.57967e-07 3.45228e-08 -8.73459 1.1811e-07 1.74046e-07 1.68377
108.206 1.90957e-07 1.97776e-08 -9.8476 1.29008e-07 1.93158e-07 1.75294
109.131 9.77993e-08 8.18462e-09 -10.7734 8.05446e-08 1.17955e-07 1.65681
110.055 1.05171e-07 8.75684e-09 -10.7955 6.47001e-08 7.75512e-08 0.786836
110.98 1.02386e-07 1.40385e-08 -8.62919 7.37622e-08 6.35171e-08 -0.649434
111.905 6.76118e-08 1.05976e-08 -8.04815 5.56748e-08 4.30562e-08 -1.11623
112.83 3.60397e-07 1.53313e-08 -13.712 1.6888e-07 1.20134e-07 -1.47913
113.755 2.32736e-06 1.00593e-07 -13.643 9.01944e-07 9.38761e-07 0.173753
114.68 2.87189e-06 5.64808e-08 -17.0627 9.82504e-07 1.14878e-06 0.679028
115.605 5.19645e-06 2.9166e-08 -22.5083 1.72968e-06 1.51558e-06 -0.57387
116.529 1.18631e-06 1.4675e-08 -19.0762 4.94428e-07 4.32557e-07 -0.58059
117.454 1.43196e-07 5.31859e-09 -14.3013 1.34501e-07 5.37922e-08 -3.98006
118.379 2.648e-07 9.9744e-09 -14.2403 1.55788e-07 6.9384e-08 -3.51274
119.304 1.81488e-06 7.87329e-09 -23.6269 9.57733e-07 8.67174e-07 -0.431383
120.229 3.0174e-06 8.69477e-09 -25.4037 1.60505e-06 1.57993e-06 -0.0685176
121.154 3.38532e-07 2.74915e-09 -20.904 2.20189e-07 1.86241e-07 -0.727204
122.078 7.93187e-08 9.47589e-09 -9.22755 7.24156e-08 2.2412e-08 -5.09351
123.003 1.02492e-07 2.60299e-08 -5.95219 7.76989e-08 2.36812e-08 -5.16012
123.928 1.28575e-07 4.1176e-08 -4.94513 7.41719e-08 3.494e-08 -3.26916
124.853 1.31609e-07 4.54859e-08 -4.61407 7.15125e-08 4.6947e-08 -1.82774
125.778 9.46644e-08 3.24864e-08 -4.64486 4.07801e-08 4.78209e-08 0.691695
126.703 1.66302e-07 2.60982e-08 -8.04287 4.37297e-08 6.88632e-08 1.97211
127.627 2.28029e-07 2.51023e-08 -9.58278 6.37556e-08 1.08621e-07 2.31395
128.552 1.07621e-07 9.63326e-09 -10.4812 3.78499e-08 6.40554e-08 2.28491
129.477 1.02172e-07 1.84787e-08 -7.42661 3.1307e-08 6.35725e-08 3.07629
130.402 7.59159e-08 3.29805e-08 -3.62076 2.48732e-08 5.03961e-08 3.06665
131.327 4.88855e-08 3.78507e-08 -1.11107 2.43748e-08 3.88393e-08 2.0233
132.252 4.42333e-08 3.79398e-08 -0.666546 3.00541e-08 3.11367e-08 0.153697
133.176 5.08297e-08 3.8416e-08 -1.21605 2.51307e-08 3.36709e-08 1.2705
134.101 5.26822e-08 3.5097e-08 -1.76394 3.11627e-08 3.40076e-08 0.379407
135.026 7.50039e-08 2.59081e-08 -4.61647 5.54207e-08 3.18565e-08 -2.40473
135.951 8.4319e-08 1.92454e-08 -6.41598 5.76941e-08 4.2891e-08 -1.28765
136.876 1.04988e-07 1.41441e-08 -8.70563 5.32102e-08 5.41881e-08 0.0790864
137.801 9.20976e-08 1.35101e-08 -8.33591 7.41104e-08 6.17119e-08 -0.795101
138.725 6.51043e-08 2.41572e-08 -4.30563 6.40396e-08 6.18208e-08 -0.153139
139.65 5.84303e-08 3.96325e-08 -1.68587 7.01256e-08 6.66047e-08 -0.223716
140.575 5.31609e-08 2.76345e-08 -2.84141 9.11219e-08 5.52448e-08 -2.17331
141.5 7.4394e-08 2.29418e-08 -5.10911 7.11789e-08 5.23831e-08 -1.3316
142.425 7.04488e-08 2.47111e-08 -4.54982 9.84493e-08 1.79902e-07 2.61823
143.35 9.57342e-08 3.36433e-08 -4.54169 3.01962e-07 7.45447e-07 3.92465
144.274 8.65408e-08 1.50804e-08 -7.58807 1.38265e-07 3.20559e-07 3.65196
145.199 8.76629e-08 1.23929e-08 -8.49642 7.49046e-08 1.31421e-07 2.44156
146.124 1.00757e-07 3.04291e-08 -5.19988 9.12887e-08 1.70773e-07 2.72003
147.049 1.04997e-07 4.71461e-08 -3.47731 7.39722e-08 2.07875e-07 4.48735
147.974 7.17345e-08 4.2722e-08 -2.25077 5.69015e-08 1.96936e-07 5.39201
148.899 6.01212e-08 2.65023e-08 -3.55745 5.1115e-08 1.4049e-07 4.39098
149.823 5.64232e-08 1.46093e-08 -5.86828 2.93786e-08 8.37089e-08 4.5474
150.748 4.46178e-08 8.22487e-09 -7.34379 1.44154e-08 5.09578e-08 5.48384
151.673 3.64165e-08 6.78051e-09 -7.30035 9.31768e-09 3.49718e-08 5.7441
152.598 4.31036e-08 1.14485e-08 -5.75766 9.33576e-09 2.8363e-08 4.82602
153.523 5.44835e-08 2.12905e-08 -4.0808 1.96276e-08 2.67676e-08 1.34742
154.448 4.18285e-08 2.78173e-08 -1.77157 1.67668e-08 2.60061e-08 1.90625
155.372 3.62219e-08 2.65623e-08 -1.34705 1.38554e-08 2.69693e-08 2.8925
156.297 1.94654e-08 2.02475e-08 0.171087 3.69566e-08 3.16725e-08 -0.670096
157.222 1.58938e-08 1.60341e-08 0.0381745 3.93678e-08 4.61054e-08 0.686102
158.147 2.72569e-08 9.34968e-09 -4.6468 3.19454e-08 3.90144e-08 0.868159
159.072 2.36445e-08 5.57601e-09 -6.27406 4.09825e-08 2.99986e-08 -1.35497
159.997 1.4503e-08 4.43617e-09 -5.1445 4.18579e-08 2.52115e-08 -2.20179
160.921 1.99736e-08 5.73717e-09 -5.41758 3.55881e-08 2.45747e-08 -1.60815
161.846 2.66026e-08 8.03905e-09 -5.19719 5.2802e-08 2.48975e-08 -3.26496
162.771 2.61948e-08 3.26392e-08 0.955245 5.90478e-08 7.02488e-08 0.754354
163.696 3.52858e-08 4.06905e-08 0.618926 3.54012e-08 8.68073e-08 3.89538
164.621 2.06688e-08 1.05037e-08 -2.93971 3.91306e-08 3.60299e-08 -0.358535
165.546 1.54402e-08 6.79975e-09 -3.56158 4.19698e-08 3.65919e-08 -0.595516
166.47 1.64389e-08 4.65277e-09 -5.4816 3.03203e-08 4.15023e-08 1.36339
167.395 1.58381e-08 4.01694e-09 -5.95808 2.35636e-08 4.46295e-08 2.7738
168.32 1.30035e-08 4.64425e-09 -4.47147 2.07523e-08 4.44059e-08 3.30373
169.245 9.7902e-09 6.14707e-09 -2.02123 8.8088e-09 4.13563e-08 6.71625
170.17 1.55064e-08 7.1492e-09 -3.36254 1.28495e-08 3.64253e-08 4.52516
171.095 2.43659e-08 2.96651e-08 0.854635 1.79411e-08 4.70772e-08 4.18961
172.02 3.03481e-08 3.76446e-08 0.935715 9.20716e-09 5.76317e-08 7.96536
172.944 1.96496e-08 1.08217e-08 -2.59058 8.86196e-09 5.36662e-08 7.82171
173.869 1.5157e-08 7.18457e-09 -3.24211 8.22208e-09 5.10798e-08 7.93267
174.794 1.72496e-08 5.2552e-09 -5.16189 1.12328e-08 5.39076e-08 6.81163
175.719 3.23387e-08 1.86853e-08 -2.38223 3.13683e-08 1.75843e-07 7.48635
176.644 1.98481e-08 1.75952e-08 -0.523259 1.87565e-08 1.38651e-07 8.6877
177.569 1.65864e-08 1.87205e-08 0.525657 1.87944e-08 7.13205e-08 5.79186
178.493 2.7273e-08 1.01124e-08 -4.30879 3.81405e-08 4.71615e-08 0.922008
179.418 1.75339e-08 4.28272e-09 -6.12159 2.78218e-08 3.1074e-08 0.48013
180.343 8.18067e-09 3.5679e-09 -3.60376 2.1477e-08 3.00279e-08 1.45551
181.268 1.16699e-08 2.53609e-09 -6.62903 3.59153e-08 2.96415e-08 -0.83379
182.193 1.01395e-08 2.09196e-09 -6.85466 2.64487e-08 2.8838e-08 0.375603
183.118 7.97562e-09 2.11327e-09 -5.76809 2.60355e-08 2.7652e-08 0.261616
184.042 9.16413e-09 2.51529e-09 -5.61503 4.04618e-08 2.77398e-08 -1.63942
184.967 1.64522e-08 3.01509e-09 -7.36923 3.17898e-08 2.91048e-08 -0.383221
185.892 1.21856e-08 3.22534e-09 -5.77271 1.87333e-08 3.12315e-08 2.2198
186.817 1.26863e-08 3.33657e-09 -5.80034 3.16432e-08 3.33055e-08 0.222361
187.742 8.51619e-09 3.49792e-09 -3.86436 2.76171e-08 3.50339e-08 1.03311
188.667 5.91193e-09 2.55442e-09 -3.64436 1.21185e-08 3.67604e-08 4.81933
189.591 4.99783e-09 1.77544e-09 -4.49476 1.44941e-08 3.82961e-08 4.21964
190.516 8.53073e-09 1.64837e-09 -7.13931 1.02282e-08 3.35693e-08 5.16144
191.441 1.12397e-08 2.28817e-09 -6.91266 5.52986e-09 3.03745e-08 7.39795
192.366 1.20684e-08 3.35987e-09 -5.55328 7.48623e-09 3.00605e-08 6.03733
193.291 1.41457e-08 4.07104e-09 -5.40919 5.43232e-09 3.07974e-08 7.53528
194.216 6.6697e-09 4.11268e-09 -2.09981 3.90579e-09 3.1478e-08 9.06298
195.14 1.13844e-08 3.52826e-09 -5.08751 6.71495e-09 3.12175e-08 6.67354
196.065 1.06125e-08 2.57426e-09 -6.15166 4.44344e-09 3.02429e-08 8.32904
196.99 5.71687e-09 2.13561e-09 -4.27636 5.78685e-09 2.82685e-08 6.8886
197.915 6.55352e-09 2.27691e-09 -4.59128 7.36983e-09 2.81735e-08 5.82383
198.84 9.24305e-09 3.06753e-09 -4.79027 7.33067e-09 2.91527e-08 5.99536
199.765 8.05478e-09 3.50723e-09 -3.6109 2.0144e-08 3.13594e-08 1.92221
200.689 7.07001e-09 4.31007e-09 -2.14935 2.92579e-08 3.1381e-08 0.30424
201.614 9.46499e-09 4.79304e-09 -2.95509 1.87311e-08 3.31745e-08 2.4824
202.539 8.46504e-09 4.30222e-09 -2.93936 1.58825e-08 3.25047e-08 3.11028
203.464 9.36863e-09 3.40252e-09 -4.39875 2.27617e-08 3.39179e-08 1.73225
204.389 1.32359e-08 2.60124e-09 -7.06572 2.00214e-08 3.43464e-08 2.34386
205.314 1.33636e-08 2.57691e-09 -7.14823 2.61218e-08 3.71922e-08 1.53449
206.238 1.2389e-08 3.52631e-09 -5.45716 3.58348e-08 3.61961e-08 0.04356
207.163 8.34425e-09 5.59465e-09 -1.73614 1.89736e-08 3.59195e-08 2.77182
208.088 4.73567e-09 7.3833e-09 1.92869 1.33716e-08 3.67966e-08 4.39623
209.013 5.38824e-09 7.39297e-09 1.37372 1.89598e-08 3.8528e-08 3.07943
209.938 1.22436e-08 5.69042e-09 -3.32765 1.26159e-08 3.96797e-08 4.97649
210.863 1.10801e-08 4.21796e-09 -4.19442 8.5337e-09 4.03142e-08 6.7432
211.787 9.51123e-09 3.37124e-09 -4.50447 1.32859e-08 4.20989e-08 5.00881
212.712 1.27933e-08 3.07465e-09 -6.19188 6.29372e-09 4.19513e-08 8.23838
213.637 1.01728e-08 4.18908e-09 -3.85321 3.08971e-09 4.06189e-08 11.1881
214.562 6.25121e-09 6.14472e-09 -0.0746195 4.3635e-09 4.24706e-08 9.88253
215.487 5.46793e-09 7.61866e-09 1.44056 2.38368e-09 4.36402e-08 12.6264
216.412 6.735e-09 7.76494e-09 0.618006 4.78803e-09 4.32428e-08 9.55758
217.336 6.72223e-09 6.16564e-09 -0.375352 5.12365e-09 4.09166e-08 9.0232
218.261 7.09659e-09 4.562e-09 -1.91894 2.38779e-09 4.0719e-08 12.318
219.186 8.94992e-09 3.51836e-09 -4.05479 7.6091e-09 3.96422e-08 7.16825
220.111 7.41897e-09 4.00367e-09 -2.67886 6.48448e-09 4.1705e-08 8.08312
221.036 1.61443e-08 1.1635e-08 -1.42252 1.094e-08 4.12933e-08 5.76861
221.961 2.13216e-08 2.4993e-08 0.689968 2.35616e-08 4.37924e-08 2.69194
222.885 1.86123e-08 2.43516e-08 1.16728 1.9573e-08 4.23329e-08 3.35021
223.81 1.54824e-08 1.67117e-08 0.331834 8.1986e-09 4.25048e-08 7.14698
224.735 1.11946e-08 1.29188e-08 0.622135 1.72681e-08 4.17027e-08 3.8292
225.66 8.80739e-09 8.34387e-09 -0.2348 1.89802e-08 4.17446e-08 3.42298
226.585 8.17988e-09 6.25511e-09 -1.16511 1.98292e-08 4.13596e-08 3.19272
227.51 1.14534e-08 1.48473e-08 1.12714 2.86482e-08 4.5421e-08 2.00159
228.435 8.96064e-09 1.45185e-08 2.09584 2.0435e-08 4.7127e-08 3.62895
229.359 1.02648e-08 5.83986e-09 -2.44947 7.28448e-09 4.601e-08 8.00454
230.284 1.81626e-08 6.99694e-09 -4.14269 1.26567e-08 4.94419e-08 5.91774
231.209 1.1709e-08 8.86919e-09 -1.20637 1.57676e-08 5.38065e-08 5.33068
232.134 7.78251e-09 9.26791e-09 0.758623 1.01475e-08 5.23335e-08 7.1242
233.059 8.64276e-09 1.56089e-08 2.56719 9.6734e-09 5.30132e-08 7.38805
233.984 5.39642e-09 8.2982e-09 1.86878 6.46057e-09 5.5281e-08 9.32305
234.908 5.3467e-09 5.73393e-09 0.303673 1.72106e-09 5.56187e-08 15.0942
235.833 6.86506e-09 6.96403e-09 0.0621634 3.89828e-09 5.7866e-08 11.7155
236.758 9.42838e-09 9.18091e-09 -0.115513 2.72426e-09 6.26988e-08 13.6201
237.683 9.63736e-09 9.19746e-09 -0.202901 1.88678e-09 6.58839e-08 15.4306
238.608 1.6282e-08 8.21105e-09 -2.97308 2.92914e-09 6.88321e-08 13.7105
239.533 1.43453e-08 2.01357e-08 1.47257 2.57595e-09 7.74907e-08 14.7831
240.457 1.21068e-08 1.8333e-08 1.80204 4.57387e-09 7.83644e-08 12.3383
241.382 6.6304e-09 5.0169e-09 -1.21104 7.2553e-09 7.13569e-08 9.9278
242.307 6.06565e-09 4.45508e-09 -1.34022 6.529e-09 7.08016e-08 10.352
243.232 8.25382e-09 5.52516e-09 -1.7431 1.37714e-08 7.38853e-08 7.29579
244.157 7.40576e-09 7.72368e-09 0.182548 1.51321e-08 7.6479e-08 7.03643
245.082 8.51928e-09 9.40474e-09 0.429441 7.21322e-09 7.80217e-08 10.3409
246.006 4.4014e-09 8.79199e-09 3.00496 1.1392e-08 7.74692e-08 8.3253
246.931 8.67419e-09 6.69809e-09 -1.12278 1.8364e-08 7.97488e-08 6.37757
247.856 9.17485e-09 5.13238e-09 -2.5228 1.69564e-08 8.8563e-08 7.17917
248.781 6.87864e-09 3.84164e-09 -2.52986 2.00141e-08 8.8552e-08 6.45862
249.706 6.84959e-09 3.09876e-09 -3.44477 1.72744e-08 8.69781e-08 7.02006
250.631 4.26978e-09 3.32729e-09 -1.08315 6.04431e-09 8.24255e-08 11.3472
251.555 3.2479e-09 3.80619e-09 0.688876 1.06512e-08 8.41344e-08 8.97574
252.48 2.55569e-09 4.51993e-09 2.47624 1.80622e-08 9.05943e-08 7.00329
253.405 3.8149e-09 4.78906e-09 0.987667 1.07189e-08 9.79393e-08 9.60805
254.33 3.75267e-09 4.39377e-09 0.684967 7.65643e-09 1.00866e-07 11.1972
255.255 7.34676e-09 3.73036e-09 -2.94345 5.7585e-09 9.70767e-08 12.2681
256.18 8.83795e-09 3.40244e-09 -4.14561 1.65827e-09 9.70611e-08 17.6739
257.104 6.84424e-09 3.47712e-09 -2.94106 4.18596e-09 9.97264e-08 13.7701
258.029 7.26524e-09 3.68961e-09 -2.9427 5.27016e-09 9.96287e-08 12.7656
258.954 2.84903e-09 4.19802e-09 1.68347 1.69645e-09 9.93661e-08 17.677
259.879 2.69867e-09 4.69429e-09 2.40421 2.43232e-09 9.63272e-08 15.9773
260.804 3.75236e-09 5.20678e-09 1.42265 2.09764e-09 1.0621e-07 17.0443
261.729 7.2321e-09 5.29079e-09 -1.35744 3.27107e-09 1.0921e-07 15.2357
262.653 5.9789e-09 4.90839e-09 -0.856825 7.19522e-09 1.06481e-07 11.7023
263.578 4.33808e-09 4.257e-09 -0.0819355 4.92766e-09 1.06031e-07 13.3279
264.503 6.69022e-09 4.11996e-09 -2.10548 6.41058e-09 1.00767e-07 11.9642
265.428 5.83252e-09 4.57389e-09 -1.0557 1.2041e-08 1.00578e-07 9.21841
266.353 5.45431e-09 5.52051e-09 0.052399 8.30008e-09 1.06674e-07 11.0898
267.278 4.67845e-09 6.64491e-09 1.52388 7.67814e-09 1.06409e-07 11.4172
268.202 3.57254e-09 6.98396e-09 2.91125 1.79534e-08 9.98641e-08 7.45263
269.127 4.72432e-09 6.60614e-09 1.45608 1.66821e-08 1.01474e-07 7.84104
270.052 6.6724e-09 6.02596e-09 -0.44256 1.13741e-08 1.01973e-07 9.52567
270.977 3.8294e-09 5.40209e-09 1.4943 1.33354e-08 1.01047e-07 8.79518
271.902 2.60563e-09 5.45076e-09 3.20544 8.55908e-09 1.04402e-07 10.8628
272.827 4.05091e-09 6.16759e-09 1.82563 7.12343e-09 1.00434e-07 11.4919
273.751 4.55021e-09 7.33889e-09 2.07599 1.5893e-08 1.01666e-07 8.05972
274.676 5.0196e-09 8.88911e-09 2.48189 1.45943e-08 1.03539e-07 8.50922
275.601 4.51428e-09 8.99713e-09 2.99516 4.80377e-09 1.00473e-07 13.2047
276.526 2.94834e-09 8.2037e-09 4.44432 4.09495e-09 1.06983e-07 14.1707
277.451 2.90812e-09 6.31732e-09 3.3692 3.06767e-09 1.01641e-07 15.2026
278.376 4.63975e-09 5.0609e-09 0.377332 2.23409e-09 1.06447e-07 16.7803
279.3 4.66009e-09 4.309e-09 -0.340187 4.64921e-09 1.08312e-07 13.673
280.225 2.79728e-09 4.14407e-09 1.70692 2.85394e-09 1.08775e-07 15.8108
281.15 4.74571e-09 4.38363e-09 -0.344671 1.86771e-09 1.099e-07 17.6969
282.075 7.93136e-09 4.70036e-09 -2.27216 3.28255e-09 1.13682e-07 15.3948
283 5.39408e-09 4.36724e-09 -0.917105 2.06275e-09 1.05308e-07 17.0801
283.925 4.52318e-09 4.00006e-09 -0.533773 4.62624e-09 1.08694e-07 13.7098
284.85 2.85019e-09 3.53994e-09 0.941229 5.58699e-09 1.06048e-07 12.7832
285.774 2.90586e-09 3.00015e-09 0.138682 3.09219e-09 1.05933e-07 15.3477
286.699 5.70612e-09 2.95177e-09 -2.86258 9.02283e-09 1.11088e-07 10.9033
287.624 4.95811e-09 3.08711e-09 -2.05763 1.133e-08 1.03943e-07 9.62566
288.549 3.19537e-09 3.70106e-09 0.638044 6.56892e-09 9.34588e-08 11.5313
289.474 2.96452e-09 4.30546e-09 1.62066 1.26537e-08 9.22269e-08 8.6264
290.399 3.98159e-09 4.53667e-09 0.566807 1.50058e-08 9.26355e-08 7.90517
291.323 2.97337e-09 4.6124e-09 1.90678 7.86178e-09 1.05177e-07 11.264
292.248 3.45521e-09 3.82067e-09 0.436648 1.05329e-08 1.15416e-07 10.3972
293.173 3.48724e-09 2.9033e-09 -0.795908 1.23727e-08 1.17925e-07 9.79139
294.098 3.46972e-09 2.446e-09 -1.51839 6.64104e-09 1.0455e-07 11.9709
295.023 3.94651e-09 2.54786e-09 -1.90038 1.10145e-08 9.86347e-08 9.52066
295.948 5.56426e-09 2.84594e-09 -2.91182 1.30043e-08 9.56258e-08 8.66489
296.872 4.03986e-09 2.87407e-09 -1.47869 4.53395e-09 9.01118e-08 12.983
297.797 3.10225e-09 2.54485e-09 -0.860147 3.344e-09 8.77145e-08 14.1881
298.722 4.7428e-09 2.10763e-09 -3.5224 4.7477e-09 8.35292e-08 12.4536
299.647 5.00926e-09 1.75632e-09 -4.55171 2.04468e-09 8.43761e-08 16.1559
300.572 4.31578e-09 1.82723e-09 -3.73266 2.9378e-09 7.65752e-08 14.1607
301.497 4.57534e-09 2.31087e-09 -2.96648 3.03229e-09 7.69779e-08 14.046
302.421 3.7249e-09 2.97292e-09 -0.979316 1.48739e-09 8.14775e-08 17.3861
303.346 3.78141e-09 3.84037e-09 0.0671907 3.37245e-09 8.29113e-08 13.9067
304.271 3.33784e-09 4.53468e-09 1.33081 2.57806e-09 8.23584e-08 15.0442
305.196 3.48229e-09 4.57778e-09 1.1879 2.07723e-09 8.04654e-08 15.8813
306.121 3.32583e-09 4.2191e-09 1.0332 4.72666e-09 8.16921e-08 12.3763
307.046 5.01173e-09 3.73069e-09 -1.28199 3.28784e-09 7.8182e-08 13.762
307.97 3.77495e-09 3.26289e-09 -0.633084 5.20917e-09 7.66068e-08 11.675
308.895 2.76596e-09 3.13662e-09 0.546161 1.17905e-08 7.90069e-08 8.26133
309.82 2.75759e-09 3.27295e-09 0.744099 8.43768e-09 7.78472e-08 9.6502
310.745 2.38798e-09 3.60893e-09 1.79348 6.06597e-09 7.92784e-08 11.1625
311.67 2.61069e-09 3.96537e-09 1.81528 1.09915e-08 8.03678e-08 8.64025
312.595 3.8623e-09 4.24177e-09 0.407012 9.24053e-09 7.8893e-08 9.31342
313.519 5.83269e-09 4.05029e-09 -1.58383 6.89016e-09 7.5687e-08 10.4079
314.444 3.77342e-09 3.68802e-09 -0.099413 1.24197e-08 7.51853e-08 7.82021
315.369 4.16383e-09 3.42494e-09 -0.848406 9.82322e-09 7.02554e-08 8.54425
316.294 4.73097e-09 3.32934e-09 -1.52592 5.21058e-09 6.76609e-08 11.1345
317.219 4.00233e-09 3.54912e-09 -0.521918 8.47978e-09 7.0593e-08 9.20377
318.144 2.67549e-09 3.98456e-09 1.72976 6.52066e-09 7.07189e-08 10.3524
319.068 2.88949e-09 4.40526e-09 1.83151 2.63054e-09 6.94734e-08 14.2177
319.993 3.70842e-09 4.35402e-09 0.697016 4.56984e-09 6.56907e-08 11.576
320.918 3.48775e-09 4.12849e-09 0.732464 3.52233e-09 6.01545e-08 12.3244
321.843 4.55934e-09 3.87675e-09 -0.704336 1.34876e-09 5.86102e-08 16.3804
322.768 1.99115e-09 3.31219e-09 2.21011 2.25612e-09 5.51728e-08 13.8836
323.693 2.50466e-09 2.93414e-09 0.687319 1.24474e-09 5.53312e-08 16.4789
324.617 2.72115e-09 3.07111e-09 0.525423 2.03354e-09 5.67459e-08 14.4568
325.542 3.27958e-09 3.36877e-09 0.11653 3.0682e-09 5.28269e-08 12.3597
326.467 3.55951e-09 3.84918e-09 0.339779 1.37844e-09 5.5695e-08 16.0643
327.392 2.31518e-09 3.93408e-09 2.30259 3.06005e-09 5.48777e-08 12.5367
328.317 2.04217e-09 3.71561e-09 2.59938 3.85064e-09 5.37779e-08 11.4507
329.242 2.68277e-09 3.43793e-09 1.07712 3.37306e-09 5.4015e-08 12.0449
330.166 5.22907e-09 3.16886e-09 -2.17522 8.49638e-09 5.06627e-08 7.75454
331.091 4.397e-09 2.93078e-09 -1.76174 8.78363e-09 4.66069e-08 7.24776
332.016 3.68114e-09 2.79569e-09 -1.19493 3.95069e-09 4.72766e-08 10.7797
332.941 4.96068e-09 3.00906e-09 -2.17109 7.77105e-09 4.90771e-08 8.004
333.866 5.17278e-09 3.54385e-09 -1.64249 9.25711e-09 4.63255e-08 6.99344
334.791 4.31898e-09 3.74139e-09 -0.623481 6.49703e-09 4.53485e-08 8.43848
335.715 2.27015e-09 3.66631e-09 2.08173 1.01962e-08 4.27317e-08 6.22312
336.64 1.9768e-09 3.52037e-09 2.50625 9.39226e-09 4.38984e-08 6.69679
337.565 2.70452e-09 3.089e-09 0.577283 3.77913e-09 4.51221e-08 10.77
338.49 4.3522e-09 2.72496e-09 -2.03349 6.39155e-09 4.54227e-08 8.51667
339.415 3.95159e-09 2.63699e-09 -1.75663 7.63943e-09 4.22395e-08 7.42658
340.34 2.84904e-09 2.85745e-09 0.0128034 3.27377e-09 4.26546e-08 11.1492
341.265 3.91543e-09 3.02186e-09 -1.12504 3.93283e-09 4.21655e-08 10.3025
342.189 2.625e-09 3.20907e-09 0.872502 3.85745e-09 4.39584e-08 10.5674
343.114 2.35295e-09 3.5098e-09 1.73669 1.28243e-09 4.45523e-08 15.4084
344.039 2.308e-09 3.6144e-09 1.94801 2.14742e-09 4.51572e-08 13.2281
344.964 2.52132e-09 3.49631e-09 1.41982 2.01739e-09 4.31766e-08 13.3046
345.889 2.67137e-09 3.54519e-09 1.22905 1.0557e-09 4.02734e-08 15.8148
346.814 3.92653e-09 3.68689e-09 -0.273484 2.4567e-09 4.24841e-08 12.3787
347.738 5.06092e-09 4.4371e-09 -0.571295 1.51277e-09 4.8554e-08 15.0645
348.663 3.22293e-09 5.67718e-09 2.45882 1.78657e-09 5.4541e-08 14.847
349.588 3.51219e-09 8.42359e-09 3.7992 4.21548e-09 6.29121e-08 11.7389
350.513 3.88075e-09 1.04537e-08 4.30356 3.22111e-09 6.19474e-08 12.8402
351.438 4.2022e-09 8.56583e-09 3.09293 4.38484e-09 5.23888e-08 10.7728
352.363 3.55207e-09 6.25012e-09 2.45406 7.46853e-09 4.66359e-08 7.95485
353.287 3.26501e-09 5.4958e-09 2.26146 4.27267e-09 4.74491e-08 10.4553
354.212 3.2352e-09 5.83421e-09 2.56081 4.64983e-09 5.56724e-08 10.782
355.137 3.12379e-09 6.00425e-09 2.83777 9.64992e-09 6.48137e-08 8.27143
356.062 3.76631e-09 6.38647e-09 2.29345 8.0361e-09 6.95352e-08 9.37159
356.987 3.24277e-09 5.92046e-09 2.61439 5.7738e-09 5.81163e-08 10.0284
357.912 3.64404e-09 3.87673e-09 0.26882 8.02862e-09 3.03922e-08 5.78121
358.836 4.75751e-09 2.11951e-09 -3.51144 5.08905e-09 1.85749e-08 5.6229
359.761 2.93518e-09 1.69128e-09 -2.3942 4.26265e-09 1.90593e-08 6.50429
360.686 2.81599e-09 1.9364e-09 -1.62636 8.0487e-09 2.11389e-08 4.19358
361.611 2.36828e-09 2.32315e-09 -0.0835636 5.76513e-09 2.19109e-08 5.79851
362.536 1.63968e-09 2.62545e-09 2.04443 2.2477e-09 1.97503e-08 9.43835
363.461 1.72803e-09 2.71661e-09 1.96478 3.31544e-09 1.95764e-08 7.71192
364.385 2.98492e-09 2.7529e-09 -0.351426 2.13348e-09 1.95233e-08 9.61464
365.31 4.16777e-09 2.86856e-09 -1.62239 1.38202e-09 2.33618e-08 12.2799
366.235 3.31207e-09 2.56417e-09 -1.11151 2.26863e-09 2.91871e-08 11.0943
367.16 3.78522e-09 2.06361e-09 -2.63463 1.14528e-09 3.01178e-08 14.1991
368.085 2.78636e-09 2.09356e-09 -1.2415 1.34067e-09 2.7348e-08 13.096
369.01 3.28097e-09 2.2608e-09 -1.61741 1.95871e-09 2.56389e-08 11.1693
369.934 2.47663e-09 2.34261e-09 -0.241602 1.03535e-09 2.64393e-08 14.0716
370.859 2.69153e-09 2.44524e-09 -0.416762 3.21313e-09 2.5524e-08 9.0002
371.784 3.44124e-09 2.39627e-09 -1.57178 3.78028e-09 2.47511e-08 8.1607
372.709 3.94832e-09 2.28978e-09 -2.36619 2.42604e-09 2.54954e-08 10.2156
373.634 4.17016e-09 2.23794e-09 -2.70304 4.96358e-09 2.58951e-08 7.17422
374.559 2.39688e-09 2.12305e-09 -0.526874 5.29339e-09 2.4974e-08 6.73754
375.483 3.84383e-09 2.28248e-09 -2.26357 3.52334e-09 2.45747e-08 8.43533
376.408 3.67393e-09 2.49869e-09 -1.6742 8.19259e-09 2.51018e-08 4.86284
377.333 3.30548e-09 2.64302e-09 -0.971334 8.61041e-09 2.52165e-08 4.6666
378.258 4.06087e-09 2.83985e-09 -1.55324 4.28289e-09 2.50162e-08 7.66485
379.183 2.24628e-09 2.76204e-09 0.897659 5.91327e-09 2.51339e-08 6.28433
380.108 1.72586e-09 2.718e-09 1.97244 6.83379e-09 2.42953e-08 5.50861
381.032 1.79819e-09 2.45402e-09 1.35042 4.00374e-09 2.30531e-08 7.60263
381.957 2.65003e-09 2.40373e-09 -0.423646 6.46655e-09 2.26177e-08 5.43776
382.882 2.1436e-09 2.64898e-09 0.919334 6.5532e-09 2.24238e-08 5.34256
383.807 2.77291e-09 2.58621e-09 -0.30272 2.19007e-09 2.20232e-08 10.0242
384.732 3.62874e-09 2.70282e-09 -1.27939 2.74931e-09 2.12959e-08 8.89073
385.657 3.61576e-09 2.93935e-09 -0.899477 3.48672e-09 2.08945e-08 7.77615
386.581 3.28084e-09 2.87157e-09 -0.578668 1.27891e-09 2.11007e-08 12.1746
387.506 1.56918e-09 2.56328e-09 2.13124 1.74739e-09 2.12096e-08 10.8414
388.431 1.42041e-09 2.52708e-09 2.50206 1.68071e-09 2.08663e-08 10.9395
389.356 2.27958e-09 2.4519e-09 0.316493 1.02592e-09 2.12222e-08 13.1568
390.281 3.70667e-09 2.33508e-09 -2.00681 2.06816e-09 2.13239e-08 10.1328
391.206 3.11101e-09 2.5068e-09 -0.937814 1.22117e-09 2.01345e-08 12.1717
392.13 3.01402e-09 2.57948e-09 -0.676138 1.74956e-09 2.00293e-08 10.5874
393.055 4.44476e-09 2.7925e-09 -2.01856 3.96331e-09 1.89823e-08 6.8029
393.98 3.17492e-09 2.64502e-09 -0.793036 2.43548e-09 1.84837e-08 8.80205
394.905 3.0837e-09 2.41375e-09 -1.06379 2.69132e-09 1.84608e-08 8.36284
395.83 2.17816e-09 2.31797e-09 0.270174 5.78316e-09 1.88262e-08 5.12598
396.755 1.81216e-09 2.24868e-09 0.937329 4.34007e-09 1.90615e-08 6.42662
397.68 2.20315e-09 2.14214e-09 -0.121953 5.04759e-09 1.86273e-08 5.67065
398.604 2.95013e-09 2.20339e-09 -1.2675 7.89185e-09 1.83533e-08 3.66535
399.529 2.26067e-09 2.47525e-09 0.393828 4.86052e-09 1.8614e-08 5.83156
400.454 1.8924e-09 2.61567e-09 1.40571 3.82181e-09 1.79535e-08 6.7188
401.379 2.16358e-09 2.67582e-09 0.922826 7.38004e-09 1.81214e-08 3.90133
402.304 2.36763e-09 2.45834e-09 0.163285 5.71672e-09 1.78842e-08 4.95323
403.229 2.98164e-09 2.41498e-09 -0.915418 3.91896e-09 1.80506e-08 6.6332
404.153 2.63029e-09 2.26848e-09 -0.642686 5.14696e-09 1.73627e-08 5.28066
405.078 1.88155e-09 2.18689e-09 0.653113 3.16615e-09 1.78551e-08 7.5123
406.003 1.50124e-09 2.26829e-09 1.79247 1.99884e-09 1.7434e-08 9.40618
406.928 2.7493e-09 2.64357e-09 -0.170316 3.44823e-09 1.66782e-08 6.84554
407.853 2.83453e-09 2.83538e-09 0.00130052 1.98965e-09 1.67686e-08 9.2572
408.778 2.34268e-09 2.64364e-09 0.524889 9.40372e-10 1.72357e-08 12.6313
409.702 3.29581e-09 2.51747e-09 -1.16998 1.44561e-09 1.76308e-08 10.8622
410.627 3.66716e-09 2.41749e-09 -1.80965 9.14941e-10 1.68123e-08 12.6424
411.552 2.6372e-09 2.2827e-09 -0.626952 1.07753e-09 1.66298e-08 11.8846
412.477 2.46862e-09 2.35532e-09 -0.204036 1.41579e-09 1.73319e-08 10.8785
413.402 2.21729e-09 2.42592e-09 0.390532 1.11144e-09 1.65568e-08 11.7309
414.327 1.63376e-09 2.54226e-09 1.92031 2.98727e-09 1.63738e-08 7.38876
415.251 2.08241e-09 2.40939e-09 0.633403 2.83757e-09 1.54652e-08 7.36409
416.176 2.87592e-09 2.59306e-09 -0.449642 1.96848e-09 1.57151e-08 9.02185
417.101 3.08378e-09 2.44996e-09 -0.999256 4.06084e-09 1.55763e-08 5.83848
418.026 2.48538e-09 2.16434e-09 -0.600663 4.88871e-09 1.51153e-08 4.90223
418.951 1.72789e-09 2.17765e-09 1.00472 3.95988e-09 1.43654e-08 5.59637
419.876 1.478e-09 2.17369e-09 1.67523 5.79265e-09 1.42584e-08 3.91195
420.8 1.74761e-09 2.26931e-09 1.13449 4.95338e-09 1.39635e-08 4.50094
421.725 2.18316e-09 2.4023e-09 0.415412 3.40192e-09 1.47871e-08 6.38158
422.65 2.02721e-09 2.40777e-09 0.747154 5.94794e-09 1.40352e-08 3.72854
423.575 2.40971e-09 2.45871e-09 0.087414 6.39802e-09 1.34896e-08 3.23952
424.5 3.67121e-09 2.32473e-09 -1.98437 3.3878e-09 1.41942e-08 6.22194
425.425 2.78024e-09 2.1521e-09 -1.1122 3.9906e-09 1.40596e-08 5.46935
426.349 2.2055e-09 2.09265e-09 -0.2281 3.59866e-09 1.37193e-08 5.8119
427.274 1.81907e-09 2.15267e-09 0.731288 2.12689e-09 1.32325e-08 7.93897
428.199 1.6062e-09 2.45135e-09 1.83607 2.96883e-09 1.41127e-08 6.77024
429.124 2.06088e-09 3.80674e-09 2.665 2.67215e-09 1.54794e-08 7.62891
430.049 3.16956e-09 5.31419e-09 2.24438 1.07274e-09 1.63729e-08 11.8363
430.974 2.74841e-09 3.85473e-09 1.46912 1.67592e-09 1.44365e-08 9.35208
431.898 1.97716e-09 2.35549e-09 0.760391 1.32523e-09 1.36639e-08 10.1328
432.823 2.31541e-09 2.13709e-09 -0.348049 8.0584e-10 1.32894e-08 12.1726
433.748 2.78036e-09 2.09756e-09 -1.22387 1.23041e-09 1.27084e-08 10.1404
434.673 2.48414e-09 1.99196e-09 -0.958945 1.02496e-09 1.25149e-08 10.8672
435.598 2.02767e-09 2.07643e-09 0.1032 1.92926e-09 1.32735e-08 8.37593
436.523 1.58096e-09 2.23512e-09 1.5038 3.16947e-09 1.3215e-08 6.20081
437.447 2.02383e-09 2.22821e-09 0.417811 1.5438e-09 1.19565e-08 8.89013
438.372 2.15464e-09 2.18143e-09 0.0536709 2.62424e-09 1.22276e-08 6.68338
439.297 1.6158e-09 2.11373e-09 1.16662 4.75627e-09 1.25406e-08 4.21052
440.222 1.63575e-09 1.97134e-09 0.810439 3.71095e-09 1.20857e-08 5.12785
441.147 2.39001e-09 1.89217e-09 -1.01438 4.1485e-09 1.18083e-08 4.54295
442.072 3.26849e-09 1.95031e-09 -2.24243 5.20541e-09 1.1571e-08 3.46914
442.996 2.33219e-09 2.06578e-09 -0.526786 3.09697e-09 1.13895e-08 5.65569
443.921 2.29814e-09 2.13791e-09 -0.313872 4.10212e-09 1.15853e-08 4.50897
444.846 2.08637e-09 2.18826e-09 0.207083 6.19176e-09 1.16536e-08 2.74647
445.771 1.98133e-09 2.09734e-09 0.247129 4.11164e-09 1.16151e-08 4.51007
446.696 1.60229e-09 1.93834e-09 0.826867 2.87115e-09 1.13197e-08 5.9578
447.621 1.71995e-09 1.91009e-09 0.455382 4.01436e-09 1.09512e-08 4.35848
448.545 2.06988e-09 1.88361e-09 -0.409529 2.58256e-09 1.09267e-08 6.26437
449.47 1.87098e-09 1.81193e-09 -0.13928 2.2671e-09 1.10446e-08 6.87679
450.395 2.7511e-09 1.85371e-09 -1.71465 2.70059e-09 1.10948e-08 6.1366
451.32 1.98632e-09 2.02746e-09 0.0890502 1.367e-09 1.1286e-08 9.16771
452.245 2.29444e-09 2.08273e-09 -0.420434 1.0772e-09 1.1308e-08 10.2109
453.17 2.03814e-09 2.12364e-09 0.178473 1.67079e-09 1.0941e-08 8.16137
454.094 2.27822e-09 2.06551e-09 -0.425678 8.87383e-10 1.1118e-08 10.9791
455.019 2.42094e-09 1.85991e-09 -1.14492 8.78626e-10 1.1033e-08 10.9889
455.944 1.41201e-09 1.77489e-09 0.99331 1.15059e-09 1.00865e-08 9.42817
456.869 1.40648e-09 1.80349e-09 1.07981 1.1433e-09 1.05124e-08 9.6354
457.794 1.25786e-09 1.88416e-09 1.75485 2.16169e-09 1.12285e-08 7.15529
458.719 2.29291e-09 2.03456e-09 -0.519161 1.89378e-09 1.10558e-08 7.66261
459.644 2.12577e-09 2.04753e-09 -0.162862 1.40641e-09 1.06953e-08 8.8108
460.568 2.36411e-09 1.90858e-09 -0.929576 3.56871e-09 1.1091e-08 4.92459
461.493 3.26628e-09 1.86307e-09 -2.43825 4.3902e-09 1.10616e-08 4.01332
462.418 2.78825e-09 1.80998e-09 -1.87657 3.34901e-09 1.10622e-08 5.18924
463.343 2.09122e-09 1.7894e-09 -0.676908 4.11427e-09 1.04163e-08 4.03422
464.268 1.22106e-09 1.75265e-09 1.56958 3.70264e-09 9.94174e-09 4.28951
465.193 1.2472e-09 1.82401e-09 1.6509 2.99199e-09 1.00323e-08 5.25441
466.117 1.30192e-09 1.96715e-09 1.79252 5.37103e-09 1.03934e-08 2.86701
467.042 2.09675e-09 1.93358e-09 -0.351851 5.5747e-09 9.70237e-09 2.40656
467.967 2.4045e-09 1.89546e-09 -1.03311 3.11887e-09 9.76912e-09 4.95858
468.892 2.63854e-09 1.76721e-09 -1.74075 3.16447e-09 9.60483e-09 4.82189
469.817 2.88138e-09 1.72666e-09 -2.22395 3.30928e-09 8.88688e-09 4.29016
470.742 1.60184e-09 1.73438e-09 0.345247 2.03035e-09 8.57421e-09 6.25622
471.666 1.96518e-09 1.76922e-09 -0.456189 2.66159e-09 9.6044e-09 5.57329
472.591 1.44807e-09 1.75492e-09 0.834684 2.39175e-09 9.96513e-09 6.19767
473.516 1.41626e-09 1.77115e-09 0.971132 1.00818e-09 9.66697e-09 9.81752
474.441 1.32573e-09 1.89761e-09 1.5575 1.24019e-09 9.55393e-09 8.86694
475.366 1.8258e-09 1.92478e-09 0.229278 1.17677e-09 9.78348e-09 9.19804
476.291 2.49883e-09 1.85647e-09 -1.29047 6.5862e-10 9.1642e-09 11.4346
477.215 1.89271e-09 1.82327e-09 -0.162336 1.0745e-09 9.09829e-09 9.27753
478.14 2.91441e-09 1.67985e-09 -2.3928 9.65263e-10 9.18413e-09 9.78392
479.065 2.2384e-09 1.61256e-09 -1.42422 1.21853e-09 9.32673e-09 8.83894
479.99 1.93483e-09 1.66389e-09 -0.655188 1.95278e-09 9.3752e-09 6.81327
480.915 2.09871e-09 1.7736e-09 -0.730952 1.27586e-09 9.08949e-09 8.52737
481.84 2.10968e-09 1.78916e-09 -0.715669 2.49984e-09 9.02762e-09 5.57662
482.764 1.86902e-09 1.85735e-09 -0.0271924 4.48643e-09 9.28027e-09 3.15659
483.689 1.59471e-09 1.778e-09 0.472508 3.68658e-09 9.1039e-09 3.92603
484.614 1.83427e-09 1.67684e-09 -0.389721 3.05552e-09 8.96516e-09 4.67472
485.539 2.09333e-09 1.616e-09 -1.12397 3.81045e-09 8.97579e-09 3.72097
486.464 2.35081e-09 1.6159e-09 -1.62801 3.1741e-09 8.67592e-09 4.36696
487.389 1.92202e-09 1.67723e-09 -0.591662 4.4117e-09 8.55791e-09 2.87762
488.313 1.67784e-09 1.70473e-09 0.0690381 6.36286e-09 7.99544e-09 0.991901
489.238 2.19485e-09 1.74606e-09 -0.993464 4.32028e-09 8.18739e-09 2.77634
490.163 1.93003e-09 1.64222e-09 -0.70133 2.36646e-09 8.79946e-09 5.70357
491.088 1.35716e-09 1.50906e-09 0.460753 3.00815e-09 8.37384e-09 4.44625
492.013 1.38928e-09 1.46455e-09 0.229168 2.73095e-09 7.77423e-09 4.54344
492.938 2.3154e-09 1.41224e-09 -2.14716 2.51932e-09 7.42991e-09 4.697
493.862 2.82102e-09 1.46189e-09 -2.85491 2.71633e-09 7.50406e-09 4.41315
494.787 1.93332e-09 1.51796e-09 -1.05045 1.56508e-09 7.81655e-09 6.98478
495.712 1.89808e-09 1.53238e-09 -0.929501 7.28e-10 7.89745e-09 10.3536
496.637 1.35365e-09 1.62709e-09 0.799067 1.11726e-09 7.69429e-09 8.38013
497.562 1.86532e-09 1.66042e-09 -0.505343 7.41696e-10 7.67556e-09 10.1488
498.487 2.15297e-09 1.57099e-09 -1.36864 7.03145e-10 8.04494e-09 10.5848
499.411 2.03119e-09 1.50719e-09 -1.29583 8.28936e-10 7.64988e-09 9.65134
500.336 2.10658e-09 1.44047e-09 -1.65074 9.44505e-10 7.40053e-09 8.94058
501.261 1.99695e-09 1.37299e-09 -1.62699 1.6576e-09 6.96803e-09 6.23629
502.186 1.98098e-09 1.43559e-09 -1.3985 1.81798e-09 6.86658e-09 5.77152
503.111 1.45404e-09 1.53843e-09 0.245013 1.70119e-09 7.13343e-09 6.22544
504.036 1.69223e-09 1.52327e-09 -0.456819 3.59111e-09 6.97131e-09 2.88086
504.96 1.3906e-09 1.53501e-09 0.429096 3.99685e-09 7.23905e-09 2.57964
505.885 2.00326e-09 1.56188e-09 -1.08091 2.92839e-09 7.10627e-09 3.85013
506.81 2.51984e-09 1.4588e-09 -2.37376 3.28156e-09 7.14463e-09 3.379
507.735 1.59768e-09 1.39681e-09 -0.583507 3.9479e-09 7.05183e-09 2.51936
508.66 1.35876e-09 1.41954e-09 0.190056 3.92664e-09 6.74857e-09 2.3519
509.585 1.71479e-09 1.48504e-09 -0.624707 5.60552e-09 7.27702e-09 1.13337
510.509 2.10884e-09 1.45853e-09 -1.6013 4.94876e-09 7.39508e-09 1.74447
511.434 1.68276e-09 1.46314e-09 -0.607374 2.43994e-09 7.0838e-09 4.62888
512.359 1.68227e-09 1.54803e-09 -0.361166 2.39988e-09 6.9414e-09 4.61258
513.284 1.98639e-09 1.53443e-09 -1.12118 3.38958e-09 6.61625e-09 2.90467
514.209 1.84409e-09 1.51143e-09 -0.863937 2.6954e-09 6.9205e-09 4.09514
515.134 2.09333e-09 1.44141e-09 -1.6205 2.44457e-09 6.82681e-09 4.46016
516.059 1.39931e-09 1.40351e-09 0.0130336 1.63237e-09 6.62194e-09 6.08167
516.983 1.34951e-09 1.43488e-09 0.266385 7.30015e-10 6.74836e-09 9.65867
517.908 1.54619e-09 1.45752e-09 -0.256491 9.30835e-10 7.13185e-09 8.8433
518.833 2.01152e-09 1.49069e-09 -1.30138 1.06843e-09 6.88944e-09 8.09436
519.758 1.94352e-09 1.4891e-09 -1.15666 5.653e-10 6.54753e-09 10.638
520.683 1.9756e-09 1.4372e-09 -1.38182 7.9624e-10 6.37055e-09 9.03133
521.608 2.08068e-09 1.36595e-09 -1.82772 9.29342e-10 6.20787e-09 8.24767
522.532 1.38218e-09 1.40334e-09 0.0659739 1.56308e-09 6.76091e-09 6.36023
523.457 1.97473e-09 1.42552e-09 -1.41533 2.05491e-09 6.7474e-09 5.16343
524.382 1.70625e-09 1.43879e-09 -0.740462 1.64382e-09 6.90403e-09 6.23249
525.307 1.6799e-09 1.43136e-09 -0.695365 2.2888e-09 6.60296e-09 4.6013
526.232 1.46934e-09 1.48785e-09 0.0543855 3.82312e-09 6.7014e-09 2.43747
527.157 1.79441e-09 1.45232e-09 -0.918598 3.34084e-09 6.38024e-09 2.80981
528.081 1.75024e-09 1.36621e-09 -1.07582 3.04985e-09 6.20082e-09 3.08171
529.006 1.83043e-09 1.3384e-09 -1.35967 3.86506e-09 6.31311e-09 2.13087
529.931 2.07098e-09 1.29619e-09 -2.03506 3.92255e-09 6.20963e-09 1.99498
530.856 1.77226e-09 1.24832e-09 -1.52204 4.14318e-09 5.75203e-09 1.42487
531.781 2.10419e-09 1.27278e-09 -2.18332 4.48797e-09 5.77652e-09 1.09616
532.706 1.79364e-09 1.2939e-09 -1.41832 3.05026e-09 6.18677e-09 3.07127
533.63 1.44381e-09 1.36458e-09 -0.245113 2.0929e-09 6.05289e-09 4.61214
534.555 1.0807e-09 1.34963e-09 0.965115 3.02742e-09 6.13629e-09 3.06833
535.48 1.41201e-09 1.251e-09 -0.525792 2.99434e-09 6.05626e-09 3.05903
536.405 1.58931e-09 1.20386e-09 -1.20632 1.96034e-09 5.87233e-09 4.7648
537.33 2.15588e-09 1.27187e-09 -2.29182 1.35775e-09 5.99241e-09 6.44782
538.255 2.42889e-09 1.24384e-09 -2.90644 7.51677e-10 5.77068e-09 8.85196
539.179 1.67351e-09 1.18101e-09 -1.51376 7.72907e-10 5.73281e-09 8.7024
540.104 1.43067e-09 1.26095e-09 -0.548407 1.05349e-09 5.68056e-09 7.31762
541.029 1.63942e-09 1.32332e-09 -0.930251 6.65481e-10 5.71474e-09 9.33861
541.954 1.71105e-09 1.29077e-09 -1.22415 6.16028e-10 5.88134e-09 9.79876
542.879 1.14464e-09 1.17419e-09 0.11072 1.08903e-09 5.77068e-09 7.24188
543.804 1.42321e-09 1.14579e-09 -0.941628 1.41021e-09 5.81628e-09 6.1536
544.728 2.29961e-09 1.10832e-09 -3.16988 1.73379e-09 5.50352e-09 5.01644
545.653 2.47188e-09 1.17467e-09 -3.2311 1.7246e-09 5.29088e-09 4.8684
546.578 2.15541e-09 1.11017e-09 -2.88142 1.61788e-09 5.56359e-09 5.36408
547.503 1.31008e-09 1.14926e-09 -0.56879 3.08542e-09 5.85484e-09 2.782
548.428 1.22788e-09 1.13083e-09 -0.357583 3.76682e-09 5.51568e-09 1.65624
549.353 1.58478e-09 1.10445e-09 -1.56822 3.16267e-09 5.4242e-09 2.34281
550.277 1.8075e-09 1.08598e-09 -2.21257 3.11276e-09 5.43693e-09 2.42209
551.202 1.43935e-09 1.06874e-09 -1.29293 3.58679e-09 5.79715e-09 2.08509
552.127 1.28004e-09 1.09226e-09 -0.688991 3.27333e-09 5.61477e-09 2.34343
553.052 1.83099e-09 1.08338e-09 -2.27903 3.87777e-09 5.45981e-09 1.48595
553.977 1.58675e-09 1.11208e-09 -1.54371 3.53123e-09 5.21276e-09 1.69142
554.902 2.16694e-09 1.13405e-09 -2.81214 2.34829e-09 5.08925e-09 3.35902
555.826 1.6587e-09 1.18879e-09 -1.44665 2.24012e-09 5.07344e-09 3.55031
556.751 1.18411e-09 1.11674e-09 -0.254384 2.70775e-09 5.26991e-09 2.89195
557.676 1.53066e-09 1.00772e-09 -1.81536 1.89651e-09 5.0905e-09 4.28805
558.601 1.99675e-09 9.59035e-10 -3.18488 1.34113e-09 5.13153e-09 5.82775
559.526 1.67825e-09 1.00058e-09 -2.24604 1.03837e-09 5.06003e-09 6.87801
560.451 1.26522e-09 9.79142e-10 -1.1132 7.25346e-10 5.12385e-09 8.49051
561.375 1.63087e-09 1.03663e-09 -1.96794 7.85138e-10 5.22434e-09 8.23085
562.3 1.92057e-09 1.04535e-09 -2.64166 7.26122e-10 4.93128e-09 8.3195
563.225 2.17778e-09 1.05803e-09 -3.13515 5.21359e-10 5.05524e-09 9.86605
564.15 1.66483e-09 1.03389e-09 -2.06896 1.05808e-09 4.95997e-09 6.70961
565.075 1.21405e-09 1.01535e-09 -0.776225 1.21741e-09 5.10131e-09 6.22245
566 1.44049e-09 9.65164e-10 -1.7391 1.27791e-09 5.08002e-09 5.99366
566.924 1.5437e-09 9.19944e-10 -2.24802 1.50397e-09 4.89e-09 5.12071
567.849 1.43831e-09 9.64578e-10 -1.73515 1.61919e-09 5.06675e-09 4.95432
568.774 1.73309e-09 9.63732e-10 -2.54865 2.16367e-09 4.90656e-09 3.55585
569.699 2.12377e-09 9.77467e-10 -3.37006 3.64649e-09 4.56634e-09 0.976937
570.624 1.91923e-09 9.89755e-10 -2.876 3.40344e-09 4.51766e-09 1.22995
571.549 1.64541e-09 9.83136e-10 -2.23661 2.52071e-09 4.67867e-09 2.68599
572.474 1.89043e-09 1.00761e-09 -2.73267 2.83834e-09 4.62544e-09 2.12089
573.398 1.2195e-09 9.41895e-10 -1.12178 3.32367e-09 4.62664e-09 1.43648
574.323 1.10911e-09 8.8593e-10 -0.97577 3.22484e-09 4.62015e-09 1.56148
575.248 1.44337e-09 9.35552e-10 -1.88309 3.69443e-09 4.68165e-09 1.02851
576.173 1.78271e-09 9.57661e-10 -2.69869 2.94456e-09 4.72997e-09 2.05838
577.098 2.0345e-09 9.62606e-10 -3.2501 1.81799e-09 4.69813e-09 4.12333
578.023 1.54856e-09 8.97651e-10 -2.3682 1.99316e-09 4.61413e-09 3.64548
578.947 1.66788e-09 8.84255e-10 -2.75587 2.26351e-09 4.4814e-09 2.96632
579.872 1.39423e-09 9.40575e-10 -1.70941 1.45897e-09 4.2982e-09 4.6924
580.797 2.06985e-09 8.72344e-10 -3.75251 1.2108e-09 4.30278e-09 5.50677
581.722 1.70638e-09 8.19545e-10 -3.18502 9.21286e-10 4.26557e-09 6.65583
582.647 1.57541e-09 8.34257e-10 -2.76093 6.4006e-10 4.12896e-09 8.0962
583.572 1.86188e-09 8.50983e-10 -3.40032 7.01549e-10 4.44672e-09 8.01982
584.496 1.39152e-09 8.78813e-10 -1.99593 6.2119e-10 4.32749e-09 8.43011
585.421 1.39797e-09 9.00536e-10 -1.90998 6.34317e-10 4.38519e-09 8.39682
586.346 1.22364e-09 8.72581e-10 -1.4685 1.09171e-09 4.47927e-09 6.13101
587.271 1.52239e-09 8.15904e-10 -2.70887 1.06678e-09 4.29342e-09 6.04727
588.196 1.38895e-09 8.5068e-10 -2.1292 1.36232e-09 4.08817e-09 4.7725
589.121 2.17634e-09 7.97906e-10 -4.35776 1.81963e-09 3.91719e-09 3.32991
590.045 2.69782e-09 8.31456e-10 -5.11174 1.86863e-09 4.07698e-09 3.38816
590.97 1.50951e-09 8.72202e-10 -2.38219 2.62198e-09 4.19959e-09 2.04578
591.895 1.19066e-09 8.42145e-10 -1.50401 3.3421e-09 4.08808e-09 0.875002
592.82 1.17962e-09 8.27149e-10 -1.5416 2.49623e-09 3.88794e-09 1.92435
593.745 1.53216e-09 8.29472e-10 -2.66501 2.42514e-09 3.7257e-09 1.86472
594.67 1.25849e-09 7.90258e-10 -2.02081 3.36923e-09 3.83494e-09 0.562283
595.594 1.43087e-09 7.3562e-10 -2.88946 3.42003e-09 3.78236e-09 0.437339
596.519 1.80212e-09 7.31689e-10 -3.91457 3.31676e-09 4.02295e-09 0.83831
597.444 2.42726e-09 7.66567e-10 -5.00566 3.25119e-09 3.95346e-09 0.849351
598.369 2.48846e-09 7.70212e-10 -5.09321 1.85432e-09 3.67549e-09 2.97131
599.294 1.15935e-09 8.20494e-10 -1.50141 1.65789e-09 3.7055e-09 3.49291
600.219 1.46106e-09 8.43149e-10 -2.38763 2.42725e-09 3.623e-09 1.73955
601.143 1.33207e-09 7.85051e-10 -2.2963 2.03056e-09 3.52278e-09 2.3927
602.068 1.37742e-09 7.57805e-10 -2.59509 1.21421e-09 3.65088e-09 4.78104
602.993 1.37694e-09 7.43334e-10 -2.67732 9.53027e-10 3.82829e-09 6.039
603.918 1.4232e-09 7.48172e-10 -2.79265 5.98412e-10 3.82531e-09 8.05667
604.843 1.73434e-09 7.22682e-10 -3.80188 7.24954e-10 3.72581e-09 7.10911
605.768 1.65861e-09 7.13312e-10 -3.66464 8.08969e-10 3.72062e-09 6.62683
606.692 2.65089e-09 7.47688e-10 -5.49671 5.646e-10 3.73326e-09 8.20348
607.617 1.82189e-09 7.37246e-10 -3.92911 8.23817e-10 3.50361e-09 6.28686
608.542 1.39926e-09 7.09826e-10 -2.94746 1.06686e-09 3.46269e-09 5.11307
609.467 1.39876e-09 7.37743e-10 -2.7784 1.31262e-09 3.54903e-09 4.31972
610.392 1.3258e-09 7.2194e-10 -2.63977 1.92184e-09 3.42681e-09 2.51173
611.317 1.23893e-09 7.28341e-10 -2.30712 1.81352e-09 3.32622e-09 2.63428
612.241 1.33877e-09 7.04874e-10 -2.78593 1.7622e-09 3.42944e-09 2.89169
613.166 1.55117e-09 7.20558e-10 -3.32989 2.898e-09 3.37263e-09 0.65871
614.091 2.05054e-09 7.09493e-10 -4.60921 2.82614e-09 3.23944e-09 0.592761
615.016 2.49697e-09 7.31445e-10 -5.33231 2.42628e-09 3.36308e-09 1.41797
615.941 1.65735e-09 7.11938e-10 -3.66972 3.23228e-09 3.4038e-09 0.224553
616.866 1.19314e-09 6.77699e-10 -2.45656 3.583e-09 3.20411e-09 -0.485401
617.79 1.34097e-09 6.98113e-10 -2.83494 2.79444e-09 3.39783e-09 0.849074
618.715 1.29372e-09 6.9848e-10 -2.67688 2.7962e-09 3.37124e-09 0.812207
619.64 1.12362e-09 6.58407e-10 -2.32125 2.3716e-09 3.20577e-09 1.30891
620.565 1.52136e-09 6.79768e-10 -3.4987 1.68589e-09 3.28284e-09 2.8942
621.49 2.07799e-09 6.82554e-10 -4.83507 2.21565e-09 3.25197e-09 1.66645
622.415 1.79234e-09 6.5756e-10 -4.35484 2.40799e-09 3.09558e-09 1.09088
623.339 1.64888e-09 6.27131e-10 -4.19831 1.35145e-09 3.07369e-09 3.56862
624.264 1.69375e-09 6.20585e-10 -4.36049 7.63155e-10 3.00691e-09 5.95507
625.189 1.28049e-09 6.12151e-10 -3.20519 6.48899e-10 3.18797e-09 6.91337
626.114 1.46242e-09 6.10219e-10 -3.79587 6.57074e-10 3.10899e-09 6.75005
627.039 1.7315e-09 6.46343e-10 -4.27958 7.68521e-10 3.11263e-09 6.07472
627.964 1.8407e-09 6.08047e-10 -4.81045 6.54382e-10 3.18427e-09 6.87179
628.889 1.88122e-09 6.4167e-10 -4.67128 6.40321e-10 3.15901e-09 6.93154
629.813 1.52764e-09 6.86171e-10 -3.47589 1.2944e-09 3.14839e-09 3.86019
630.738 1.31791e-09 6.54201e-10 -3.04174 1.4538e-09 3.08445e-09 3.26673
631.663 1.43279e-09 5.95818e-10 -3.8107 1.58216e-09 2.9886e-09 2.76217
632.588 1.71965e-09 6.05392e-10 -4.53404 1.67108e-09 2.88367e-09 2.36948
633.513 1.42103e-09 6.22025e-10 -3.58795 1.61228e-09 2.99456e-09 2.68891
634.438 1.71728e-09 6.00124e-10 -4.566 2.20461e-09 2.92474e-09 1.22755
635.362 2.01084e-09 6.13339e-10 -5.15678 3.33364e-09 2.89545e-09 -0.612027
636.287 1.53408e-09 6.22598e-10 -3.91639 2.94258e-09 2.9631e-09 0.0301793
637.212 1.43973e-09 5.72426e-10 -4.00561 2.73147e-09 2.99019e-09 0.39302
638.137 1.69989e-09 5.935e-10 -4.57001 2.89807e-09 2.96109e-09 0.0934371
639.062 1.43216e-09 5.83942e-10 -3.89622 2.66573e-09 3.04275e-09 0.5745
639.987 1.37216e-09 5.75946e-10 -3.77022 2.36694e-09 2.99152e-09 1.01704
640.911 1.81243e-09 5.82131e-10 -4.93239 2.64066e-09 2.94336e-09 0.471309
641.836 2.01983e-09 6.17204e-10 -5.14885 2.09506e-09 2.90689e-09 1.42231
642.761 1.4987e-09 6.98651e-10 -3.31453 1.8293e-09 2.82543e-09 1.88799
643.686 1.74021e-09 1.05911e-09 -2.15661 1.89447e-09 3.20424e-09 2.28238
644.611 2.29528e-09 1.58292e-09 -1.61378 1.65426e-09 3.53598e-09 3.29907
645.536 2.83967e-09 1.74715e-09 -2.10938 1.12108e-09 3.4435e-09 4.87361
646.46 2.31597e-09 1.01108e-09 -3.59948 8.49302e-10 3.01113e-09 5.49667
647.385 1.49591e-09 5.91627e-10 -4.02858 6.27903e-10 2.91034e-09 6.6605
648.31 1.27946e-09 5.534e-10 -3.63988 6.44844e-10 2.84189e-09 6.44153
649.235 1.72695e-09 5.69912e-10 -4.81473 5.15628e-10 2.69935e-09 7.18924
650.16 1.65155e-09 5.69578e-10 -4.62338 6.16572e-10 2.71909e-09 6.44439
651.085 1.21623e-09 5.58065e-10 -3.38332 1.15035e-09 2.60001e-09 3.54146
652.009 1.75993e-09 5.6454e-10 -4.93802 1.47879e-09 2.76158e-09 2.71251
652.934 1.62983e-09 5.74944e-10 -4.52516 1.35452e-09 2.8455e-09 3.22373
653.859 1.48886e-09 5.19183e-10 -4.57533 1.44175e-09 2.75169e-09 2.8071
654.784 1.41616e-09 5.0301e-10 -4.49537 1.40307e-09 2.6191e-09 2.71072
655.709 1.49262e-09 4.86783e-10 -4.86613 2.10381e-09 2.77322e-09 1.19979
656.634 1.31387e-09 5.01578e-10 -4.18213 3.15054e-09 2.72046e-09 -0.637434
657.558 1.59874e-09 5.34999e-10 -4.75424 3.23659e-09 2.66232e-09 -0.848279
658.483 1.98576e-09 5.28216e-10 -5.75114 2.40705e-09 2.62328e-09 0.373594
659.408 1.51193e-09 5.15627e-10 -4.67195 2.31366e-09 2.68431e-09 0.645338
660.333 1.42083e-09 4.98922e-10 -4.54509 2.1793e-09 2.58757e-09 0.745753
661.258 1.45331e-09 5.1517e-10 -4.50407 2.45071e-09 2.59144e-09 0.242493
662.183 1.41795e-09 5.21314e-10 -4.34563 2.70072e-09 2.512e-09 -0.314613
663.107 1.25618e-09 5.3211e-10 -3.73049 2.33803e-09 2.538e-09 0.356425
664.032 1.55551e-09 5.23897e-10 -4.72629 1.60004e-09 2.57003e-09 2.05809
664.957 1.53536e-09 4.95834e-10 -4.90874 1.39316e-09 2.62709e-09 2.75476
665.882 2.1216e-09 4.82666e-10 -6.43016 1.11572e-09 2.57683e-09 3.63531
666.807 2.10043e-09 5.16661e-10 -6.09103 9.15486e-10 2.60918e-09 4.54853
667.732 1.20731e-09 4.95109e-10 -3.87117 7.89729e-10 2.58833e-09 5.15541
668.656 1.04951e-09 4.83267e-10 -3.368 6.84848e-10 2.62395e-09 5.83362
669.581 1.22573e-09 5.19269e-10 -3.73003 5.45543e-10 2.45228e-09 6.52742
670.506 1.39021e-09 4.85896e-10 -4.56536 5.82019e-10 2.53952e-09 6.39814
671.431 1.19631e-09 4.77181e-10 -3.99161 6.43242e-10 2.48243e-09 5.86503
672.356 1.60345e-09 4.75599e-10 -5.27814 8.90676e-10 2.40149e-09 4.30761
673.281 2.20219e-09 4.90401e-10 -6.52304 1.1507e-09 2.3792e-09 3.15468
674.205 1.9136e-09 4.79462e-10 -6.01097 1.22374e-09 2.4042e-09 2.93284
675.13 1.6473e-09 4.87048e-10 -5.29202 1.22889e-09 2.43065e-09 2.96209
676.055 1.17518e-09 4.88574e-10 -3.81174 1.39871e-09 2.50207e-09 2.5257
676.98 1.1291e-09 4.56444e-10 -3.93344 1.95337e-09 2.47421e-09 1.02652
677.905 1.22714e-09 4.60393e-10 -4.25764 2.59679e-09 2.34488e-09 -0.443172
678.83 1.36311e-09 4.74587e-10 -4.58215 2.71171e-09 2.34724e-09 -0.626856
679.754 1.43388e-09 4.59116e-10 -4.9459 2.29935e-09 2.46769e-09 0.306855
680.679 1.63313e-09 4.83276e-10 -5.28825 1.91961e-09 2.35344e-09 0.884885
681.604 1.69904e-09 4.83344e-10 -5.45948 2.0279e-09 2.26198e-09 0.474423
682.529 1.51127e-09 4.4449e-10 -5.31481 2.47913e-09 2.33215e-09 -0.265432
683.454 2.07282e-09 4.54305e-10 -6.59215 2.71872e-09 2.47277e-09 -0.411808
684.379 1.49405e-09 4.56275e-10 -5.15139 2.18189e-09 2.52302e-09 0.630893
685.304 1.17901e-09 4.46473e-10 -4.21721 1.48249e-09 2.36393e-09 2.02642
686.228 1.20559e-09 4.36474e-10 -4.4124 1.14563e-09 2.31736e-09 3.0595
687.153 1.32465e-09 4.68668e-10 -4.51237 1.13233e-09 2.45503e-09 3.36084
688.078 1.29711e-09 4.90302e-10 -4.22511 1.20933e-09 2.44754e-09 3.06187
689.003 1.09145e-09 4.74834e-10 -3.61464 9.92904e-10 2.39925e-09 3.83167
689.928 1.67011e-09 4.62818e-10 -5.57335 6.48433e-10 2.39526e-09 5.67488
690.853 1.56967e-09 4.55441e-10 -5.37378 5.41038e-10 2.3259e-09 6.33363
691.777 1.86617e-09 4.48756e-10 -6.18942 6.2579e-10 2.35743e-09 5.76011
692.702 1.7802e-09 4.34022e-10 -6.12957 6.1209e-10 2.35307e-09 5.84819
693.627 1.31685e-09 4.58962e-10 -4.57761 7.31391e-10 2.31163e-09 4.99769
694.552 1.08121e-09 4.64819e-10 -3.66624 7.27339e-10 2.37655e-09 5.1421
695.477 1.08062e-09 4.62887e-10 -3.68198 1.00488e-09 2.37652e-09 3.73828
696.402 1.24006e-09 4.60199e-10 -4.30496 1.20763e-09 2.39673e-09 2.97686
697.326 1.54572e-09 4.72284e-10 -5.14927 1.38055e-09 2.31345e-09 2.24206
698.251 1.90099e-09 4.67055e-10 -6.09612 1.57784e-09 2.29358e-09 1.62452
699.176 1.4928e-09 4.28137e-10 -5.42418 2.04701e-09 2.3042e-09 0.513989
700.101 1.46351e-09 4.47024e-10 -5.15065 2.01573e-09 2.3387e-09 0.645424
701.026 1.98045e-09 4.52927e-10 -6.40736 2.02731e-09 2.36528e-09 0.669624
701.951 1.43274e-09 4.68093e-10 -4.85836 1.95978e-09 2.29226e-09 0.680555
702.875 1.05568e-09 4.99966e-10 -3.24591 1.94395e-09 2.31695e-09 0.762306
703.8 1.23894e-09 4.87852e-10 -4.04763 2.20417e-09 2.38885e-09 0.349437
704.725 1.59671e-09 4.79465e-10 -5.22469 2.52594e-09 2.4459e-09 -0.139847
705.65 1.60283e-09 4.78103e-10 -5.25367 1.97446e-09 2.33952e-09 0.736783
706.575 1.26865e-09 4.66618e-10 -4.3438 1.42221e-09 2.31058e-09 2.10756
707.5 1.17014e-09 4.56285e-10 -4.09001 1.22284e-09 2.29201e-09 2.72848
708.424 1.17646e-09 4.62757e-10 -4.05223 1.24296e-09 2.2722e-09 2.6199
709.349 1.90686e-09 4.54167e-10 -6.23103 1.26517e-09 2.29401e-09 2.58446
710.274 1.6138e-09 4.39932e-10 -5.64464 1.19516e-09 2.31835e-09 2.87752
711.199 1.49048e-09 4.36994e-10 -5.32849 7.07738e-10 2.34295e-09 5.1989
712.124 1.42246e-09 4.36991e-10 -5.12567 5.59922e-10 2.27586e-09 6.09019
713.049 1.17849e-09 4.38266e-10 -4.29587 6.23343e-10 2.37613e-09 5.81144
713.973 1.28834e-09 4.50745e-10 -4.56101 6.67872e-10 2.39451e-09 5.54523
714.898 1.26523e-09 4.62323e-10 -4.37223 6.13019e-10 2.45214e-09 6.02071
715.823 1.35091e-09 4.61943e-10 -4.66039 6.23671e-10 2.29669e-09 5.66148
716.748 1.05088e-09 4.54259e-10 -3.64249 7.56309e-10 2.27306e-09 4.77912
717.673 1.89311e-09 4.53999e-10 -6.20121 1.31571e-09 2.34053e-09 2.50155
718.598 2.18674e-09 4.46256e-10 -6.90213 1.43587e-09 2.40912e-09 2.24744
719.522 1.24388e-09 4.3836e-10 -4.52948 1.40496e-09 2.47449e-09 2.45821
720.447 1.08046e-09 4.44868e-10 -3.85378 1.57486e-09 2.37193e-09 1.77861
721.372 1.22751e-09 4.6193e-10 -4.2445 1.7682e-09 2.4075e-09 1.34035
722.297 1.4534e-09 4.90498e-10 -4.71749 1.83503e-09 2.61522e-09 1.53864
723.222 1.32123e-09 4.64286e-10 -4.54191 2.29647e-09 2.55626e-09 0.46544
724.147 1.31653e-09 4.646e-10 -4.5235 2.13172e-09 2.39124e-09 0.498931
725.071 1.35478e-09 4.58992e-10 -4.70063 1.91245e-09 2.35092e-09 0.896467
725.996 1.72919e-09 4.60606e-10 -5.74514 2.09177e-09 2.32828e-09 0.465223
726.921 1.88306e-09 4.75052e-10 -5.98122 2.10833e-09 2.41132e-09 0.583152
727.846 1.29184e-09 4.51649e-10 -4.56407 1.54357e-09 2.36973e-09 1.86174
728.771 1.27662e-09 4.71994e-10 -4.32124 1.52062e-09 2.27549e-09 1.75055
729.696 1.2436e-09 4.70074e-10 -4.22515 1.38119e-09 2.2728e-09 2.16308
730.62 1.26827e-09 4.46526e-10 -4.53364 1.18052e-09 2.39061e-09 3.06436
731.545 1.31795e-09 4.63923e-10 -4.53454 1.06646e-09 2.45021e-09 3.61258
732.47 1.47689e-09 4.66847e-10 -5.00173 8.76749e-10 2.35962e-09 4.29968
733.395 1.3679e-09 4.73812e-10 -4.6045 5.19632e-10 2.30869e-09 6.47671
734.32 1.20033e-09 4.88503e-10 -3.90434 6.38537e-10 2.35869e-09 5.67485
735.245 1.98375e-09 4.60228e-10 -6.34513 6.37021e-10 2.37427e-09 5.71376
736.169 1.48125e-09 4.76566e-10 -4.92505 5.43337e-10 2.33636e-09 6.3347
737.094 1.31957e-09 4.90453e-10 -4.29835 5.91045e-10 2.41129e-09 6.10628
738.019 1.19638e-09 4.78002e-10 -3.9844 7.53855e-10 2.48368e-09 5.17807
738.944 1.12919e-09 4.61633e-10 -3.88471 1.15141e-09 2.46943e-09 3.31369
739.869 1.22312e-09 4.8115e-10 -4.05188 1.44282e-09 2.52992e-09 2.43896
740.794 1.37756e-09 4.90549e-10 -4.48429 1.15611e-09 2.55364e-09 3.4416
741.719 1.49499e-09 4.94361e-10 -4.80592 1.20055e-09 2.48322e-09 3.15635
742.643 1.52164e-09 4.71995e-10 -5.08374 1.6798e-09 2.57914e-09 1.86217
743.568 1.83016e-09 4.71788e-10 -5.88742 1.98543e-09 2.35076e-09 0.733541
744.493 1.44268e-09 4.92586e-10 -4.66689 2.25435e-09 2.27783e-09 0.0449969
745.418 1.09573e-09 4.53187e-10 -3.83427 2.26425e-09 2.48071e-09 0.39653
746.343 1.17518e-09 4.63729e-10 -4.03839 1.72124e-09 2.52038e-09 1.65626
747.268 1.11241e-09 4.87844e-10 -3.57984 1.68933e-09 2.50059e-09 1.70327
748.192 1.20749e-09 4.60012e-10 -4.19115 2.10239e-09 2.47169e-09 0.7028
749.117 1.68549e-09 4.60492e-10 -5.63505 1.92734e-09 2.55676e-09 1.22731
750.042 1.87547e-09 4.83333e-10 -5.88863 1.62751e-09 2.49174e-09 1.8498
750.967 1.33396e-09 5.07568e-10 -4.19649 1.50467e-09 2.4574e-09 2.13035
751.892 1.34437e-09 5.16685e-10 -4.15292 1.09244e-09 2.49487e-09 3.58649
752.817 1.46482e-09 5.17567e-10 -4.51819 9.25059e-10 2.51721e-09 4.3475
753.741 1.14601e-09 5.20131e-10 -3.43078 9.39365e-10 2.52609e-09 4.29615
754.666 1.04477e-09 4.89896e-10 -3.28915 6.92038e-10 2.49371e-09 5.56715
755.591 1.17617e-09 4.6819e-10 -4.00049 5.40419e-10 2.56717e-09 6.76723
756.516 1.48806e-09 4.77024e-10 -4.94082 5.81713e-10 2.55442e-09 6.42584
757.441 1.83204e-09 4.73358e-10 -5.87746 5.16475e-10 2.56829e-09 6.96594
758.366 1.70511e-09 4.71805e-10 -5.57989 5.79549e-10 2.64887e-09 6.5997
759.29 1.31589e-09 4.77401e-10 -4.40335 7.49129e-10 2.65342e-09 5.49249
760.215 1.27229e-09 5.25e-10 -3.84427 8.32848e-10 2.66386e-09 5.04946
761.14 1.53824e-09 5.31121e-10 -4.61831 1.20449e-09 2.57456e-09 3.299
762.065 1.32024e-09 5.13157e-10 -4.10403 1.1852e-09 2.59776e-09 3.40807
762.99 1.33217e-09 4.98657e-10 -4.26759 1.12118e-09 2.57296e-09 3.60759
763.915 1.34486e-09 4.86155e-10 -4.41902 1.64087e-09 2.70237e-09 2.1667
764.839 1.34904e-09 4.84184e-10 -4.45015 2.09737e-09 2.67461e-09 1.05584
765.764 1.34241e-09 4.8169e-10 -4.45118 1.96127e-09 2.68375e-09 1.36205
766.689 1.63037e-09 4.82701e-10 -5.28607 2.05592e-09 2.68305e-09 1.15622
767.614 1.29534e-09 4.90296e-10 -4.21924 1.74001e-09 2.6089e-09 1.75906
768.539 1.15891e-09 5.06164e-10 -3.59757 1.53467e-09 2.73501e-09 2.50943
769.464 1.53289e-09 5.29672e-10 -4.61504 1.99052e-09 2.90373e-09 1.63988
770.388 1.51852e-09 5.25105e-10 -4.61175 2.25258e-09 2.77758e-09 0.909854
771.313 1.17589e-09 5.21356e-10 -3.53232 1.6018e-09 2.65752e-09 2.19869
772.238 1.00155e-09 5.01649e-10 -3.00273 1.28861e-09 2.67482e-09 3.17174
773.163 1.18913e-09 4.90771e-10 -3.84352 1.02635e-09 2.79372e-09 4.34886
774.088 1.48602e-09 4.97837e-10 -4.74938 8.74058e-10 2.86397e-09 5.15429
775.013 1.719e-09 4.91168e-10 -5.44046 9.57228e-10 2.84239e-09 4.72668
775.937 1.37566e-09 5.02661e-10 -4.37235 8.98015e-10 2.77598e-09 4.90133
776.862 1.1501e-09 5.33566e-10 -3.33547 5.30199e-10 2.83241e-09 7.27717
777.787 1.40853e-09 5.39569e-10 -4.16721 5.27297e-10 2.85155e-09 7.33025
778.712 1.35643e-09 5.37087e-10 -4.02351 5.19754e-10 2.80947e-09 7.32826
779.637 1.02006e-09 5.43991e-10 -2.73036 6.06733e-10 2.71555e-09 6.5086
780.562 1.33538e-09 5.52869e-10 -3.82983 6.58815e-10 2.79637e-09 6.27831
781.486 1.44807e-09 5.44734e-10 -4.24606 7.03096e-10 2.97177e-09 6.26001
782.411 1.21171e-09 5.45333e-10 -3.46735 9.10099e-10 2.9677e-09 5.13332
783.336 1.32593e-09 5.49665e-10 -3.82424 1.3073e-09 3.00267e-09 3.61131
784.261 1.42407e-09 5.14322e-10 -4.42295 1.18261e-09 2.9985e-09 4.04063
785.186 1.05338e-09 5.61448e-10 -2.73277 1.38452e-09 2.89559e-09 3.20438
786.111 1.2055e-09 5.56912e-10 -3.35379 1.758e-09 2.92078e-09 2.2048
787.035 1.53883e-09 5.46808e-10 -4.49356 1.74072e-09 3.08911e-09 2.49105
787.96 1.30154e-09 5.5014e-10 -3.73985 1.70284e-09 3.19931e-09 2.73882
788.885 1.13885e-09 5.67546e-10 -3.02466 1.91487e-09 3.05686e-09 2.03137
789.81 1.13439e-09 5.72914e-10 -2.96672 1.58696e-09 3.02742e-09 2.80506
790.735 1.18665e-09 5.4916e-10 -3.34623 1.7294e-09 3.00876e-09 2.40493
791.66 1.21792e-09 5.50589e-10 -3.44791 2.06193e-09 3.13725e-09 1.82274
792.584 1.59304e-09 5.64154e-10 -4.5083 1.73586e-09 2.98597e-09 2.35571
793.509 1.37518e-09 5.58163e-10 -3.91599 1.13606e-09 2.95213e-09 4.14734
794.434 1.48653e-09 5.54423e-10 -4.28332 1.09858e-09 3.00544e-09 4.37078
795.359 1.49916e-09 5.54004e-10 -4.32336 9.51062e-10 2.8844e-09 4.81847
796.284 1.11395e-09 5.6924e-10 -2.91572 9.69869e-10 3.03991e-09 4.96147
797.209 1.06455e-09 5.62878e-10 -2.76751 9.83548e-10 3.1929e-09 5.1139
798.134 1.05414e-09 5.857e-10 -2.55221 6.4797e-10 3.01315e-09 6.67467
799.058 1.13432e-09 5.83997e-10 -2.88325 4.68159e-10 3.04074e-09 8.12586
799.983 1.11624e-09 5.56058e-10 -3.02636 6.48363e-10 3.00172e-09 6.65552
800.908 1.73374e-09 5.23449e-10 -5.2011 5.83709e-10 3.19365e-09 7.38091
801.833 1.87781e-09 5.54616e-10 -5.2966 5.82747e-10 3.22649e-09 7.4325
802.758 1.30509e-09 5.92702e-10 -3.42805 5.95646e-10 3.13978e-09 7.21911
803.683 1.22318e-09 5.63035e-10 -3.36956 7.32171e-10 3.16628e-09 6.35936
804.607 1.18554e-09 5.66656e-10 -3.20596 1.28412e-09 3.36583e-09 4.18488
805.532 1.09758e-09 6.00659e-10 -2.61808 1.51421e-09 3.22549e-09 3.2841
806.457 1.10042e-09 6.29908e-10 -2.4228 1.17222e-09 3.29364e-09 4.48667
807.382 1.15891e-09 6.0217e-10 -2.84331 1.31907e-09 3.16506e-09 3.80113
808.307 1.27585e-09 5.96496e-10 -3.30193 1.55543e-09 3.1897e-09 3.11898
809.232 1.61157e-09 6.10852e-10 -4.21313 1.5805e-09 3.35594e-09 3.27021
810.156 1.69747e-09 6.02556e-10 -4.49805 1.8964e-09 3.4657e-09 2.6186
811.081 1.14205e-09 6.06298e-10 -2.74999 1.96478e-09 3.53318e-09 2.54852
812.006 1.41604e-09 5.78862e-10 -3.88501 1.44835e-09 3.1652e-09 3.39529
812.931 1.2764e-09 5.76386e-10 -3.45273 1.62218e-09 3.22383e-09 2.98274
813.856 1.07759e-09 6.04434e-10 -2.51106 1.75078e-09 3.20937e-09 2.63188
814.781 1.03946e-09 6.05804e-10 -2.34474 1.27364e-09 3.34381e-09 4.19196
815.705 1.12e-09 5.77724e-10 -2.87499 1.13784e-09 3.39833e-09 4.75184
816.63 1.14095e-09 5.94388e-10 -2.83195 1.1608e-09 3.43416e-09 4.71064
817.555 1.20654e-09 5.99105e-10 -3.04039 8.73407e-10 3.40018e-09 5.90286
818.48 1.96589e-09 5.80465e-10 -5.29783 8.75062e-10 3.30268e-09 5.76827
819.405 1.42668e-09 6.15395e-10 -3.65174 7.65319e-10 3.47596e-09 6.57232
820.33 1.31961e-09 6.12809e-10 -3.33121 4.84658e-10 3.38427e-09 8.44029
821.254 1.37647e-09 5.85623e-10 -3.71148 6.04613e-10 3.23319e-09 7.28154
822.179 1.11167e-09 5.64603e-10 -2.9423 6.13072e-10 3.24993e-09 7.24362
823.104 9.1219e-10 5.85471e-10 -1.92579 5.40979e-10 3.18753e-09 7.70274
824.029 9.27159e-10 6.16184e-10 -1.77444 5.73986e-10 3.30235e-09 7.59922
824.954 1.18191e-09 6.26328e-10 -2.75782 6.98742e-10 3.44493e-09 6.92864
825.879 1.46989e-09 6.31051e-10 -3.6722 1.01166e-09 3.54208e-09 5.44224
826.803 1.77893e-09 6.30501e-10 -4.50473 1.45386e-09 3.50846e-09 3.82594
827.728 1.31949e-09 6.63919e-10 -2.98291 1.14978e-09 3.41746e-09 4.7309
828.653 1.25807e-09 6.93314e-10 -2.58775 1.03016e-09 3.41218e-09 5.20127
829.578 1.51759e-09 6.58715e-10 -3.62456 1.39364e-09 3.48362e-09 3.9788
830.503 1.10897e-09 6.62048e-10 -2.24029 1.70364e-09 3.51698e-09 3.14792
831.428 9.41456e-10 6.57022e-10 -1.5622 1.81226e-09 3.43314e-09 2.77472
832.352 1.05437e-09 6.49522e-10 -2.10401 1.9901e-09 3.38359e-09 2.30502
833.277 1.23929e-09 6.65156e-10 -2.70248 1.41532e-09 3.56669e-09 4.0141
834.202 1.25651e-09 6.54049e-10 -2.83556 1.25759e-09 3.31104e-09 4.20425
835.127 1.47499e-09 6.43264e-10 -3.604 1.63215e-09 3.40612e-09 3.19499
836.052 1.48303e-09 6.71711e-10 -3.43969 1.65542e-09 3.62299e-09 3.40159
836.977 1.14173e-09 6.74592e-10 -2.28522 1.23505e-09 3.76888e-09 4.84528
837.901 1.59216e-09 6.62651e-10 -3.80702 1.16952e-09 3.81761e-09 5.13785
838.826 1.44826e-09 6.84941e-10 -3.25192 8.75218e-10 3.5225e-09 6.04735
839.751 1.23265e-09 6.89441e-10 -2.52344 7.8664e-10 3.46246e-09 6.43608
840.676 1.23263e-09 6.81127e-10 -2.57605 8.04276e-10 3.46306e-09 6.34055
841.601 1.05628e-09 6.85392e-10 -1.8784 6.38516e-10 3.53949e-09 7.4377
842.526 9.79645e-10 6.3506e-10 -1.88254 5.03049e-10 3.54168e-09 8.47599
843.45 1.15699e-09 6.50166e-10 -2.50305 5.8649e-10 3.52869e-09 7.79353
844.375 1.52071e-09 6.68613e-10 -3.56871 4.8333e-10 3.48206e-09 8.57592
845.3 1.33021e-09 7.13829e-10 -2.70327 5.53369e-10 3.55463e-09 8.0778
846.225 1.71089e-09 6.92005e-10 -3.93113 6.39584e-10 3.62107e-09 7.52939
847.15 1.73727e-09 6.89175e-10 -4.01538 8.24825e-10 3.62127e-09 6.42499
848.075 1.13004e-09 6.59999e-10 -2.33549 1.06686e-09 3.52255e-09 5.18749
848.999 9.46061e-10 6.67149e-10 -1.51696 1.19116e-09 3.61794e-09 4.8249
849.924 1.02776e-09 6.93297e-10 -1.70973 8.99617e-10 3.41417e-09 5.79227
850.849 1.08217e-09 6.98974e-10 -1.89836 1.27008e-09 3.5746e-09 4.49395
851.774 1.09454e-09 6.74046e-10 -2.10544 1.65738e-09 3.47982e-09 3.22135
852.699 1.43971e-09 6.89726e-10 -3.19598 1.80673e-09 3.47954e-09 2.84629
853.624 1.38991e-09 6.89237e-10 -3.04619 1.68844e-09 3.44916e-09 3.10228
854.549 1.30971e-09 6.97104e-10 -2.73878 1.54772e-09 3.77518e-09 3.87245
855.473 1.40932e-09 6.97542e-10 -3.0544 1.18308e-09 3.76683e-09 5.02961
856.398 1.20202e-09 7.12471e-10 -2.27145 1.52166e-09 3.68832e-09 3.84513
857.323 1.28802e-09 8.53729e-10 -1.78602 1.8247e-09 3.62092e-09 2.97627
858.248 1.36541e-09 1.36189e-09 -0.011217 1.60054e-09 4.08871e-09 4.0732
859.173 1.7212e-09 2.07974e-09 0.821779 1.23904e-09 4.44775e-09 5.55054
860.098 2.53201e-09 2.58853e-09 0.0958728 1.32884e-09 4.56647e-09 5.36107
861.022 2.71462e-09 2.38869e-09 -0.555492 1.17215e-09 4.44385e-09 5.78776
861.947 1.70191e-09 1.33938e-09 -1.04032 1.0023e-09 3.83623e-09 5.82909
862.872 1.11092e-09 7.32248e-10 -1.81024 7.71363e-10 3.3521e-09 6.38058
863.797 1.63008e-09 7.194e-10 -3.55239 5.92306e-10 3.1478e-09 7.25461
864.722 1.40782e-09 7.02836e-10 -3.01693 5.00768e-10 3.31481e-09 8.20821
865.647 1.17956e-09 6.91228e-10 -2.321 5.80456e-10 3.31946e-09 7.57298
866.571 1.23086e-09 7.13929e-10 -2.36554 5.6005e-10 3.25858e-09 7.64802
867.496 1.09869e-09 7.07333e-10 -1.91252 6.3832e-10 3.4093e-09 7.27627
868.421 1.01581e-09 6.92676e-10 -1.66282 6.56454e-10 3.26427e-09 6.96582
869.346 1.37587e-09 6.6484e-10 -3.15859 8.60959e-10 3.2046e-09 5.70791
870.271 1.72319e-09 6.64309e-10 -4.13963 1.07988e-09 3.49458e-09 5.1002
871.196 1.30057e-09 6.88408e-10 -2.76287 1.15091e-09 3.39092e-09 4.69277
872.12 1.29318e-09 7.10453e-10 -2.60123 1.12152e-09 3.1924e-09 4.54312
873.045 1.33032e-09 6.93027e-10 -2.83207 1.42131e-09 3.32667e-09 3.69323
873.97 1.1236e-09 7.16299e-10 -1.95516 1.5879e-09 3.43734e-09 3.35398
874.895 1.03839e-09 7.29881e-10 -1.53107 1.60887e-09 3.41468e-09 3.26828
875.82 1.07731e-09 6.86543e-10 -1.95671 1.47543e-09 3.30463e-09 3.50204
876.745 1.19394e-09 6.95409e-10 -2.34743 1.37799e-09 3.02686e-09 3.41747
877.669 1.70981e-09 6.95432e-10 -3.90692 1.47432e-09 3.08035e-09 3.20009
878.594 1.69779e-09 7.02776e-10 -3.83067 1.6706e-09 3.12696e-09 2.72248
879.519 1.06679e-09 7.07242e-10 -1.78509 1.55832e-09 3.16582e-09 3.0783
880.444 1.10103e-09 7.4479e-10 -1.69765 1.13825e-09 3.16316e-09 4.43883
881.369 1.28935e-09 7.58762e-10 -2.30267 8.29252e-10 2.9805e-09 5.55602
882.294 1.1704e-09 7.55586e-10 -1.90049 8.47314e-10 2.9638e-09 5.43804
883.218 1.14548e-09 7.43795e-10 -1.87534 9.63088e-10 3.16577e-09 5.16813
884.143 1.20694e-09 6.97304e-10 -2.38263 8.24003e-10 2.9798e-09 5.58258
885.068 1.32569e-09 6.98784e-10 -2.78099 5.72817e-10 2.83631e-09 6.94737
885.993 1.46537e-09 6.72637e-10 -3.38168 4.61369e-10 2.90612e-09 7.99266
886.918 1.52182e-09 6.52993e-10 -3.67454 6.10735e-10 2.93067e-09 6.81115
887.843 1.19204e-09 6.80932e-10 -2.43188 7.03869e-10 2.83367e-09 6.04858
888.767 1.04378e-09 7.21997e-10 -1.60072 6.48109e-10 2.85877e-09 6.44532
889.692 1.26807e-09 7.42691e-10 -2.32336 5.58285e-10 2.83946e-09 7.06379
890.617 1.17967e-09 7.22965e-10 -2.12643 8.09723e-10 2.89064e-09 5.52658
891.542 1.22369e-09 7.06718e-10 -2.38425 1.04654e-09 2.86141e-09 4.36826
892.467 1.26379e-09 6.96806e-10 -2.58562 1.24336e-09 2.64012e-09 3.27028
893.392 1.18058e-09 6.55584e-10 -2.55468 1.176e-09 2.67635e-09 3.57135
894.316 1.28754e-09 6.8982e-10 -2.71026 1.11227e-09 2.62742e-09 3.7332
895.241 1.7655e-09 6.98527e-10 -4.02685 1.31258e-09 2.63441e-09 3.02556
896.166 1.30595e-09 6.68545e-10 -2.90796 1.73551e-09 2.72191e-09 1.95446
897.091 1.00579e-09 6.78019e-10 -1.71266 1.61948e-09 2.68167e-09 2.19029
898.016 1.26684e-09 7.1003e-10 -2.51445 1.43402e-09 2.54924e-09 2.49854
898.941 1.22055e-09 7.24114e-10 -2.26749 1.39478e-09 2.61891e-09 2.73615
899.865 8.86385e-10 7.00293e-10 -1.02343 1.41391e-09 2.51664e-09 2.50399
900.79 9.48039e-10 6.89359e-10 -1.3838 1.35897e-09 2.50845e-09 2.66196
901.715 1.33485e-09 6.6427e-10 -3.03087 1.35267e-09 2.47464e-09 2.6232
902.64 1.28411e-09 7.11722e-10 -2.56291 9.72486e-10 2.47949e-09 4.06479
903.565 1.53762e-09 7.05315e-10 -3.38465 8.11613e-10 2.50649e-09 4.89718
904.49 1.57233e-09 6.88195e-10 -3.58833 9.09388e-10 2.58861e-09 4.54318
905.414 1.23549e-09 6.46224e-10 -2.81457 8.2544e-10 2.57387e-09 4.93901
906.339 1.13309e-09 6.52928e-10 -2.394 5.61518e-10 2.4346e-09 6.37063
907.264 1.09887e-09 7.05334e-10 -1.92553 5.13274e-10 2.36665e-09 6.63784
908.189 1.06469e-09 6.81701e-10 -1.93631 5.18478e-10 2.49155e-09 6.8174
909.114 1.16663e-09 6.32736e-10 -2.65709 6.62895e-10 2.37513e-09 5.54243
910.039 1.3487e-09 6.44026e-10 -3.21011 5.826e-10 2.30345e-09 5.97008
910.964 1.14376e-09 6.98213e-10 -2.14347 5.10472e-10 2.46443e-09 6.83745
911.888 1.39109e-09 7.39755e-10 -2.74267 7.04604e-10 2.53349e-09 5.55775
912.813 1.73929e-09 7.23582e-10 -3.80885 1.10962e-09 2.45275e-09 3.44479
913.738 1.23429e-09 6.89767e-10 -2.52716 1.11484e-09 2.42997e-09 3.38387
914.663 1.13599e-09 6.64451e-10 -2.3291 1.13891e-09 2.4411e-09 3.31095
915.588 1.31879e-09 6.47974e-10 -3.08619 9.34244e-10 2.45457e-09 4.19515
916.513 1.10628e-09 6.27225e-10 -2.46441 1.12802e-09 2.60249e-09 3.6307
917.437 1.00166e-09 6.14736e-10 -2.12033 1.61994e-09 2.55823e-09 1.9844
918.362 1.05135e-09 6.30711e-10 -2.21917 1.94265e-09 2.58059e-09 1.23324
919.287 9.92252e-10 6.32641e-10 -1.95464 1.41801e-09 2.46381e-09 2.39929
920.212 1.09556e-09 6.08884e-10 -2.551 1.26795e-09 2.29516e-09 2.5771
921.137 1.65261e-09 6.40136e-10 -4.11897 1.23145e-09 2.27616e-09 2.66785
922.062 1.4989e-09 6.39534e-10 -3.69909 1.34234e-09 2.27194e-09 2.28533
922.986 1.35807e-09 6.40028e-10 -3.26724 1.32806e-09 2.1955e-09 2.18314
923.911 1.25255e-09 6.36857e-10 -2.93754 1.27548e-09 2.23539e-09 2.43681
924.836 1.09461e-09 6.37703e-10 -2.34643 7.51128e-10 2.36356e-09 4.97853
925.761 9.87246e-10 6.45843e-10 -1.84298 7.65483e-10 2.41393e-09 4.9879
926.686 1.00687e-09 6.52777e-10 -1.88208 8.23752e-10 2.27836e-09 4.41825
927.611 1.12297e-09 6.19236e-10 -2.58512 6.66014e-10 2.22871e-09 5.2457
928.535 1.0638e-09 6.61333e-10 -2.06439 4.80147e-10 2.31167e-09 6.82551
929.46 1.78212e-09 6.6238e-10 -4.29831 5.20603e-10 2.1931e-09 6.24551
930.385 1.76779e-09 6.00701e-10 -4.68773 4.83307e-10 2.26103e-09 6.70083
931.31 1.05287e-09 5.76823e-10 -2.61332 6.10207e-10 2.27868e-09 5.72206
932.235 1.01501e-09 5.97138e-10 -2.30394 4.92864e-10 2.34743e-09 6.77866
933.16 1.01768e-09 6.06631e-10 -2.24688 5.70547e-10 2.38924e-09 6.21969
934.084 1.00799e-09 6.19144e-10 -2.11663 9.56152e-10 2.33832e-09 3.88378
935.009 1.03119e-09 6.37465e-10 -2.08883 1.09273e-09 2.26058e-09 3.15705
935.934 1.16582e-09 6.27208e-10 -2.69221 9.08547e-10 2.23009e-09 3.89976
936.859 1.14728e-09 6.41351e-10 -2.52574 1.04986e-09 2.36661e-09 3.52994
937.784 1.3449e-09 6.46964e-10 -3.1781 1.04777e-09 2.43003e-09 3.65347
938.709 1.49801e-09 6.56766e-10 -3.58104 1.38374e-09 2.24241e-09 2.09661
939.633 1.20079e-09 6.55387e-10 -2.62968 1.87134e-09 2.20863e-09 0.719714
940.558 1.14459e-09 6.73351e-10 -2.3041 1.56976e-09 2.29145e-09 1.64276
941.483 1.13961e-09 6.54957e-10 -2.40544 9.6004e-10 2.32518e-09 3.84166
942.408 1.23014e-09 6.8e-10 -2.57445 1.30575e-09 2.38264e-09 2.61198
943.333 1.12787e-09 6.81892e-10 -2.18543 1.36351e-09 2.46153e-09 2.56547
944.258 1.16805e-09 6.89395e-10 -2.28992 1.35396e-09 2.43976e-09 2.55741
945.182 1.09362e-09 7.05394e-10 -1.90435 1.35e-09 2.37361e-09 2.45074
946.107 1.14308e-09 6.9754e-10 -2.14507 9.68903e-10 2.50489e-09 4.12509
947.032 1.68798e-09 6.93791e-10 -3.86137 5.9472e-10 2.61071e-09 6.42446
947.957 1.21057e-09 6.67694e-10 -2.58413 9.1719e-10 2.44858e-09 4.26455
948.882 1.17628e-09 6.64807e-10 -2.47815 8.43653e-10 2.26324e-09 4.28567
949.807 1.22e-09 6.76924e-10 -2.55821 6.07812e-10 2.35463e-09 5.88154
950.731 1.05536e-09 6.78413e-10 -1.91908 5.32261e-10 2.36877e-09 6.48398
951.656 9.77157e-10 6.749e-10 -1.60725 4.57985e-10 2.32937e-09 7.06388
952.581 1.06258e-09 7.30886e-10 -1.62513 5.72742e-10 2.40523e-09 6.23199
953.506 1.25708e-09 7.47981e-10 -2.25474 6.86697e-10 2.35536e-09 5.35292
954.431 1.2237e-09 7.31131e-10 -2.23682 4.99438e-10 2.39932e-09 6.81606
955.356 1.50454e-09 7.18319e-10 -3.21087 7.26741e-10 2.53802e-09 5.43116
956.28 1.333e-09 7.07203e-10 -2.75287 9.55819e-10 2.43265e-09 4.05705
957.205 1.11806e-09 7.26419e-10 -1.87277 8.00878e-10 2.38011e-09 4.73031
958.13 1.21544e-09 7.33022e-10 -2.19617 1.04507e-09 2.32844e-09 3.4792
959.055 1.04498e-09 7.7232e-10 -1.3131 1.16401e-09 2.38213e-09 3.11009
959.98 9.92264e-10 7.55344e-10 -1.18482 1.07758e-09 2.32265e-09 3.33533
960.905 1.24143e-09 7.13334e-10 -2.4063 1.47275e-09 2.43181e-09 2.178
961.829 1.32337e-09 7.06406e-10 -2.72627 1.61308e-09 2.52357e-09 1.94359
962.754 1.02363e-09 6.86792e-10 -1.73317 1.07654e-09 2.54554e-09 3.73748
963.679 1.22964e-09 6.98263e-10 -2.45759 1.21241e-09 2.38784e-09 2.94356
964.604 1.23085e-09 7.14583e-10 -2.36153 1.50307e-09 2.40871e-09 2.04804
965.529 9.91736e-10 7.32871e-10 -1.31369 1.31173e-09 2.32792e-09 2.49125
966.454 1.33475e-09 7.18189e-10 -2.69161 1.26086e-09 2.35137e-09 2.70655
967.379 1.28844e-09 7.77107e-10 -2.19582 1.10493e-09 2.31319e-09 3.20877
968.303 1.18801e-09 8.21069e-10 -1.60441 6.4466e-10 2.33482e-09 5.58922
969.228 1.16284e-09 8.46111e-10 -1.38092 8.24641e-10 2.47395e-09 4.77126
970.153 1.14712e-09 7.63313e-10 -1.76906 9.8444e-10 2.3196e-09 3.72225
971.078 1.05781e-09 7.28823e-10 -1.61784 6.7185e-10 2.29176e-09 5.32898
972.003 1.11292e-09 7.51607e-10 -1.70475 4.72306e-10 2.46272e-09 7.17191
972.928 1.48349e-09 7.74241e-10 -2.82409 4.65767e-10 2.42775e-09 7.17036
973.852 1.23804e-09 7.94575e-10 -1.92601 5.06367e-10 2.4624e-09 6.86893
974.777 1.31141e-09 7.73333e-10 -2.29374 7.12605e-10 2.48714e-09 5.42852
975.702 1.2236e-09 7.99501e-10 -1.84822 5.29319e-10 2.37782e-09 6.52462
976.627 9.67102e-10 7.51586e-10 -1.09493 5.52806e-10 2.345e-09 6.2757
977.552 1.07447e-09 7.72177e-10 -1.43477 8.36037e-10 2.3217e-09 4.43581
978.477 1.20739e-09 8.29789e-10 -1.62879 9.77539e-10 2.43582e-09 3.96512
979.401 1.10518e-09 8.0332e-10 -1.38544 9.75498e-10 2.29385e-09 3.71339
980.326 1.14554e-09 8.107e-10 -1.50149 1.19259e-09 2.20348e-09 2.6662
981.251 1.49434e-09 8.0341e-10 -2.69514 9.44799e-10 2.19788e-09 3.66665
982.176 1.29006e-09 7.8956e-10 -2.13224 1.17155e-09 2.21322e-09 2.76264
983.101 9.89315e-10 7.3016e-10 -1.31916 1.5712e-09 2.26758e-09 1.59333
984.026 1.10361e-09 7.45857e-10 -1.70158 1.44819e-09 2.23219e-09 1.87906
984.95 1.06834e-09 8.17333e-10 -1.1631 1.1582e-09 2.18897e-09 2.76455
985.875 1.11688e-09 7.73764e-10 -1.59396 1.37992e-09 2.27268e-09 2.16685
986.8 1.25771e-09 7.62598e-10 -2.17284 1.22408e-09 2.27701e-09 2.69554
987.725 1.1072e-09 7.68144e-10 -1.58785 1.12954e-09 2.24804e-09 2.98901
988.65 1.09907e-09 7.54705e-10 -1.63247 1.12234e-09 2.20439e-09 2.93165
989.575 1.42302e-09 7.0351e-10 -3.05942 8.94817e-10 2.26977e-09 4.04247
990.499 1.39366e-09 7.35514e-10 -2.77567 7.25626e-10 2.32424e-09 5.05569
991.424 1.00149e-09 7.81992e-10 -1.07445 9.15893e-10 2.28738e-09 3.97494
992.349 1.14258e-09 7.96881e-10 -1.56492 7.12312e-10 2.32881e-09 5.14464
993.274 1.12232e-09 7.88735e-10 -1.53188 5.25943e-10 2.31698e-09 6.43985
994.199 1.1586e-09 7.55146e-10 -1.85902 4.59283e-10 2.325e-09 7.04343
995.124 1.21439e-09 7.72903e-10 -1.96233 5.11914e-10 2.22476e-09 6.38088
996.048 1.16665e-09 7.4117e-10 -1.97023 5.66486e-10 2.17917e-09 5.85101
996.973 9.20349e-10 7.41663e-10 -0.937459 5.78433e-10 2.23307e-09 5.8665
997.898 1.20606e-09 7.24417e-10 -2.21379 4.10759e-10 2.21116e-09 7.31032
998.823 1.51697e-09 7.28978e-10 -3.18263 7.39504e-10 2.20505e-09 4.74479
999.748 1.20167e-09 7.21715e-10 -2.21421 9.75066e-10 2.12645e-09 3.3862
1000.67 1.13916e-09 7.46921e-10 -1.83309 1.02787e-09 2.07106e-09 3.04253
1001.6 1.16178e-09 7.33536e-10 -1.99701 9.90151e-10 2.15381e-09 3.37506
1002.52 1.11277e-09 7.63848e-10 -1.63399 9.33195e-10 2.21924e-09 3.76232
1003.45 1.12013e-09 7.56994e-10 -1.70177 9.72975e-10 2.1694e-09 3.48238
1004.37 1.26722e-09 7.12777e-10 -2.49899 1.57602e-09 2.06465e-09 1.17284
1005.3 1.12644e-09 7.07579e-10 -2.01933 1.62972e-09 2.02539e-09 0.943951
1006.22 1.33789e-09 7.30073e-10 -2.63056 1.3086e-09 2.20346e-09 2.26298
1007.15 1.40594e-09 7.65668e-10 -2.63926 1.11723e-09 2.08665e-09 2.71308
1008.07 1.07227e-09 7.45636e-10 -1.57777 1.11834e-09 2.13766e-09 2.81364
1009 1.0304e-09 7.41978e-10 -1.42616 1.07766e-09 2.00259e-09 2.69112
1009.92 1.11748e-09 7.34575e-10 -1.82205 1.25599e-09 1.92582e-09 1.85628
1010.85 1.09256e-09 7.11202e-10 -1.8645 1.0669e-09 1.99206e-09 2.71177
1011.77 1.25312e-09 6.83425e-10 -2.63302 7.7621e-10 2.14938e-09 4.42333
1012.7 1.42009e-09 7.18588e-10 -2.95837 6.97579e-10 2.15116e-09 4.8908
1013.62 1.30269e-09 6.95574e-10 -2.72499 7.06233e-10 2.11202e-09 4.75751
1014.55 1.17441e-09 7.02952e-10 -2.22895 5.554e-10 2.07499e-09 5.7241
1015.47 1.2937e-09 7.2108e-10 -2.5385 5.42021e-10 2.08909e-09 5.85941
1016.39 1.10813e-09 7.55819e-10 -1.66174 4.89049e-10 2.17441e-09 6.47989
1017.32 1.01292e-09 7.58334e-10 -1.25715 5.05949e-10 2.10441e-09 6.19024
1018.24 1.15168e-09 7.52126e-10 -1.8504 5.4257e-10 2.06183e-09 5.79798
1019.17 1.08234e-09 7.24576e-10 -1.74278 5.21197e-10 2.04727e-09 5.94174
1020.09 1.16804e-09 6.85403e-10 -2.31511 6.75249e-10 2.00787e-09 4.73271
1021.02 1.3584e-09 6.83334e-10 -2.98395 8.73873e-10 2.0687e-09 3.74249
1021.94 1.29443e-09 7.54056e-10 -2.34675 9.28403e-10 2.21746e-09 3.78119
1022.87 1.09752e-09 7.48882e-10 -1.65997 9.24089e-10 2.13714e-09 3.64119
1023.79 1.29778e-09 7.39454e-10 -2.44289 8.96429e-10 1.98027e-09 3.44208
1024.72 1.2043e-09 6.92857e-10 -2.40093 1.00574e-09 2.03476e-09 3.06029
1025.64 1.06201e-09 6.68165e-10 -2.01244 1.43539e-09 2.00329e-09 1.44773
1026.57 1.13282e-09 6.78916e-10 -2.22343 1.60319e-09 2.00195e-09 0.964666
1027.49 1.05914e-09 6.93871e-10 -1.83675 1.29263e-09 1.96644e-09 1.82207
1028.42 9.50672e-10 6.93154e-10 -1.37201 1.07101e-09 1.94199e-09 2.58452
1029.34 1.14062e-09 6.90189e-10 -2.18174 1.04421e-09 1.94556e-09 2.70259
1030.27 1.43606e-09 7.31732e-10 -2.9282 1.18136e-09 1.9213e-09 2.11213
1031.19 1.11902e-09 7.51114e-10 -1.73134 1.40755e-09 1.91003e-09 1.32574
1032.12 1.30241e-09 7.07116e-10 -2.65257 1.22441e-09 1.93669e-09 1.99133
1033.04 1.47331e-09 7.00883e-10 -3.22649 7.77568e-10 1.97018e-09 4.03768
1033.97 1.18195e-09 7.11815e-10 -2.20233 6.35654e-10 2.00533e-09 4.98965
1034.89 9.19438e-10 6.94432e-10 -1.21893 6.55916e-10 1.9756e-09 4.78851
1035.82 9.59021e-10 7.06359e-10 -1.32802 6.50812e-10 2.01017e-09 4.89776
1036.74 1.0421e-09 7.1696e-10 -1.62415 6.46476e-10 2.13396e-09 5.18633
1037.67 1.12009e-09 7.10159e-10 -1.97898 4.69326e-10 2.09971e-09 6.50685
1038.59 1.32571e-09 7.12803e-10 -2.6948 4.71681e-10 1.99094e-09 6.2541
1039.52 1.14288e-09 7.07828e-10 -2.08075 5.5801e-10 1.8939e-09 5.30715
1040.44 1.176e-09 6.80762e-10 -2.37411 5.22801e-10 1.81935e-09 5.41579
1041.37 1.35406e-09 6.58875e-10 -3.12834 5.52009e-10 1.82114e-09 5.18398
1042.29 1.02847e-09 7.11979e-10 -1.59724 7.05705e-10 1.97461e-09 4.46859
1043.22 1.01721e-09 7.01517e-10 -1.6137 6.94969e-10 1.9126e-09 4.3966
1044.14 1.0866e-09 7.16427e-10 -1.80896 9.58247e-10 1.84284e-09 2.84009
1045.06 1.06606e-09 7.10412e-10 -1.76272 9.70921e-10 1.78967e-09 2.6559
1045.99 1.03549e-09 7.20948e-10 -1.57242 9.7032e-10 1.83325e-09 2.76306
1046.91 1.2096e-09 7.36388e-10 -2.15533 1.22158e-09 1.92063e-09 1.96522
1047.84 1.17757e-09 7.25359e-10 -2.10433 1.47366e-09 1.86577e-09 1.02463
1048.76 1.13908e-09 7.31694e-10 -1.92224 1.1267e-09 1.861e-09 2.17936
1049.69 1.5959e-09 7.06047e-10 -3.54171 1.16245e-09 1.88327e-09 2.09539
1050.61 1.37229e-09 6.97857e-10 -2.93678 1.11636e-09 1.87653e-09 2.25552
1051.54 1.10703e-09 6.88192e-10 -2.06449 1.11417e-09 1.77697e-09 2.0273
1052.46 9.61295e-10 6.75613e-10 -1.53159 1.33839e-09 1.86262e-09 1.43542
1053.39 9.22152e-10 6.43286e-10 -1.56398 1.32714e-09 1.90511e-09 1.57005
1054.31 9.4693e-10 6.56527e-10 -1.59065 7.55769e-10 1.86098e-09 3.91354
1055.24 1.06174e-09 6.69201e-10 -2.0046 6.85871e-10 1.7535e-09 4.07664
1056.16 1.25845e-09 7.07379e-10 -2.50185 7.19911e-10 1.83214e-09 4.05679
1057.09 1.10758e-09 6.89928e-10 -2.05573 7.06038e-10 1.81193e-09 4.09314
1058.01 1.55657e-09 6.97046e-10 -3.48907 7.00728e-10 1.66717e-09 3.76431
1058.94 1.46264e-09 6.73056e-10 -3.37086 5.82761e-10 1.72381e-09 4.70998
1059.86 1.02408e-09 6.48199e-10 -1.98623 4.05196e-10 1.76246e-09 6.38454
1060.79 9.53074e-10 6.36359e-10 -1.75424 6.35926e-10 1.7556e-09 4.4102
1061.71 9.11329e-10 6.53021e-10 -1.44748 5.70718e-10 1.76102e-09 4.89342
1062.64 9.23605e-10 6.2512e-10 -1.69523 5.54779e-10 1.73344e-09 4.94788
1063.56 1.02329e-09 6.64273e-10 -1.87652 6.16368e-10 1.72038e-09 4.45783
1064.49 1.28985e-09 6.69266e-10 -2.84941 6.46525e-10 1.81737e-09 4.48859
1065.41 1.20046e-09 6.50651e-10 -2.65999 8.85944e-10 1.82168e-09 3.13067
1066.34 1.15655e-09 6.37765e-10 -2.58502 1.24069e-09 1.70669e-09 1.38493
1067.26 1.21414e-09 6.69556e-10 -2.58481 9.21503e-10 1.69321e-09 2.64214
1068.19 1.07848e-09 6.90017e-10 -1.93953 9.83434e-10 1.65141e-09 2.25109
1069.11 1.09504e-09 6.63332e-10 -2.17697 1.28426e-09 1.70359e-09 1.22712
1070.04 1.02312e-09 6.42127e-10 -2.02304 1.24146e-09 1.77617e-09 1.55549
1070.96 9.80002e-10 6.43373e-10 -1.82765 1.1726e-09 1.74728e-09 1.73213
1071.88 1.01012e-09 7.07312e-10 -1.54764 1.39316e-09 1.74038e-09 0.966436
1072.81 1.27078e-09 9.38415e-10 -1.31675 1.07351e-09 1.83246e-09 2.32228
1073.73 1.30279e-09 1.23614e-09 -0.22805 1.18343e-09 1.88218e-09 2.01517
1074.66 1.67783e-09 1.32351e-09 -1.0302 1.47219e-09 1.86956e-09 1.03776
1075.58 2.33193e-09 1.4238e-09 -2.14268 1.19187e-09 1.88327e-09 1.98685
1076.51 1.69495e-09 1.25063e-09 -1.32028 7.84289e-10 1.90304e-09 3.84971
1077.43 1.29834e-09 8.60771e-10 -1.78501 8.71914e-10 1.8046e-09 3.15907
1078.36 1.13045e-09 6.1379e-10 -2.65233 7.18217e-10 1.64369e-09 3.59564
1079.28 9.35518e-10 5.71897e-10 -2.13735 6.32267e-10 1.61353e-09 4.06877
1080.21 9.0872e-10 6.23154e-10 -1.63835 5.94224e-10 1.5845e-09 4.25942
1081.13 1.13717e-09 6.33939e-10 -2.53776 4.70922e-10 1.48261e-09 4.98079
1082.06 1.22985e-09 6.30631e-10 -2.90077 5.33095e-10 1.53187e-09 4.58418
1082.98 1.04083e-09 6.20452e-10 -2.24671 6.46575e-10 1.59888e-09 3.93196
1083.91 1.19589e-09 6.05254e-10 -2.95755 4.45564e-10 1.62851e-09 5.6288
1084.83 1.20193e-09 5.92873e-10 -3.06918 5.06186e-10 1.54865e-09 4.85643
1085.76 1.08651e-09 5.75596e-10 -2.75914 6.14144e-10 1.48304e-09 3.82883
1086.68 1.09177e-09 5.70115e-10 -2.82169 7.49052e-10 1.45761e-09 2.89129
1087.61 9.50443e-10 6.25326e-10 -1.8182 1.17154e-09 1.51811e-09 1.12546
1088.53 1.00281e-09 6.44381e-10 -1.92076 1.09014e-09 1.57219e-09 1.59025
1089.46 1.29455e-09 6.14757e-10 -3.23415 7.53468e-10 1.54276e-09 3.11233
1090.38 1.32014e-09 5.84337e-10 -3.53956 1.11062e-09 1.5135e-09 1.34415
1091.31 9.68085e-10 5.86891e-10 -2.17356 1.36681e-09 1.50123e-09 0.407397
1092.23 1.0249e-09 5.50256e-10 -2.70116 1.23697e-09 1.5055e-09 0.853231
1093.16 1.19811e-09 5.9836e-10 -3.01534 1.39227e-09 1.49308e-09 0.303598
1094.08 1.07768e-09 5.89267e-10 -2.62179 1.2296e-09 1.543e-09 0.986034
1095.01 1.15345e-09 5.63163e-10 -3.11366 8.56059e-10 1.53036e-09 2.5229
1095.93 1.11855e-09 5.6108e-10 -2.99631 1.1849e-09 1.54469e-09 1.1516
1096.86 1.00879e-09 5.74989e-10 -2.44141 1.24265e-09 1.5549e-09 0.973546
1097.78 1.05952e-09 5.70237e-10 -2.69054 7.98611e-10 1.60013e-09 3.01821
1098.71 1.17159e-09 5.3546e-10 -3.4005 7.8112e-10 1.45416e-09 2.69896
1099.63 9.97553e-10 5.24539e-10 -2.79159 7.6276e-10 1.40116e-09 2.64099
1100.55 9.00614e-10 5.3249e-10 -2.28227 5.68119e-10 1.38039e-09 3.85561
1101.48 1.17404e-09 5.53156e-10 -3.26834 5.80356e-10 1.39843e-09 3.81948
1102.4 1.11024e-09 5.4935e-10 -3.05567 4.94003e-10 1.36842e-09 4.42491
1103.33 1.13831e-09 5.44843e-10 -3.19988 4.00325e-10 1.38977e-09 5.40529
1104.25 1.08976e-09 5.52354e-10 -2.95112 5.88122e-10 1.43393e-09 3.87062
1105.18 1.01341e-09 5.17541e-10 -2.91842 4.71714e-10 1.42004e-09 4.78621
1106.1 1.07267e-09 4.82095e-10 -3.47334 5.21016e-10 1.37189e-09 4.20469
1107.03 1.31495e-09 4.89924e-10 -4.28782 6.80788e-10 1.31531e-09 2.86018
1107.95 1.14245e-09 4.89097e-10 -3.68441 7.51114e-10 1.32207e-09 2.45549
1108.88 1.04466e-09 4.92672e-10 -3.26419 9.3517e-10 1.37884e-09 1.68623
1109.8 1.35732e-09 5.27382e-10 -4.10557 1.1401e-09 1.39633e-09 0.88048
1110.73 1.20832e-09 5.15346e-10 -3.70084 7.38334e-10 1.27169e-09 2.36129
1111.65 9.74917e-10 4.89847e-10 -2.98907 9.78018e-10 1.25464e-09 1.08172
1112.58 1.03488e-09 4.75757e-10 -3.37506 1.48637e-09 1.32166e-09 -0.510056
1113.5 1.09076e-09 4.55609e-10 -3.79135 1.37044e-09 1.34458e-09 -0.0827382
1114.43 1.13947e-09 4.71773e-10 -3.82968 1.21083e-09 1.3047e-09 0.32427
1115.35 1.11748e-09 4.84457e-10 -3.62984 1.2871e-09 1.25486e-09 -0.110186
1116.28 1.15604e-09 4.76248e-10 -3.85139 8.5941e-10 1.32515e-09 1.88066
1117.2 1.02066e-09 4.74818e-10 -3.32354 1.08834e-09 1.30962e-09 0.803803
1118.13 1.10208e-09 4.54032e-10 -3.85128 1.3806e-09 1.32329e-09 -0.184113
1119.05 1.09962e-09 4.63856e-10 -3.74862 1.04549e-09 1.253e-09 0.786331
1119.98 1.00363e-09 4.64883e-10 -3.34229 6.38151e-10 1.19706e-09 2.73193
1120.9 1.05361e-09 4.5234e-10 -3.67217 7.55947e-10 1.25182e-09 2.1905
1121.83 1.07212e-09 4.07606e-10 -4.20002 5.55727e-10 1.25437e-09 3.53565
1122.75 1.1224e-09 4.10341e-10 -4.37002 6.03674e-10 1.23849e-09 3.12089
1123.68 1.24604e-09 4.3617e-10 -4.55875 5.92702e-10 1.1168e-09 2.7514
1124.6 1.23132e-09 4.22725e-10 -4.64311 4.877e-10 1.16396e-09 3.77785
1125.53 1.06448e-09 4.26763e-10 -3.96952 4.92867e-10 1.19672e-09 3.85262
1126.45 1.20884e-09 4.51014e-10 -4.28178 5.70612e-10 1.08708e-09 2.79919
1127.38 1.25266e-09 4.37139e-10 -4.57213 4.63697e-10 1.1251e-09 3.84958
1128.3 1.02888e-09 4.25357e-10 -3.8361 6.70732e-10 1.1422e-09 2.31193
1129.22 9.93475e-10 4.42441e-10 -3.51302 6.73894e-10 1.11973e-09 2.20521
1130.15 9.5738e-10 4.2314e-10 -3.546 7.80399e-10 1.05333e-09 1.30249
1131.07 1.00326e-09 3.96093e-10 -4.03616 1.05387e-09 1.02822e-09 -0.107018
1132 1.00883e-09 3.85888e-10 -4.17357 1.02593e-09 1.08954e-09 0.261222
1132.92 1.21765e-09 3.86328e-10 -4.98565 8.42941e-10 1.08363e-09 1.09084
1133.85 1.23227e-09 3.80959e-10 -5.09828 1.35474e-09 1.05743e-09 -1.07606
1134.77 1.22326e-09 3.72666e-10 -5.16199 1.34235e-09 9.6588e-10 -1.42944
1135.7 1.13607e-09 3.61232e-10 -4.9762 1.15394e-09 1.03212e-09 -0.484545
1136.62 9.80816e-10 3.68755e-10 -4.24849 1.17684e-09 1.01914e-09 -0.624848
1137.55 8.52024e-10 3.75495e-10 -3.55848 1.12987e-09 9.47991e-10 -0.762231
1138.47 8.38207e-10 3.63802e-10 -3.62486 9.37136e-10 9.19365e-10 -0.0831462
1139.4 9.46474e-10 3.58803e-10 -4.21253 1.34864e-09 9.29018e-10 -1.61873
1140.32 1.08824e-09 3.56006e-10 -4.85267 1.16806e-09 9.70971e-10 -0.802575
1141.25 1.57076e-09 3.44106e-10 -6.59418 7.36953e-10 9.44372e-10 1.07704
1142.17 1.35679e-09 3.27411e-10 -6.17421 6.46265e-10 9.28353e-10 1.57303
1143.1 1.03267e-09 3.09498e-10 -5.23302 7.18071e-10 9.14947e-10 1.05228
1144.02 1.12102e-09 3.12507e-10 -5.54753 5.6095e-10 9.44837e-10 2.26433
1144.95 1.08987e-09 3.06096e-10 -5.51518 6.60776e-10 9.38024e-10 1.5216
1145.87 1.06063e-09 3.30034e-10 -5.07004 5.00436e-10 8.80121e-10 2.45194
1146.8 1.0575e-09 3.38203e-10 -4.95101 4.53149e-10 8.48706e-10 2.72516
1147.72 1.06812e-09 3.17534e-10 -5.2683 6.00691e-10 8.4625e-10 1.48848
1148.65 1.0545e-09 3.00936e-10 -5.44574 5.69587e-10 8.29054e-10 1.63023
1149.57 1.18541e-09 2.90021e-10 -6.11437 5.52987e-10 8.11839e-10 1.66755
1150.5 1.22039e-09 2.91072e-10 -6.22497 6.74018e-10 8.26623e-10 0.886358
1151.42 1.06188e-09 2.92358e-10 -5.60161 6.51072e-10 8.16799e-10 0.984861
1152.35 1.11541e-09 3.02648e-10 -5.66496 9.99549e-10 7.74085e-10 -1.11015
1153.27 1.13964e-09 2.94055e-10 -5.8834 1.18512e-09 8.02108e-10 -1.69529
1154.2 1.11626e-09 2.75633e-10 -6.07432 9.19556e-10 7.88515e-10 -0.66768
1155.12 1.07791e-09 2.67412e-10 -6.054 9.82876e-10 7.79664e-10 -1.00591
1156.05 9.78314e-10 2.56303e-10 -5.81726 1.28893e-09 7.83769e-10 -2.16042
1156.97 9.30177e-10 2.55157e-10 -5.61759 1.15118e-09 7.91787e-10 -1.62534
1157.89 1.05137e-09 2.52569e-10 -6.19375 1.18608e-09 8.16262e-10 -1.62284
1158.82 1.25024e-09 2.30064e-10 -7.35146 1.27314e-09 8.29698e-10 -1.85956
1159.74 1.00801e-09 2.49698e-10 -6.06049 1.00758e-09 7.59278e-10 -1.22881
1160.67 1.10983e-09 2.52191e-10 -6.43527 9.93753e-10 7.11845e-10 -1.44893
1161.59 1.20264e-09 2.57493e-10 -6.69369 1.14313e-09 7.65475e-10 -1.74165
1162.52 1.05129e-09 2.48239e-10 -6.26854 8.0788e-10 7.88942e-10 -0.103018
1163.44 9.35925e-10 2.3601e-10 -5.98312 6.49003e-10 7.79195e-10 0.793991
1164.37 9.88175e-10 2.49621e-10 -5.97552 7.06001e-10 7.59719e-10 0.318479
1165.29 1.03672e-09 2.3302e-10 -6.48267 5.94863e-10 7.2926e-10 0.884657
1166.22 1.01682e-09 2.06265e-10 -6.92816 5.45044e-10 7.54345e-10 1.41138
1167.14 1.26323e-09 2.18626e-10 -7.61779 5.16977e-10 7.41944e-10 1.569
1168.07 1.17589e-09 2.31011e-10 -7.06735 4.31409e-10 7.13591e-10 2.1856
1168.99 1.04866e-09 2.30125e-10 -6.58672 5.48045e-10 7.2412e-10 1.20994
1169.92 1.08221e-09 2.27766e-10 -6.76824 5.92933e-10 7.16053e-10 0.819392
1170.84 1.0459e-09 2.12948e-10 -6.91217 4.84747e-10 7.15974e-10 1.69382
1171.77 1.08091e-09 2.15052e-10 -7.01246 5.85681e-10 7.08149e-10 0.824632
1172.69 1.09349e-09 2.22334e-10 -6.91808 6.36093e-10 7.18888e-10 0.531406
1173.62 1.07292e-09 2.13622e-10 -7.00923 8.97119e-10 6.8563e-10 -1.1676
1174.54 9.6339e-10 2.05751e-10 -6.7046 1.1284e-09 6.5088e-10 -2.38964
1175.47 1.08281e-09 2.00942e-10 -7.3148 1.01149e-09 6.68045e-10 -1.80157
1176.39 1.14545e-09 2.02696e-10 -7.52132 7.95606e-10 6.39393e-10 -0.9493
1177.32 1.02341e-09 2.08303e-10 -6.91354 1.11006e-09 6.33172e-10 -2.43826
1178.24 1.27566e-09 2.14462e-10 -7.74384 1.16888e-09 6.83524e-10 -2.33015
1179.17 1.18335e-09 2.02375e-10 -7.66957 1.30579e-09 6.6552e-10 -2.92712
1180.09 1.09683e-09 1.91772e-10 -7.57356 1.3122e-09 6.73104e-10 -2.89919
1181.02 9.70772e-10 2.05238e-10 -6.74859 1.05117e-09 6.83728e-10 -1.86789
1181.94 9.79841e-10 2.1019e-10 -6.68544 8.65435e-10 7.05288e-10 -0.888678
1182.87 9.75334e-10 2.21537e-10 -6.43707 1.06338e-09 7.19857e-10 -1.69443
1183.79 1.04211e-09 2.18377e-10 -6.78708 9.43972e-10 7.28636e-10 -1.12449
1184.71 1.2968e-09 2.19452e-10 -7.71533 8.10212e-10 7.12431e-10 -0.558559
1185.64 1.1846e-09 1.99765e-10 -7.73052 7.13674e-10 7.27951e-10 0.0860271
1186.56 1.21061e-09 1.91579e-10 -8.00655 5.85427e-10 6.98886e-10 0.769337
1187.49 1.02708e-09 1.912e-10 -7.30116 5.17695e-10 6.5126e-10 0.996806
1188.41 9.42227e-10 1.90983e-10 -6.93162 5.46887e-10 6.35516e-10 0.652287
1189.34 9.71593e-10 1.93231e-10 -7.01407 3.984e-10 6.28054e-10 1.97678
1190.26 9.50201e-10 1.95841e-10 -6.85912 5.02952e-10 6.29867e-10 0.977225
1191.19 9.23307e-10 2.09663e-10 -6.43825 5.07344e-10 6.74276e-10 1.23535
1192.11 1.04698e-09 2.21761e-10 -6.74051 5.41741e-10 6.75449e-10 0.95801
1193.04 1.30808e-09 2.11579e-10 -7.9116 5.45762e-10 6.64872e-10 0.857351
1193.96 1.0859e-09 2.15332e-10 -7.02682 6.72295e-10 6.76259e-10 0.0255364
1194.89 1.02576e-09 2.16593e-10 -6.754 8.10729e-10 6.81619e-10 -0.75334
1195.81 1.1123e-09 2.11765e-10 -7.20367 1.04215e-09 6.72251e-10 -1.90399
1196.74 1.02421e-09 2.21239e-10 -6.65528 8.87435e-10 6.40429e-10 -1.41665
1197.66 1.05215e-09 2.30293e-10 -6.59797 8.70145e-10 6.84694e-10 -1.04095
1198.59 9.94858e-10 2.35062e-10 -6.26578 9.66736e-10 6.90846e-10 -1.45927
1199.51 9.79097e-10 2.3286e-10 -6.23732 1.23756e-09 6.66923e-10 -2.6849
1200.44 9.90023e-10 2.27505e-10 -6.38654 1.27544e-09 6.7246e-10 -2.77994
1201.36 1.21232e-09 2.40791e-10 -7.01978 1.32917e-09 6.70286e-10 -2.97322
1202.29 1.19267e-09 2.48282e-10 -6.81576 9.38818e-10 6.50111e-10 -1.59594
1203.21 9.72751e-10 2.53462e-10 -5.84088 8.87086e-10 6.76972e-10 -1.17395
1204.14 1.05107e-09 2.71975e-10 -5.87104 9.7957e-10 7.0154e-10 -1.44983
1205.06 1.05522e-09 2.84299e-10 -5.69566 1.08668e-09 6.95349e-10 -1.939
1205.99 1.12811e-09 2.74632e-10 -6.13599 9.04092e-10 6.67372e-10 -1.31845
1206.91 9.91052e-10 2.77744e-10 -5.52452 7.6388e-10 6.58585e-10 -0.644128
1207.84 8.62885e-10 2.75848e-10 -4.95284 4.76943e-10 6.25342e-10 1.17651
1208.76 8.79367e-10 2.75993e-10 -5.03273 5.39254e-10 6.36046e-10 0.716951
1209.69 1.11701e-09 2.72864e-10 -6.12111 5.51572e-10 6.55137e-10 0.747298
1210.61 1.33513e-09 2.89567e-10 -6.63776 5.12465e-10 6.57809e-10 1.08436
1211.54 1.09988e-09 2.9634e-10 -5.69554 4.4005e-10 6.30593e-10 1.56248
1212.46 1.12892e-09 2.8952e-10 -5.90986 4.87169e-10 6.06912e-10 0.954463
1213.38 1.10952e-09 3.03121e-10 -5.63519 5.42892e-10 6.12831e-10 0.526274
1214.31 1.13003e-09 2.86777e-10 -5.95545 6.46133e-10 6.0151e-10 -0.31079
1215.23 1.02179e-09 2.92148e-10 -5.43757 5.94914e-10 6.30169e-10 0.250033
1216.16 1.00128e-09 3.13072e-10 -5.04911 7.14257e-10 6.58428e-10 -0.353463
1217.08 1.00307e-09 3.3265e-10 -4.79342 8.68993e-10 6.67195e-10 -1.14763
1218.01 1.1116e-09 3.35974e-10 -5.19642 9.1045e-10 6.30315e-10 -1.59698
1218.93 1.15269e-09 3.22026e-10 -5.53822 8.67832e-10 6.22479e-10 -1.44311
1219.86 1.06124e-09 3.30693e-10 -5.06387 1.0288e-09 5.89986e-10 -2.41491
1220.78 1.02986e-09 3.29707e-10 -4.94651 1.07987e-09 5.66096e-10 -2.8048
1221.71 9.59399e-10 3.36265e-10 -4.55318 1.19696e-09 5.86875e-10 -3.09532
1222.63 9.80944e-10 3.37564e-10 -4.63288 1.23782e-09 6.35736e-10 -2.8938
1223.56 1.12594e-09 3.30771e-10 -5.31987 1.05476e-09 6.24815e-10 -2.274
1224.48 1.11357e-09 3.30793e-10 -5.27162 8.60147e-10 6.0299e-10 -1.54262
1225.41 1.00942e-09 3.34551e-10 -4.79611 1.06005e-09 5.97278e-10 -2.49149
1226.33 1.03262e-09 3.53491e-10 -4.65564 1.02133e-09 6.1171e-10 -2.22619
1227.26 1.20155e-09 3.61617e-10 -5.21492 9.48095e-10 6.21538e-10 -1.83384
1228.18 1.07747e-09 3.62467e-10 -4.73139 7.67614e-10 5.86765e-10 -1.16678
1229.11 9.45128e-10 3.35185e-10 -4.50207 5.69185e-10 5.96684e-10 0.204909
1230.03 1.14674e-09 3.2465e-10 -5.48049 5.11629e-10 6.48609e-10 1.03028
1230.96 1.14436e-09 3.44191e-10 -5.21761 6.26471e-10 6.44037e-10 0.120099
1231.88 1.0745e-09 3.49328e-10 -4.87972 5.4571e-10 6.14134e-10 0.513013
1232.81 1.05002e-09 3.51674e-10 -4.75057 4.503e-10 6.41551e-10 1.53729
1233.73 1.00677e-09 3.65909e-10 -4.39557 4.4968e-10 6.65992e-10 1.70565
1234.66 9.88453e-10 3.57787e-10 -4.41331 5.4502e-10 6.4858e-10 0.755505
1235.58 1.0707e-09 3.30989e-10 -5.09852 6.8882e-10 6.61668e-10 -0.174653
1236.51 1.13162e-09 3.6369e-10 -4.92968 6.51415e-10 6.49668e-10 -0.0116583
1237.43 1.16179e-09 3.51242e-10 -5.1952 5.75823e-10 6.71811e-10 0.669584
1238.36 1.15764e-09 3.30176e-10 -5.44827 7.2737e-10 6.71954e-10 -0.344162
1239.28 1.0344e-09 3.44957e-10 -4.76923 9.24476e-10 6.89191e-10 -1.27556
1240.21 9.78263e-10 3.72344e-10 -4.19511 9.6826e-10 6.94329e-10 -1.44427
1241.13 1.04206e-09 3.71249e-10 -4.48228 1.14841e-09 7.03872e-10 -2.12603
1242.05 1.08528e-09 3.73639e-10 -4.63087 9.94028e-10 7.24574e-10 -1.37316
1242.98 1.01586e-09 3.65581e-10 -4.43849 9.93753e-10 7.18211e-10 -1.41026
1243.9 1.14093e-09 3.52543e-10 -5.10048 1.16006e-09 7.16886e-10 -2.09031
1244.83 1.20131e-09 3.54021e-10 -5.30626 1.17236e-09 7.19303e-10 -2.12149
1245.75 1.05384e-09 3.56825e-10 -4.70319 9.54522e-10 7.3474e-10 -1.13652
1246.68 9.27061e-10 3.66407e-10 -4.03144 1.08921e-09 7.14785e-10 -1.82937
1247.6 9.77873e-10 3.70492e-10 -4.21504 9.9425e-10 7.63437e-10 -1.14722
1248.53 1.03487e-09 3.68333e-10 -4.48645 8.64134e-10 7.60419e-10 -0.555284
1249.45 1.0593e-09 3.66615e-10 -4.60808 7.99768e-10 7.18663e-10 -0.464392
1250.38 1.09532e-09 3.61226e-10 -4.81763 7.00172e-10 7.33853e-10 0.204045
1251.3 1.00892e-09 3.57555e-10 -4.50512 5.32981e-10 7.41462e-10 1.43377
1252.23 1.0869e-09 3.64763e-10 -4.74181 6.39056e-10 7.7983e-10 0.864611
1253.15 1.2326e-09 3.72903e-10 -5.19225 5.58738e-10 8.00638e-10 1.56228
1254.08 1.10403e-09 3.51643e-10 -4.96878 4.61189e-10 7.93306e-10 2.35562
1255 1.0853e-09 3.60715e-10 -4.78386 4.4111e-10 7.92608e-10 2.54512
1255.93 9.96299e-10 3.70249e-10 -4.29896 5.37981e-10 8.21678e-10 1.83935
1256.85 9.93365e-10 3.58309e-10 -4.42852 6.11446e-10 8.50511e-10 1.43322
1257.78 1.05107e-09 3.60576e-10 -4.64637 6.80422e-10 8.41007e-10 0.920213
1258.7 1.01392e-09 3.66569e-10 -4.41847 5.12465e-10 8.09609e-10 1.98611
1259.63 1.00675e-09 3.71154e-10 -4.33367 7.30726e-10 8.36466e-10 0.586942
1260.55 1.02996e-09 3.74322e-10 -4.39575 9.79184e-10 8.66281e-10 -0.532053
1261.48 1.26463e-09 3.57457e-10 -5.48738 1.08266e-09 8.4008e-10 -1.1017
1262.4 1.24523e-09 3.69145e-10 -5.28053 1.01155e-09 8.37571e-10 -0.819679
1263.33 1.04339e-09 3.89251e-10 -4.28216 1.04853e-09 8.49202e-10 -0.915715
1264.25 9.10116e-10 3.74794e-10 -3.85304 8.28336e-10 8.69343e-10 0.209846
1265.18 8.85611e-10 4.0057e-10 -3.44565 1.15043e-09 8.74027e-10 -1.19334
1266.1 8.75255e-10 3.86439e-10 -3.55054 1.31098e-09 9.18318e-10 -1.54604
1267.03 9.1479e-10 3.66919e-10 -3.96752 1.15681e-09 8.79763e-10 -1.18898
1267.95 1.06566e-09 3.85297e-10 -4.41823 9.02068e-10 9.10492e-10 0.0403683
1268.88 1.18328e-09 3.82122e-10 -4.90885 9.35222e-10 8.51785e-10 -0.405849
1269.8 1.40282e-09 3.64037e-10 -5.85856 7.40988e-10 8.81361e-10 0.753426
1270.72 1.22274e-09 3.70015e-10 -5.19116 8.21268e-10 9.44496e-10 0.607152
1271.65 1.07579e-09 3.77716e-10 -4.54563 7.78854e-10 9.44349e-10 0.836768
1272.57 1.02498e-09 3.88927e-10 -4.20848 6.58236e-10 1.00935e-09 1.85659
1273.5 9.78571e-10 3.65444e-10 -4.27771 5.16396e-10 9.87967e-10 2.8176
1274.42 9.20849e-10 3.74592e-10 -3.9063 5.7333e-10 1.00042e-09 2.41776
1275.35 9.11601e-10 4.02621e-10 -3.54909 4.56981e-10 1.0428e-09 3.58301
1276.27 1.09482e-09 4.02936e-10 -4.34106 4.8992e-10 9.85749e-10 3.03641
1277.2 1.02501e-09 3.75847e-10 -4.35716 4.62024e-10 9.90792e-10 3.31318
1278.12 1.13627e-09 3.88209e-10 -4.66416 5.44096e-10 9.67817e-10 2.50118
1279.05 1.2206e-09 3.83741e-10 -5.02535 5.81172e-10 9.76729e-10 2.25469
1279.97 1.03839e-09 3.7122e-10 -4.46727 5.94069e-10 1.04672e-09 2.45992
1280.9 1.03664e-09 3.75694e-10 -4.40795 6.01296e-10 1.05898e-09 2.45801
1281.82 1.00687e-09 3.55316e-10 -4.5236 9.30175e-10 1.03202e-09 0.45124
1282.75 1.03832e-09 3.73211e-10 -4.44378 1.00717e-09 9.83642e-10 -0.102646
1283.67 9.7597e-10 4.10904e-10 -3.75696 9.2897e-10 1.02907e-09 0.444442
1284.6 9.22657e-10 4.16539e-10 -3.45384 8.49613e-10 1.09259e-09 1.09236
1285.52 9.93734e-10 4.14235e-10 -3.80023 8.99324e-10 1.07471e-09 0.773748
1286.45 1.09631e-09 4.19379e-10 -4.17327 9.54698e-10 1.06589e-09 0.478472
1287.37 1.29004e-09 4.48823e-10 -4.5853 1.32475e-09 1.06516e-09 -0.947187
1288.3 1.16244e-09 4.49254e-10 -4.1288 1.24239e-09 1.11932e-09 -0.453021
1289.22 1.31518e-09 4.50286e-10 -4.65497 9.09587e-10 1.13738e-09 0.970628
1290.15 1.24808e-09 4.96863e-10 -4.00008 7.8412e-10 1.18718e-09 1.80135
1291.07 1.18751e-09 5.23776e-10 -3.55493 9.1498e-10 1.22726e-09 1.27525
1292 1.01268e-09 4.73233e-10 -3.30398 8.43669e-10 1.1116e-09 1.19777
1292.92 1.02854e-09 4.04705e-10 -4.05082 8.90351e-10 1.10163e-09 0.924734
1293.85 1.09857e-09 3.66658e-10 -4.76565 6.99637e-10 1.14515e-09 2.1399
1294.77 9.9034e-10 3.6847e-10 -4.29382 5.48744e-10 1.12822e-09 3.13024
1295.7 1.14323e-09 3.72184e-10 -4.87375 5.08477e-10 1.15035e-09 3.54559
1296.62 1.06815e-09 3.62576e-10 -4.69232 5.4314e-10 1.14093e-09 3.22347
1297.54 1.157e-09 3.55007e-10 -5.13095 4.60155e-10 1.11491e-09 3.84334
1298.47 1.2089e-09 3.47199e-10 -5.41813 4.54934e-10 1.07578e-09 3.73774
1299.39 1.01354e-09 3.51732e-10 -4.59629 4.62751e-10 1.04966e-09 3.55699
1300.32 1.02476e-09 3.57485e-10 -4.57362 5.33246e-10 1.12784e-09 3.25321
1301.24 1.05438e-09 3.37683e-10 -4.9449 6.30305e-10 1.1686e-09 2.68115
1302.17 1.0159e-09 3.24232e-10 -4.95994 6.13821e-10 1.11216e-09 2.58125
1303.09 8.85553e-10 3.27499e-10 -4.32004 7.09852e-10 1.01506e-09 1.55322
1304.02 1.08911e-09 3.22494e-10 -5.28549 8.79413e-10 1.01488e-09 0.622212
1304.94 1.20971e-09 3.20277e-10 -5.77155 9.05817e-10 1.0486e-09 0.635702
1305.87 1.04452e-09 3.16503e-10 -5.18538 8.59873e-10 1.06773e-09 0.94026
1306.79 1.27068e-09 3.15422e-10 -6.05143 9.00598e-10 1.08121e-09 0.7938
1307.72 1.18322e-09 3.13056e-10 -5.77446 9.3733e-10 1.10105e-09 0.699141
1308.64 1.06317e-09 3.14563e-10 -5.28895 1.10394e-09 1.04853e-09 -0.223669
1309.57 1.04203e-09 3.17261e-10 -5.16465 1.1827e-09 1.03116e-09 -0.595474
1310.49 1.01908e-09 2.99827e-10 -5.31338 9.70271e-10 1.01868e-09 0.211468
1311.42 9.60331e-10 3.02009e-10 -5.02402 7.90702e-10 1.0503e-09 1.23301
1312.34 9.50856e-10 3.15279e-10 -4.7942 8.29035e-10 1.05466e-09 1.04541
1313.27 1.25902e-09 3.1383e-10 -6.03338 8.85878e-10 1.00909e-09 0.565544
1314.19 1.19405e-09 2.96362e-10 -6.05201 8.72151e-10 1.02634e-09 0.707012
1315.12 1.15979e-09 3.02348e-10 -5.83872 7.07312e-10 1.0226e-09 1.60095
1316.04 1.00638e-09 3.17658e-10 -5.00804 5.14238e-10 1.01501e-09 2.95307
1316.97 1.0854e-09 3.19672e-10 -5.30886 4.88149e-10 1.02338e-09 3.21487
1317.89 1.10431e-09 3.10686e-10 -5.50769 5.7151e-10 1.01623e-09 2.49967
1318.82 1.13234e-09 2.99597e-10 -5.7744 5.37012e-10 9.56333e-10 2.50625
1319.74 1.11232e-09 2.91995e-10 -5.80854 4.70595e-10 9.93939e-10 3.24713
1320.67 1.07548e-09 2.94332e-10 -5.62765 4.49767e-10 1.00734e-09 3.5019
1321.59 1.23356e-09 3.0799e-10 -6.02625 5.66449e-10 1.02818e-09 2.58908
1322.52 1.06084e-09 3.09776e-10 -5.34603 6.50348e-10 1.01388e-09 1.92842
1323.44 1.07038e-09 3.17671e-10 -5.27561 7.0872e-10 9.80474e-10 1.40962
1324.37 1.08786e-09 3.10901e-10 -5.4395 5.86388e-10 1.02655e-09 2.43196
1325.29 1.08392e-09 3.16455e-10 -5.34686 7.27878e-10 1.03547e-09 1.53081
1326.21 1.22237e-09 3.13475e-10 -5.90999 8.66151e-10 1.04294e-09 0.806671
1327.14 1.17324e-09 3.17333e-10 -5.67871 9.4279e-10 1.04888e-09 0.463115
1328.06 1.09292e-09 3.24829e-10 -5.26933 8.95474e-10 1.00741e-09 0.511517
1328.99 9.79161e-10 3.4628e-10 -4.51426 9.58596e-10 1.05183e-09 0.403093
1329.91 1.08165e-09 3.49937e-10 -4.90096 9.06362e-10 1.01321e-09 0.483959
1330.84 1.14065e-09 3.71984e-10 -4.86627 1.10546e-09 1.02212e-09 -0.340423
1331.76 1.08825e-09 3.90764e-10 -4.44813 1.04923e-09 1.06459e-09 0.0631494
1332.69 1.14816e-09 3.70525e-10 -4.91183 9.01867e-10 1.05046e-09 0.66239
1333.61 1.10505e-09 3.63162e-10 -4.8328 7.59271e-10 1.07487e-09 1.50961
1334.54 1.17567e-09 3.78563e-10 -4.92148 9.17064e-10 1.02784e-09 0.495242
1335.46 1.0981e-09 3.90288e-10 -4.49255 7.98941e-10 1.05107e-09 1.19117
1336.39 1.08948e-09 3.94746e-10 -4.409 7.49751e-10 1.09059e-09 1.62746
1337.31 1.04638e-09 4.39497e-10 -3.76735 5.90491e-10 1.11672e-09 2.76731
1338.24 1.1431e-09 4.58953e-10 -3.96317 5.3574e-10 1.15926e-09 3.35225
1339.16 1.23511e-09 4.41521e-10 -4.46755 5.29172e-10 1.20701e-09 3.58113
1340.09 1.01121e-09 4.41066e-10 -3.60338 5.80383e-10 1.14631e-09 2.95588
1341.01 1.10157e-09 4.8682e-10 -3.54643 4.37892e-10 1.16084e-09 4.23405
1341.94 1.04603e-09 4.90902e-10 -3.28547 4.91207e-10 1.15804e-09 3.72457
1342.86 1.11295e-09 5.05112e-10 -3.43087 5.32215e-10 1.09074e-09 3.11632
1343.79 1.15238e-09 5.604e-10 -3.13096 6.61772e-10 1.17184e-09 2.4816
1344.71 1.181e-09 5.53337e-10 -3.29259 6.98634e-10 1.17293e-09 2.25021
1345.64 1.18024e-09 5.29003e-10 -3.48513 6.45814e-10 1.13628e-09 2.45377
1346.56 1.1374e-09 5.07554e-10 -3.5043 5.98257e-10 1.13531e-09 2.78228
1347.49 1.08898e-09 5.1649e-10 -3.23958 9.26962e-10 1.15154e-09 0.942177
1348.41 1.05202e-09 5.36624e-10 -2.92354 9.74588e-10 1.20083e-09 0.906621
1349.34 1.02737e-09 4.9189e-10 -3.19858 8.99629e-10 1.18916e-09 1.21176
1350.26 9.98931e-10 5.23252e-10 -2.80824 8.25531e-10 1.18132e-09 1.55636
1351.19 1.00465e-09 5.44027e-10 -2.66393 8.62002e-10 1.20547e-09 1.45648
1352.11 1.10779e-09 5.21656e-10 -3.27075 9.04294e-10 1.20394e-09 1.24295
1353.04 1.19013e-09 5.47526e-10 -3.37189 1.21869e-09 1.11656e-09 -0.380115
1353.96 1.06648e-09 4.99757e-10 -3.29194 1.02566e-09 1.14433e-09 0.475508
1354.88 9.94564e-10 4.97334e-10 -3.00985 8.09376e-10 1.16133e-09 1.56804
1355.81 1.06795e-09 5.01918e-10 -3.27919 7.96861e-10 1.13904e-09 1.55156
1356.73 1.02655e-09 5.51594e-10 -2.6976 8.58957e-10 1.19809e-09 1.44518
1357.66 1.07263e-09 5.56022e-10 -2.8536 6.80698e-10 1.22189e-09 2.54079
1358.58 1.14009e-09 5.62744e-10 -3.06628 7.28929e-10 1.20965e-09 2.19974
1359.51 1.05728e-09 5.51754e-10 -2.82442 5.68173e-10 1.19613e-09 3.23298
1360.43 1.04215e-09 5.523e-10 -2.75754 5.01463e-10 1.136e-09 3.5514
1361.36 1.11391e-09 5.45485e-10 -3.10066 5.2883e-10 1.17454e-09 3.46551
1362.28 1.04605e-09 5.39602e-10 -2.8748 5.36087e-10 1.18787e-09 3.45535
1363.21 9.81199e-10 5.47941e-10 -2.53023 4.41711e-10 1.15229e-09 4.16423
1364.13 1.07839e-09 5.44485e-10 -2.96791 5.09766e-10 1.12112e-09 3.4228
1365.06 1.20007e-09 5.42562e-10 -3.44756 5.052e-10 1.12125e-09 3.46239
1365.98 1.23712e-09 5.0091e-10 -3.92653 5.95534e-10 1.17564e-09 2.95368
1366.91 1.04332e-09 5.34169e-10 -2.90739 6.05533e-10 1.20916e-09 3.00345
1367.83 8.86908e-10 5.32801e-10 -2.21314 5.83845e-10 1.25796e-09 3.33371
1368.76 9.75306e-10 5.2859e-10 -2.66022 7.84013e-10 1.2518e-09 2.0321
1369.68 1.02933e-09 5.4043e-10 -2.79817 9.93952e-10 1.18152e-09 0.750769
1370.61 1.10194e-09 5.59066e-10 -2.94695 9.28722e-10 1.2108e-09 1.15187
1371.53 9.80899e-10 5.70802e-10 -2.35139 8.26552e-10 1.17998e-09 1.54605
1372.46 1.08319e-09 5.19414e-10 -3.19189 8.56368e-10 1.1599e-09 1.31759
1373.38 1.16349e-09 5.06584e-10 -3.61109 9.02783e-10 1.11978e-09 0.9355
1374.31 1.17039e-09 5.20135e-10 -3.52215 1.11519e-09 1.14322e-09 0.107813
1375.23 1.0271e-09 5.36101e-10 -2.82366 1.14224e-09 1.19437e-09 0.193832
1376.16 1.02078e-09 5.26645e-10 -2.87414 8.21226e-10 1.1372e-09 1.41373
1377.08 1.04865e-09 5.02781e-10 -3.19251 7.13368e-10 1.13185e-09 2.00476
1378.01 1.06994e-09 5.15153e-10 -3.17423 8.00043e-10 1.16929e-09 1.64808
1378.93 1.13399e-09 5.00462e-10 -3.5524 8.07766e-10 1.13337e-09 1.47087
1379.86 9.89168e-10 5.07008e-10 -2.90255 7.22048e-10 1.11266e-09 1.87795
1380.78 9.88746e-10 4.96716e-10 -2.98977 6.25786e-10 1.12075e-09 2.53081
1381.71 1.0999e-09 4.66119e-10 -3.72855 4.91924e-10 1.09582e-09 3.47841
1382.63 1.07408e-09 4.85539e-10 -3.44814 5.02919e-10 1.10709e-09 3.42685
1383.55 1.0839e-09 4.89998e-10 -3.44795 5.72211e-10 1.10916e-09 2.87439
1384.48 1.03031e-09 5.1872e-10 -2.98034 4.8872e-10 1.18155e-09 3.83394
1385.4 1.00755e-09 5.30914e-10 -2.78244 4.52718e-10 1.13536e-09 3.99305
1386.33 9.65901e-10 4.98346e-10 -2.87402 4.94541e-10 1.1109e-09 3.51473
1387.25 9.94512e-10 4.88184e-10 -3.09027 5.79388e-10 1.10445e-09 2.80177
1388.18 9.75413e-10 4.67283e-10 -3.19608 6.1533e-10 1.07615e-09 2.42763
1389.1 9.22938e-10 4.83757e-10 -2.80545 6.38148e-10 1.12724e-09 2.47096
1390.03 1.13933e-09 4.96568e-10 -3.60671 6.09255e-10 1.16638e-09 2.82043
1390.95 1.11487e-09 4.59276e-10 -3.85149 8.43712e-10 1.12662e-09 1.25583
1391.88 1.138e-09 4.76745e-10 -3.77855 8.90084e-10 1.06051e-09 0.76083
1392.8 1.10835e-09 4.80317e-10 -3.6315 8.40628e-10 1.05708e-09 0.995024
1393.73 9.73237e-10 4.90355e-10 -2.97708 8.20321e-10 1.13856e-09 1.42371
1394.65 9.29918e-10 5.10818e-10 -2.60179 9.79444e-10 1.15403e-09 0.712375
1395.58 9.66957e-10 5.1628e-10 -2.72521 9.84707e-10 1.18909e-09 0.819088
1396.5 1.17389e-09 5.08411e-10 -3.63412 1.08137e-09 1.1454e-09 0.249807
1397.43 1.09322e-09 4.75093e-10 -3.6193 9.1677e-10 1.05585e-09 0.613413
1398.35 1.10218e-09 4.5633e-10 -3.82973 7.70738e-10 1.10666e-09 1.57108
1399.28 1.03542e-09 4.79964e-10 -3.33906 7.45976e-10 1.11539e-09 1.747
1400.2 1.04996e-09 4.90926e-10 -3.30159 9.0851e-10 1.05988e-09 0.669287
1401.13 9.80958e-10 4.62846e-10 -3.26213 7.78057e-10 1.09491e-09 1.48367
1402.05 9.15701e-10 4.85415e-10 -2.7564 6.6058e-10 1.18153e-09 2.5252
1402.98 9.95845e-10 4.95995e-10 -3.02714 4.74057e-10 1.18756e-09 3.98826
1403.9 1.04932e-09 4.7704e-10 -3.42353 4.95066e-10 1.08549e-09 3.40964
1404.83 1.08823e-09 4.63236e-10 -3.70919 5.18461e-10 1.07645e-09 3.17278
1405.75 1.03515e-09 4.35713e-10 -3.75801 5.45737e-10 1.07658e-09 2.95063
1406.68 1.06452e-09 4.20428e-10 -4.03461 3.73373e-10 1.09175e-09 4.65982
1407.6 1.065e-09 4.39003e-10 -3.84882 4.42894e-10 1.05415e-09 3.76603
1408.53 9.7601e-10 4.72006e-10 -3.15507 5.35962e-10 1.07735e-09 3.03221
1409.45 1.16854e-09 4.57478e-10 -4.07272 6.39335e-10 1.01583e-09 2.01094
1410.37 1.02228e-09 4.55663e-10 -3.50927 6.05557e-10 1.02068e-09 2.26734
1411.3 9.46937e-10 4.53345e-10 -3.19893 6.00561e-10 1.02047e-09 2.30242
1412.22 9.67952e-10 4.51191e-10 -3.31493 6.24996e-10 1.04871e-09 2.24779
1413.15 1.12248e-09 4.73245e-10 -3.75093 9.45643e-10 1.03653e-09 0.398535
1414.07 1.05565e-09 4.60673e-10 -3.60125 9.96445e-10 1.06552e-09 0.291074
1415 1.00581e-09 4.58599e-10 -3.41083 9.39508e-10 1.04657e-09 0.468685
1415.92 1.04566e-09 4.6933e-10 -3.47913 8.66436e-10 1.04511e-09 0.814258
1416.85 1.0218e-09 4.65096e-10 -3.41822 9.50625e-10 1.11831e-09 0.705528
1417.77 1.20141e-09 4.66073e-10 -4.11236 9.17117e-10 1.0442e-09 0.563574
1418.7 9.97684e-10 4.45651e-10 -3.49998 9.9586e-10 1.00454e-09 0.0376824
1419.62 8.77262e-10 4.42555e-10 -2.97162 8.43713e-10 1.02456e-09 0.843431
1420.55 9.39295e-10 4.72382e-10 -2.98509 7.75295e-10 1.08567e-09 1.46233
1421.47 1.08248e-09 4.6905e-10 -3.63201 7.24783e-10 1.0561e-09 1.63497
1422.4 1.19054e-09 4.5388e-10 -4.18805 7.9278e-10 1.00635e-09 1.03598
1423.32 9.68425e-10 4.46056e-10 -3.36677 6.13503e-10 1.03078e-09 2.25352
1424.25 1.09236e-09 4.80564e-10 -3.56614 5.34575e-10 1.06963e-09 3.01224
1425.17 1.03134e-09 4.90153e-10 -3.23072 4.71385e-10 1.03208e-09 3.40338
1426.1 1.09856e-09 4.88849e-10 -3.51648 5.31281e-10 9.85996e-10 2.68551
1427.02 1.00242e-09 4.80863e-10 -3.1903 4.86126e-10 1.02356e-09 3.23363
1427.95 9.18824e-10 4.5841e-10 -3.01978 4.72811e-10 1.06534e-09 3.52799
1428.87 9.31998e-10 4.59236e-10 -3.07379 4.0263e-10 1.06516e-09 4.2251
1429.8 1.01409e-09 4.6684e-10 -3.36907 5.10068e-10 1.07243e-09 3.22741
1430.72 1.00809e-09 4.58954e-10 -3.41731 6.01955e-10 1.07217e-09 2.50701
1431.65 9.82293e-10 4.79375e-10 -3.11566 5.77353e-10 1.04575e-09 2.57988
1432.57 1.01627e-09 4.53421e-10 -3.50509 5.3629e-10 1.01388e-09 2.76587
1433.5 1.05009e-09 4.5591e-10 -3.62346 6.13029e-10 1.03513e-09 2.27513
1434.42 1.16098e-09 4.54824e-10 -4.06981 8.0056e-10 1.07022e-09 1.2608
1435.35 1.22226e-09 4.61792e-10 -4.22718 1.07637e-09 1.04664e-09 -0.121651
1436.27 9.62684e-10 4.63942e-10 -3.17021 9.85987e-10 1.07311e-09 0.367744
1437.2 8.82072e-10 4.57532e-10 -2.85083 7.71323e-10 1.10988e-09 1.58038
1438.12 9.42854e-10 4.6567e-10 -3.06366 8.20356e-10 1.06252e-09 1.12336
1439.04 9.4623e-10 4.36085e-10 -3.36426 9.91119e-10 1.04459e-09 0.228215
1439.97 9.29004e-10 4.47366e-10 -3.17355 9.61796e-10 1.09234e-09 0.552728
1440.89 1.04468e-09 4.41016e-10 -3.74529 1.01432e-09 1.08563e-09 0.295046
1441.82 1.2855e-09 4.24411e-10 -4.81286 8.53213e-10 1.06496e-09 0.962775
1442.74 1.17615e-09 4.47624e-10 -4.19548 6.63581e-10 1.04747e-09 1.98247
1443.67 1.15628e-09 4.59351e-10 -4.00919 7.32364e-10 9.97871e-10 1.34347
1444.59 8.92862e-10 4.57188e-10 -2.90689 7.66021e-10 1.01334e-09 1.21513
1445.52 9.12946e-10 4.56435e-10 -3.01067 5.73649e-10 1.02029e-09 2.50075
1446.44 9.31679e-10 4.62067e-10 -3.04561 5.4546e-10 9.96428e-10 2.61683
1447.37 9.63423e-10 4.61899e-10 -3.1927 5.20108e-10 1.00403e-09 2.85652
1448.29 1.02023e-09 4.55846e-10 -3.49882 4.66859e-10 1.03013e-09 3.43707
1449.22 1.02135e-09 4.61978e-10 -3.44554 4.85423e-10 1.08489e-09 3.49265
1450.14 1.17058e-09 4.70085e-10 -3.96226 4.28074e-10 1.04746e-09 3.88618
1451.07 1.02118e-09 4.5861e-10 -3.47658 4.6277e-10 1.05666e-09 3.58572
1451.99 1.0104e-09 4.39184e-10 -3.61849 6.08927e-10 1.02069e-09 2.24331
1452.92 9.61878e-10 4.5767e-10 -3.22568 5.85378e-10 1.01477e-09 2.3893
1453.84 8.86141e-10 4.46148e-10 -2.98024 5.19124e-10 1.01338e-09 2.90501
1454.77 1.03534e-09 4.3262e-10 -3.78979 7.13459e-10 1.0165e-09 1.5374
1455.69 1.03441e-09 4.65071e-10 -3.47171 7.09595e-10 1.02496e-09 1.59695
1456.62 1.05416e-09 4.8831e-10 -3.3421 9.20873e-10 1.04048e-09 0.530355
1457.54 9.74451e-10 4.35938e-10 -3.49336 1.02096e-09 1.02602e-09 0.0214602
1458.47 9.91215e-10 4.25956e-10 -3.66804 7.77009e-10 1.05374e-09 1.32308
1459.39 1.08408e-09 4.37353e-10 -3.9423 6.75776e-10 1.06634e-09 1.98091
1460.32 1.11596e-09 4.42021e-10 -4.02206 1.0265e-09 1.02423e-09 -0.00961698
1461.24 1.0655e-09 4.4999e-10 -3.74349 1.01623e-09 1.00875e-09 -0.0320692
1462.17 9.45343e-10 4.60535e-10 -3.12327 9.74043e-10 1.03529e-09 0.26485
1463.09 9.60992e-10 4.57097e-10 -3.22711 8.87377e-10 1.06094e-09 0.775847
1464.02 9.11647e-10 4.69898e-10 -2.87823 6.47033e-10 1.00967e-09 1.93254
1464.94 9.77073e-10 4.71843e-10 -3.16129 6.00728e-10 9.71801e-10 2.08899
1465.87 1.06731e-09 4.55255e-10 -3.70036 8.57099e-10 9.63505e-10 0.50823
1466.79 1.13321e-09 4.62823e-10 -3.88894 6.82749e-10 9.99989e-10 1.65734
1467.71 1.05835e-09 4.64866e-10 -3.57301 4.84643e-10 1.03743e-09 3.30539
1468.64 1.06872e-09 4.37503e-10 -3.87883 4.64021e-10 1.00779e-09 3.36831
1469.56 1.18446e-09 4.51855e-10 -4.1852 4.57063e-10 9.6286e-10 3.23587
1470.49 1.0334e-09 4.6616e-10 -3.45735 4.82004e-10 1.02238e-09 3.26561
1471.41 9.81977e-10 4.69633e-10 -3.20343 5.28036e-10 9.96273e-10 2.75715
1472.34 9.52109e-10 4.54839e-10 -3.20828 3.81747e-10 1.02632e-09 4.29506
1473.26 1.12718e-09 4.51607e-10 -3.97233 5.04417e-10 1.02175e-09 3.06555
1474.19 1.0917e-09 4.55027e-10 -3.80064 5.71473e-10 9.90599e-10 2.38902
1475.11 9.94706e-10 4.78458e-10 -3.17851 5.69023e-10 1.01762e-09 2.52458
1476.04 9.80704e-10 4.52953e-10 -3.35485 6.47947e-10 1.01503e-09 1.94939
1476.96 1.01793e-09 4.36568e-10 -3.67665 7.44565e-10 1.0222e-09 1.37631
1477.89 1.02953e-09 4.47143e-10 -3.62192 6.61236e-10 9.98644e-10 1.79055
1478.81 9.8666e-10 4.68798e-10 -3.23182 9.43143e-10 9.67705e-10 0.111657
1479.74 1.03315e-09 4.46574e-10 -3.6427 8.85272e-10 9.61104e-10 0.356938
1480.66 1.00304e-09 4.24784e-10 -3.73149 7.09718e-10 1.00145e-09 1.49541
1481.59 1.08683e-09 4.48156e-10 -3.84733 8.79034e-10 1.06086e-09 0.816506
1482.51 1.01575e-09 4.63944e-10 -3.40322 1.15077e-09 1.03149e-09 -0.475217
1483.44 1.01385e-09 4.64913e-10 -3.38604 8.88825e-10 9.96174e-10 0.495192
1484.36 9.57825e-10 4.65404e-10 -3.13456 8.413e-10 1.02245e-09 0.846906
1485.29 9.89362e-10 4.36726e-10 -3.55146 7.0545e-10 9.85284e-10 1.45095
1486.21 1.15196e-09 4.40329e-10 -4.17659 6.26098e-10 9.60682e-10 1.85937
1487.14 1.09663e-09 4.68176e-10 -3.6965 7.85937e-10 9.52292e-10 0.833821
1488.06 1.06293e-09 4.42633e-10 -3.80459 8.60597e-10 9.77176e-10 0.55173
1488.99 9.50609e-10 4.56794e-10 -3.18281 5.47059e-10 9.77493e-10 2.5208
1489.91 9.97449e-10 4.62642e-10 -3.33646 4.82321e-10 9.98013e-10 3.158
1490.84 1.02076e-09 4.58673e-10 -3.47418 4.51258e-10 1.02062e-09 3.54441
1491.76 1.02987e-09 4.50435e-10 -3.59152 4.67927e-10 1.02381e-09 3.40043
1492.69 1.02424e-09 4.39887e-10 -3.6706 4.97288e-10 9.73503e-10 2.91729
1493.61 1.11501e-09 4.3979e-10 -4.04035 4.70632e-10 9.71535e-10 3.14777
1494.54 1.16639e-09 4.58061e-10 -4.0592 4.10614e-10 1.06014e-09 4.11928
1495.46 1.00459e-09 4.70926e-10 -3.29035 6.54439e-10 1.02101e-09 1.9316
1496.38 8.92353e-10 4.56988e-10 -2.90632 6.42636e-10 1.00258e-09 1.93153
1497.31 9.46978e-10 4.62286e-10 -3.11429 5.77632e-10 1.03566e-09 2.53565
1498.23 1.04852e-09 4.41193e-10 -3.75948 6.43868e-10 9.93255e-10 1.88264
1499.16 1.09135e-09 4.54336e-10 -3.80589 6.49527e-10 9.87075e-10 1.81753
1500.08 1.04399e-09 4.47512e-10 -3.67891 7.37588e-10 9.97804e-10 1.31232
1501.01 1.1181e-09 4.56717e-10 -3.88832 1.07055e-09 1.02982e-09 -0.168443
1501.93 1.01318e-09 4.76027e-10 -3.28053 8.65663e-10 1.01895e-09 0.708029
1502.86 9.99173e-10 4.75463e-10 -3.22524 7.38062e-10 1.02916e-09 1.44389
1503.78 9.77171e-10 4.60797e-10 -3.26461 9.44607e-10 1.03699e-09 0.405239
1504.71 9.1271e-10 4.5648e-10 -3.0091 9.48558e-10 9.66039e-10 0.0793069
1505.63 9.6699e-10 4.47958e-10 -3.34185 7.53917e-10 9.67114e-10 1.08155
1506.56 1.09697e-09 4.42299e-10 -3.94479 8.71785e-10 1.02348e-09 0.696715
1507.48 1.05593e-09 4.35227e-10 -3.84919 7.1425e-10 1.01112e-09 1.50952
1508.41 9.60248e-10 4.83492e-10 -2.97994 6.6437e-10 1.0371e-09 1.9341
1509.33 1.00463e-09 4.69715e-10 -3.30173 8.12564e-10 1.03001e-09 1.02983
1510.26 1.02633e-09 4.55758e-10 -3.52555 6.59645e-10 9.96522e-10 1.79177
1511.18 1.14385e-09 4.7058e-10 -3.85737 4.00889e-10 1.04402e-09 4.15684
1512.11 1.14591e-09 4.72046e-10 -3.85165 5.15332e-10 1.04804e-09 3.08293
1513.03 9.78275e-10 4.46895e-10 -3.40255 4.6035e-10 9.41736e-10 3.10842
1513.96 9.29005e-10 4.31006e-10 -3.33534 4.56687e-10 9.51636e-10 3.18852
1514.88 8.73942e-10 4.36254e-10 -3.01743 4.89049e-10 9.92714e-10 3.07472
1515.81 9.38547e-10 4.41493e-10 -3.27532 3.88813e-10 1.01287e-09 4.15812
1516.73 1.02379e-09 4.50293e-10 -3.56717 6.04028e-10 1.01281e-09 2.24473
1517.66 1.04971e-09 4.56436e-10 -3.61688 7.37753e-10 1.0368e-09 1.47784
1518.58 1.14463e-09 4.45292e-10 -4.10019 5.55037e-10 1.01379e-09 2.61624
1519.51 1.03125e-09 4.39324e-10 -3.70579 5.60133e-10 9.60519e-10 2.34215
1520.43 1.05913e-09 4.5911e-10 -3.63033 6.67367e-10 9.72944e-10 1.63723
1521.36 9.63275e-10 4.53773e-10 -3.26911 6.60941e-10 9.98283e-10 1.79091
1522.28 8.68241e-10 4.58619e-10 -2.77189 1.03087e-09 9.23258e-10 -0.478799
1523.2 8.73832e-10 4.54142e-10 -2.84236 1.06224e-09 9.25844e-10 -0.596858
1524.13 9.05757e-10 4.5172e-10 -3.02142 6.80134e-10 9.33076e-10 1.37323
1525.05 1.13659e-09 4.69604e-10 -3.83873 7.78864e-10 9.39992e-10 0.816622
1525.98 1.0967e-09 4.60968e-10 -3.76417 9.51101e-10 9.51657e-10 0.00253481
1526.9 1.0566e-09 4.65874e-10 -3.55642 7.83835e-10 1.00361e-09 1.07339
1527.83 9.6082e-10 4.75841e-10 -3.0518 9.33592e-10 9.99693e-10 0.297095
1528.75 1.08096e-09 4.50943e-10 -3.79689 8.50719e-10 9.76694e-10 0.599721
1529.68 9.96666e-10 4.53306e-10 -3.42158 5.68808e-10 9.14028e-10 2.05994
1530.6 8.86464e-10 4.45935e-10 -2.98389 6.78549e-10 9.73104e-10 1.56578
1531.53 9.57515e-10 4.40824e-10 -3.3688 7.88516e-10 1.01625e-09 1.1019
1532.45 9.38178e-10 4.54624e-10 -3.14633 5.01539e-10 9.37397e-10 2.71619
1533.38 1.01403e-09 4.43067e-10 -3.59583 5.05465e-10 9.29481e-10 2.6455
1534.3 9.34361e-10 4.25839e-10 -3.41269 4.97662e-10 9.30425e-10 2.71747
1535.23 9.72805e-10 4.31084e-10 -3.53464 4.438e-10 9.18095e-10 3.157
1536.15 9.47709e-10 4.59346e-10 -3.14535 4.83778e-10 9.26832e-10 2.82355
1537.08 1.00637e-09 4.4981e-10 -3.49729 4.37997e-10 9.53249e-10 3.37735
1538 1.24954e-09 4.44467e-10 -4.4891 4.26824e-10 9.46873e-10 3.46042
1538.93 1.04406e-09 4.69801e-10 -3.4681 6.84145e-10 9.94291e-10 1.62365
1539.85 8.84717e-10 4.78304e-10 -2.671 5.29789e-10 9.83735e-10 2.68776
1540.78 8.53665e-10 4.86994e-10 -2.43763 5.12549e-10 9.54811e-10 2.70182
1541.7 1.02655e-09 4.57865e-10 -3.50644 6.5337e-10 9.16791e-10 1.47111
1542.63 1.05619e-09 4.34547e-10 -3.85707 6.60763e-10 9.1193e-10 1.39916
1543.55 1.01373e-09 4.51729e-10 -3.51045 8.23074e-10 9.76592e-10 0.742743
1544.48 9.84071e-10 4.61656e-10 -3.28708 1.14225e-09 1.05548e-09 -0.343102
1545.4 1.01895e-09 4.50808e-10 -3.5416 7.64789e-10 9.6387e-10 1.00477
1546.33 1.20872e-09 4.35758e-10 -4.4308 6.45332e-10 8.91603e-10 1.40388
1547.25 9.69344e-10 4.4481e-10 -3.38304 9.62041e-10 9.19742e-10 -0.195273
1548.18 8.58373e-10 4.55268e-10 -2.75409 9.65306e-10 9.08935e-10 -0.261323
1549.1 9.1183e-10 4.66516e-10 -2.91048 8.52346e-10 9.28334e-10 0.370884
1550.03 9.98488e-10 4.62042e-10 -3.34662 9.78853e-10 9.07077e-10 -0.330734
1550.95 1.00682e-09 4.58865e-10 -3.41266 5.72958e-10 8.97618e-10 1.94969
1551.87 9.8814e-10 4.53184e-10 -3.38544 5.93459e-10 8.9677e-10 1.7929
1552.8 1.05802e-09 4.68998e-10 -3.53325 8.63384e-10 9.6139e-10 0.466955
1553.72 9.43247e-10 4.66458e-10 -3.05813 7.20189e-10 1.00417e-09 1.44363
1554.65 1.14247e-09 4.44971e-10 -4.09513 4.52715e-10 9.6314e-10 3.27864
1555.57 1.07177e-09 4.80969e-10 -3.47982 5.31769e-10 9.80477e-10 2.65714
1556.5 9.95662e-10 4.85483e-10 -3.11938 3.83517e-10 9.66874e-10 4.01585
1557.42 9.9237e-10 4.73796e-10 -3.21082 4.99676e-10 9.53547e-10 2.80654
1558.35 1.04116e-09 4.79235e-10 -3.36967 5.65406e-10 9.32902e-10 2.17475
1559.27 1.02475e-09 4.75264e-10 -3.33684 4.29155e-10 9.48858e-10 3.44587
1560.2 1.01812e-09 4.5784e-10 -3.47084 5.42101e-10 9.41594e-10 2.39783
1561.12 1.05549e-09 4.58262e-10 -3.6234 6.59964e-10 9.35021e-10 1.51301
1562.05 1.02293e-09 4.44107e-10 -3.6236 5.00497e-10 9.26102e-10 2.67257
1562.97 1.13397e-09 4.41277e-10 -4.09892 7.26361e-10 9.76241e-10 1.28405
1563.9 1.07032e-09 4.50215e-10 -3.76094 7.3017e-10 1.02154e-09 1.45831
1564.82 9.63292e-10 4.70367e-10 -3.11321 6.43804e-10 9.36583e-10 1.62793
1565.75 9.14078e-10 4.67209e-10 -2.91472 1.00647e-09 9.30015e-10 -0.343091
1566.67 9.88668e-10 4.3578e-10 -3.55783 9.54366e-10 9.43948e-10 -0.047671
1567.6 1.00206e-09 4.48044e-10 -3.49571 5.63146e-10 9.06377e-10 2.06688
1568.52 1.01576e-09 4.51112e-10 -3.52506 9.77778e-10 9.53845e-10 -0.107624
1569.45 1.09825e-09 4.72072e-10 -3.66692 1.07588e-09 1.03259e-09 -0.178334
1570.37 1.13834e-09 5.01003e-10 -3.56432 7.92971e-10 1.0353e-09 1.1581
1571.3 9.74995e-10 4.70665e-10 -3.1629 8.7297e-10 9.38717e-10 0.315356
1572.22 1.03812e-09 4.67197e-10 -3.46748 8.04764e-10 9.57438e-10 0.754425
1573.15 1.00137e-09 4.46253e-10 -3.51013 5.18024e-10 9.59431e-10 2.67664
1574.07 8.93294e-10 4.354e-10 -3.12106 9.26735e-10 9.00065e-10 -0.126817
1575 9.20472e-10 4.35704e-10 -3.24819 9.05686e-10 8.9918e-10 -0.0313142
1575.92 1.02203e-09 4.74392e-10 -3.33324 5.10049e-10 9.17029e-10 2.54772
1576.85 1.16208e-09 4.64943e-10 -3.97836 5.15881e-10 9.59944e-10 2.69697
1577.77 1.16271e-09 4.58825e-10 -4.03826 4.75895e-10 9.48897e-10 2.99708
1578.7 1.01258e-09 4.80075e-10 -3.24119 4.6146e-10 9.19553e-10 2.99443
1579.62 9.67512e-10 4.91612e-10 -2.94034 6.58499e-10 9.3165e-10 1.50698
1580.54 1.00082e-09 4.78339e-10 -3.20621 4.59038e-10 9.52715e-10 3.17114
1581.47 1.0039e-09 4.47176e-10 -3.51211 4.89753e-10 9.49547e-10 2.87539
1582.39 9.18177e-10 4.48963e-10 -3.10716 7.43746e-10 9.25527e-10 0.949646
1583.32 9.80669e-10 4.57353e-10 -3.31271 5.24691e-10 9.54838e-10 2.60026
1584.24 1.05644e-09 4.63574e-10 -3.57724 6.27482e-10 9.36498e-10 1.73905
1585.17 1.06378e-09 4.50456e-10 -3.732 8.01045e-10 8.97672e-10 0.494607
1586.09 1.05033e-09 4.60255e-10 -3.58328 5.17953e-10 9.18273e-10 2.48681
1587.02 1.06139e-09 4.46415e-10 -3.76138 8.65116e-10 9.4882e-10 0.401094
1587.94 1.01466e-09 4.28822e-10 -3.74046 1.23708e-09 9.05375e-10 -1.35568
1588.87 9.70124e-10 4.46127e-10 -3.37369 6.69984e-10 9.22679e-10 1.38986
1589.79 1.09499e-09 4.77356e-10 -3.6057 7.50857e-10 9.36451e-10 0.959276
1590.72 1.01844e-09 4.74579e-10 -3.31628 1.14823e-09 8.83432e-10 -1.13854
1591.64 9.65813e-10 4.5202e-10 -3.29735 7.59559e-10 8.71443e-10 0.596775
1592.57 9.26213e-10 4.50055e-10 -3.13446 8.01834e-10 8.78394e-10 0.396052
1593.49 9.6219e-10 4.45329e-10 -3.34579 1.03429e-09 8.99121e-10 -0.608258
1594.42 1.04128e-09 4.46481e-10 -3.67765 5.379e-10 9.64556e-10 2.53626
1595.34 1.03358e-09 4.60272e-10 -3.51328 6.8078e-10 9.69675e-10 1.5362
1596.27 9.6065e-10 4.55117e-10 -3.24442 1.00387e-09 9.35463e-10 -0.306505
1597.19 1.0063e-09 4.69607e-10 -3.30992 5.76365e-10 8.79048e-10 1.83315
1598.12 1.10369e-09 4.52863e-10 -3.86879 4.62698e-10 9.09234e-10 2.93378
1599.04 9.43054e-10 4.41914e-10 -3.29199 5.69907e-10 8.97035e-10 1.97005
1599.97 8.85855e-10 4.40615e-10 -3.03304 3.91857e-10 8.45879e-10 3.3418
1600.89 9.13039e-10 4.57337e-10 -3.00253 5.89544e-10 8.95201e-10 1.81404
1601.82 1.05332e-09 4.57988e-10 -3.61708 5.7535e-10 9.16795e-10 2.0234
1602.74 1.05517e-09 4.60533e-10 -3.6006 4.51629e-10 9.30561e-10 3.13963
1603.67 1.06477e-09 4.45884e-10 -3.78032 7.69449e-10 8.96867e-10 0.665481
1604.59 1.01432e-09 4.49534e-10 -3.53412 7.42944e-10 8.34018e-10 0.502191
1605.52 9.62409e-10 4.64877e-10 -3.16021 4.71441e-10 9.03248e-10 2.8238
1606.44 1.071e-09 4.4789e-10 -3.78616 7.71113e-10 8.99616e-10 0.669391
1607.37 1.01064e-09 4.49748e-10 -3.51625 5.94545e-10 9.17536e-10 1.88439
1608.29 1.03667e-09 4.53353e-10 -3.59205 6.64456e-10 8.86195e-10 1.25063
1609.21 9.72895e-10 4.62172e-10 -3.23262 1.3475e-09 8.88792e-10 -1.80727
1610.14 9.27223e-10 4.5077e-10 -3.13229 1.09824e-09 9.45936e-10 -0.648341
1611.06 8.80695e-10 4.32599e-10 -3.0874 5.461e-10 9.13602e-10 2.23485
1611.99 1.07523e-09 4.42178e-10 -3.85903 1.08748e-09 8.77789e-10 -0.930313
1612.91 1.04666e-09 4.45075e-10 -3.71371 8.85981e-10 8.90829e-10 0.0236958
1613.84 9.98432e-10 4.53605e-10 -3.42641 6.92037e-10 8.52612e-10 0.906223
1614.76 1.12288e-09 4.69741e-10 -3.78477 1.18118e-09 8.28315e-10 -1.54121
1615.69 1.16284e-09 4.48223e-10 -4.14026 9.01753e-10 8.70675e-10 -0.152317
1616.61 1.0671e-09 4.60648e-10 -3.64835 4.52138e-10 8.86663e-10 2.92488
1617.54 9.8311e-10 4.57396e-10 -3.3231 9.49375e-10 8.78666e-10 -0.33614
1618.46 1.06109e-09 4.45339e-10 -3.7706 7.7375e-10 8.78739e-10 0.55259
1619.39 9.83051e-10 4.4212e-10 -3.47036 4.6102e-10 9.2505e-10 3.02446
1620.31 9.48681e-10 4.50054e-10 -3.23856 6.55971e-10 9.02549e-10 1.38586
1621.24 1.14727e-09 4.72011e-10 -3.85713 5.14622e-10 8.95722e-10 2.40685
1622.16 1.06858e-09 4.49152e-10 -3.76416 4.51161e-10 9.35884e-10 3.1689
1623.09 1.02461e-09 4.31718e-10 -3.75359 7.26087e-10 9.22445e-10 1.03952
1624.01 9.42601e-10 4.5278e-10 -3.1844 4.69135e-10 9.09482e-10 2.87497
1624.94 1.02659e-09 4.45553e-10 -3.62499 6.89082e-10 8.60182e-10 0.963194
1625.86 9.94233e-10 4.4465e-10 -3.4947 8.80736e-10 8.49107e-10 -0.158834
1626.79 9.65928e-10 4.37071e-10 -3.44393 5.27868e-10 8.50585e-10 2.07192
1627.71 9.78864e-10 4.33259e-10 -3.53975 6.50897e-10 8.77023e-10 1.29499
1628.64 1.00525e-09 4.69594e-10 -3.3055 8.72302e-10 9.17827e-10 0.220939
1629.56 1.17005e-09 4.75113e-10 -3.91408 4.99451e-10 9.06437e-10 2.58845
1630.49 9.60644e-10 4.40193e-10 -3.3892 1.13759e-09 8.74074e-10 -1.14436
1631.41 9.34619e-10 4.28677e-10 -3.38504 1.38311e-09 8.89943e-10 -1.91495
1632.34 9.46537e-10 4.18736e-10 -3.54198 6.01442e-10 8.82523e-10 1.66532
1633.26 1.00916e-09 4.35812e-10 -3.64659 7.94084e-10 8.89277e-10 0.491709
1634.19 1.01903e-09 4.51345e-10 -3.5368 1.21483e-09 8.73097e-10 -1.43453
1635.11 9.81893e-10 4.65854e-10 -3.23814 6.56162e-10 9.06034e-10 1.40133
1636.03 1.06671e-09 4.69414e-10 -3.5649 1.02595e-09 9.21693e-10 -0.465415
1636.96 9.77384e-10 4.5178e-10 -3.35139 1.22874e-09 9.32029e-10 -1.2003
1637.88 1.07819e-09 4.43682e-10 -3.85624 5.63343e-10 8.81315e-10 1.94358
1638.81 9.73032e-10 4.44471e-10 -3.40284 7.5389e-10 8.60647e-10 0.575171
1639.73 9.56932e-10 4.57508e-10 -3.20483 1.09846e-09 9.17358e-10 -0.782463
1640.66 9.65538e-10 4.51897e-10 -3.29729 5.01011e-10 9.46255e-10 2.76161
1641.58 9.37324e-10 4.53593e-10 -3.15224 5.67408e-10 9.06565e-10 2.03504
1642.51 9.16655e-10 4.29485e-10 -3.29258 6.77365e-10 8.89634e-10 1.18389
1643.43 9.44732e-10 4.41049e-10 -3.30822 4.33557e-10 8.5309e-10 2.93949
1644.36 1.00498e-09 4.47032e-10 -3.51818 7.04454e-10 8.43017e-10 0.779839
1645.28 1.02503e-09 4.27271e-10 -3.80034 6.66496e-10 8.40429e-10 1.00703
1646.21 1.17974e-09 4.34521e-10 -4.33777 4.53456e-10 8.45827e-10 2.70747
1647.13 1.17004e-09 4.4335e-10 -4.21456 8.12744e-10 8.91e-10 0.399237
1648.06 9.51002e-10 4.51129e-10 -3.23881 6.3897e-10 8.66877e-10 1.32477
1648.98 9.6541e-10 4.00408e-10 -3.82209 5.06598e-10 8.30313e-10 2.14578
1649.91 9.95079e-10 4.0623e-10 -3.89086 1.00641e-09 8.50941e-10 -0.728745
1650.83 9.70028e-10 4.33091e-10 -3.50205 7.0468e-10 8.74607e-10 0.938209
1651.76 9.74216e-10 4.3545e-10 -3.49717 6.69219e-10 8.32583e-10 0.948592
1652.68 1.02498e-09 4.51297e-10 -3.56254 1.41648e-09 8.6387e-10 -2.14763
1653.61 1.15776e-09 4.65505e-10 -3.95696 9.32716e-10 8.77001e-10 -0.26749
1654.53 1.13797e-09 4.53306e-10 -3.99742 5.51915e-10 8.32053e-10 1.78279
1655.46 1.12235e-09 4.16543e-10 -4.30469 1.30451e-09 7.88047e-10 -2.18897
1656.38 9.24171e-10 4.17537e-10 -3.45057 9.89345e-10 8.4595e-10 -0.680028
1657.31 9.59449e-10 4.34516e-10 -3.44016 6.3455e-10 8.46197e-10 1.25006
1658.23 1.00912e-09 4.3233e-10 -3.68126 1.21445e-09 8.69416e-10 -1.45152
1659.16 9.09519e-10 4.33843e-10 -3.2148 8.09874e-10 8.57276e-10 0.247033
1660.08 9.56735e-10 4.10531e-10 -3.67445 5.21542e-10 8.35594e-10 2.04706
1661.01 1.0527e-09 4.33925e-10 -3.84888 1.18694e-09 8.7767e-10 -1.31096
1661.93 1.00766e-09 4.37467e-10 -3.6237 8.72907e-10 8.66062e-10 -0.0341873
1662.86 9.9999e-10 4.18396e-10 -3.78408 4.33771e-10 7.99669e-10 2.6565
1663.78 1.21126e-09 4.0772e-10 -4.72875 6.95567e-10 8.01922e-10 0.617934
1664.7 1.04973e-09 4.15105e-10 -4.02919 5.35983e-10 8.62573e-10 2.06645
1665.63 9.6969e-10 4.31524e-10 -3.51628 5.77238e-10 8.42395e-10 1.64161
1666.55 1.07705e-09 4.34794e-10 -3.93954 8.73308e-10 8.49712e-10 -0.118958
1667.48 9.5371e-10 4.42731e-10 -3.33277 5.02833e-10 8.36131e-10 2.20851
1668.4 8.82163e-10 4.69906e-10 -2.73538 6.60592e-10 8.49924e-10 1.09447
1669.33 8.29894e-10 4.62535e-10 -2.53878 8.50557e-10 8.70304e-10 0.0996755
1670.25 9.87205e-10 4.44167e-10 -3.46861 4.8228e-10 8.38501e-10 2.40204
1671.18 1.09285e-09 4.3031e-10 -4.04779 7.62879e-10 8.08742e-10 0.253548
1672.1 1.13588e-09 4.1245e-10 -4.3996 9.69755e-10 8.35478e-10 -0.647269
1673.03 1.12529e-09 4.23623e-10 -4.24285 4.32183e-10 8.88741e-10 3.13108
1673.95 9.96808e-10 4.16782e-10 -3.78703 1.09464e-09 8.74917e-10 -0.973063
1674.88 1.12792e-09 4.11964e-10 -4.3742 1.35488e-09 8.30388e-10 -2.12621
1675.8 9.16921e-10 4.21695e-10 -3.37334 6.02596e-10 8.63532e-10 1.56252
1676.73 8.89158e-10 4.2958e-10 -3.15935 9.24908e-10 8.49523e-10 -0.369231
1677.65 9.83295e-10 4.18066e-10 -3.71439 1.31079e-09 8.27442e-10 -1.99796
1678.58 9.78743e-10 4.35008e-10 -3.52171 6.10351e-10 8.81167e-10 1.59478
1679.5 9.91111e-10 4.42148e-10 -3.50554 9.47579e-10 8.85306e-10 -0.295223
1680.43 1.06223e-09 4.14326e-10 -4.08876 1.14336e-09 8.85762e-10 -1.10868
1681.35 1.20642e-09 4.24716e-10 -4.53399 5.07549e-10 8.6118e-10 2.29616
1682.28 8.93784e-10 4.1885e-10 -3.29174 8.09526e-10 8.63384e-10 0.279735
1683.2 9.34304e-10 4.39647e-10 -3.27384 1.19091e-09 8.36476e-10 -1.53426
1684.13 1.06367e-09 4.57415e-10 -3.66499 5.04509e-10 8.61069e-10 2.32168
1685.05 1.00917e-09 4.35552e-10 -3.64924 5.43323e-10 8.65305e-10 2.02111
1685.98 8.92106e-10 4.20622e-10 -3.26525 6.26771e-10 8.19428e-10 1.16402
1686.9 8.89176e-10 4.46901e-10 -2.98776 4.31966e-10 8.48568e-10 2.93237
1687.83 9.83704e-10 4.30495e-10 -3.58896 7.14623e-10 8.32249e-10 0.66176
1688.75 1.03908e-09 4.05993e-10 -4.08131 6.73607e-10 8.10725e-10 0.80467
1689.68 1.18323e-09 4.10562e-10 -4.59691 4.8609e-10 7.99077e-10 2.15872
1690.6 1.05475e-09 4.30654e-10 -3.89021 9.54945e-10 8.20068e-10 -0.661285
1691.53 1.08838e-09 4.20193e-10 -4.13331 7.08085e-10 8.65199e-10 0.870308
1692.45 1.01536e-09 4.43996e-10 -3.59239 5.13348e-10 8.50861e-10 2.19446
1693.37 1.00284e-09 4.503e-10 -3.47732 9.07604e-10 8.08727e-10 -0.500942
1694.3 9.23965e-10 4.23928e-10 -3.38364 6.24331e-10 8.19543e-10 1.18156
1695.22 9.14323e-10 4.23332e-10 -3.34419 6.81817e-10 8.76523e-10 1.09096
1696.15 9.33692e-10 4.3521e-10 -3.31505 1.53108e-09 8.82578e-10 -2.39244
1697.07 9.77342e-10 4.29464e-10 -3.5712 9.95773e-10 8.72849e-10 -0.572215
1698 1.20198e-09 4.38931e-10 -4.37501 5.78412e-10 8.58875e-10 1.71693
1698.92 1.17258e-09 4.49039e-10 -4.16858 1.10906e-09 8.65766e-10 -1.07554
1699.85 1.03877e-09 4.36741e-10 -3.76296 8.44821e-10 8.69531e-10 0.125201
1700.77 1.02733e-09 4.01149e-10 -4.08405 6.46589e-10 8.58237e-10 1.22979
1701.7 8.88133e-10 3.99692e-10 -3.46752 1.29197e-09 8.09622e-10 -2.02968
1702.62 9.09018e-10 4.57452e-10 -2.98227 8.37222e-10 8.16473e-10 -0.108988
1703.55 9.72909e-10 4.57151e-10 -3.28013 5.10588e-10 8.31683e-10 2.11887
1704.47 9.82061e-10 4.12492e-10 -3.76723 9.75306e-10 8.22243e-10 -0.741409
1705.4 1.07356e-09 4.17114e-10 -4.10571 7.76321e-10 8.23553e-10 0.256504
1706.32 1.18911e-09 4.39591e-10 -4.32172 4.26542e-10 8.22091e-10 2.84958
1707.25 1.07967e-09 4.38703e-10 -3.91121 7.26737e-10 8.15656e-10 0.501299
1708.17 9.29795e-10 4.30031e-10 -3.34887 4.81519e-10 8.18679e-10 2.30501
1709.1 9.9357e-10 4.30308e-10 -3.63419 4.93575e-10 8.08359e-10 2.14251
1710.02 9.63959e-10 4.3322e-10 -3.4735 6.9017e-10 8.5188e-10 0.914227
1710.95 8.98149e-10 4.45912e-10 -3.04099 4.61282e-10 8.50393e-10 2.65653
1711.87 1.00917e-09 4.09594e-10 -3.91612 6.804e-10 8.59746e-10 1.01606
1712.8 1.12811e-09 4.21018e-10 -4.28051 8.79355e-10 8.47528e-10 -0.160099
1713.72 1.02415e-09 4.14782e-10 -3.92542 4.73594e-10 8.38673e-10 2.48187
1714.65 1.06585e-09 4.43518e-10 -3.80784 6.91937e-10 8.43894e-10 0.862211
1715.57 1.09043e-09 4.31434e-10 -4.02684 8.18514e-10 8.20019e-10 0.00797373
1716.5 9.79152e-10 4.19374e-10 -3.68248 5.14885e-10 8.22547e-10 2.0345
1717.42 9.74873e-10 4.1174e-10 -3.74325 1.12893e-09 8.11685e-10 -1.43279
1718.35 1.02899e-09 4.22442e-10 -3.86642 1.35222e-09 8.33844e-10 -2.09962
1719.27 9.63004e-10 4.21055e-10 -3.59289 5.45152e-10 8.25886e-10 1.80402
1720.2 9.38831e-10 4.15746e-10 -3.5376 8.02543e-10 8.47077e-10 0.234547
1721.12 9.8634e-10 4.21991e-10 -3.68724 1.14737e-09 7.93832e-10 -1.59974
1722.04 1.03952e-09 4.3671e-10 -3.76641 6.59709e-10 8.29464e-10 0.994449
1722.97 1.12756e-09 4.3926e-10 -4.09417 9.77499e-10 8.11432e-10 -0.808643
1723.89 1.09698e-09 4.34402e-10 -4.02308 1.10219e-09 8.39455e-10 -1.18261
1724.82 1.01805e-09 4.49418e-10 -3.55117 4.64672e-10 8.69937e-10 2.72341
1725.74 9.64586e-10 4.28322e-10 -3.52571 7.16099e-10 8.78752e-10 0.888934
1726.67 9.65223e-10 4.25251e-10 -3.55982 9.67659e-10 8.46047e-10 -0.583278
1727.59 8.83534e-10 4.12661e-10 -3.3063 4.91057e-10 8.49057e-10 2.37805
1728.52 9.28014e-10 4.37927e-10 -3.26152 5.39137e-10 8.65044e-10 2.05339
1729.44 9.82356e-10 4.06421e-10 -3.83293 5.70067e-10 8.95807e-10 1.96289
1730.37 9.80584e-10 4.16207e-10 -3.72176 4.09897e-10 8.81411e-10 3.32504
1731.29 9.96266e-10 4.29165e-10 -3.65751 6.94237e-10 8.5193e-10 0.888961
1732.22 1.09654e-09 4.31576e-10 -4.04966 6.03439e-10 8.85123e-10 1.66371
1733.14 9.87465e-10 4.25898e-10 -3.65216 4.26039e-10 8.44776e-10 2.97292
1734.07 8.2123e-10 3.89336e-10 -3.2414 8.01987e-10 7.97658e-10 -0.0235073
1734.99 9.97312e-10 4.12938e-10 -3.82946 5.85381e-10 8.50433e-10 1.62202
1735.92 1.02149e-09 4.00684e-10 -4.06431 5.02251e-10 8.30386e-10 2.18359
1736.84 9.74727e-10 3.83601e-10 -4.05004 8.6313e-10 8.35199e-10 -0.142861
1737.77 9.99905e-10 4.16253e-10 -3.80601 6.43971e-10 8.16095e-10 1.02875
1738.69 9.91351e-10 3.95877e-10 -3.98668 6.44677e-10 8.2305e-10 1.06084
1739.62 9.19711e-10 4.23046e-10 -3.37264 1.25001e-09 8.53467e-10 -1.65728
1740.54 1.05962e-09 4.56652e-10 -3.65564 8.17115e-10 8.83922e-10 0.34131
1741.47 1.11125e-09 4.42876e-10 -3.99531 5.91883e-10 8.47895e-10 1.56106
1742.39 1.0311e-09 4.2556e-10 -3.84341 1.0638e-09 8.13838e-10 -1.1632
1743.32 1.05588e-09 4.19957e-10 -4.0041 8.59927e-10 8.11701e-10 -0.250657
1744.24 1.04002e-09 4.1589e-10 -3.98063 6.65927e-10 8.895e-10 1.2572
1745.17 9.94376e-10 4.26322e-10 -3.67814 1.01378e-09 8.74628e-10 -0.641184
1746.09 9.00314e-10 4.29687e-10 -3.21242 6.33291e-10 8.18657e-10 1.11499
1747.02 9.15508e-10 4.14084e-10 -3.44574 5.17426e-10 7.95442e-10 1.8676
1747.94 9.44082e-10 3.98312e-10 -3.74786 9.17618e-10 8.10352e-10 -0.539884
1748.86 1.1136e-09 4.01661e-10 -4.4287 6.98117e-10 8.26148e-10 0.7313
1749.79 1.32578e-09 4.28574e-10 -4.90446 3.98705e-10 9.00643e-10 3.53901
1750.71 1.05182e-09 4.05607e-10 -4.13836 5.26022e-10 8.68205e-10 2.17618
1751.64 9.37256e-10 4.08102e-10 -3.61089 3.92341e-10 8.62748e-10 3.4222
1752.56 9.28368e-10 4.22227e-10 -3.42174 5.73425e-10 8.57907e-10 1.74964
1753.49 1.0154e-09 4.28289e-10 -3.74901 7.01751e-10 8.07712e-10 0.610736
1754.41 9.23083e-10 4.23949e-10 -3.37927 4.63367e-10 8.25001e-10 2.50529
1755.34 9.45436e-10 4.24502e-10 -3.47753 5.16551e-10 8.34053e-10 2.0808
1756.26 1.0033e-09 4.20041e-10 -3.7814 6.94168e-10 8.80703e-10 1.03365
1757.19 1.00421e-09 4.11539e-10 -3.87415 5.0179e-10 8.44926e-10 2.26297
1758.11 1.18483e-09 4.28294e-10 -4.41915 7.74691e-10 8.42314e-10 0.363455
1759.04 9.99649e-10 4.27647e-10 -3.68762 7.66453e-10 8.55816e-10 0.478952
1759.96 9.47539e-10 4.25914e-10 -3.47274 5.07701e-10 8.20174e-10 2.08298
1760.89 9.29077e-10 4.20088e-10 -3.44711 9.15205e-10 7.95053e-10 -0.611222
1761.81 9.43238e-10 4.41884e-10 -3.29313 1.07106e-09 8.22286e-10 -1.14791
1762.74 9.26553e-10 4.2839e-10 -3.35031 5.87191e-10 8.47651e-10 1.59438
1763.66 9.28503e-10 3.91916e-10 -3.7459 8.49066e-10 8.32585e-10 -0.0851278
1764.59 1.01192e-09 3.92423e-10 -4.11392 9.51585e-10 8.11896e-10 -0.689468
1765.51 9.1828e-10 4.1955e-10 -3.40192 6.35753e-10 8.8323e-10 1.42785
1766.44 1.17197e-09 4.25999e-10 -4.39507 8.06796e-10 8.96462e-10 0.457681
1767.36 1.08424e-09 4.16479e-10 -4.15531 8.96392e-10 8.50187e-10 -0.229838
1768.29 1.0096e-09 4.16905e-10 -3.84114 4.68634e-10 8.87725e-10 2.77445
1769.21 1.0043e-09 4.23471e-10 -3.75039 7.4718e-10 8.5801e-10 0.600669
1770.14 1.00875e-09 4.41806e-10 -3.58552 8.33639e-10 8.18394e-10 -0.080153
1771.06 9.72072e-10 4.25727e-10 -3.58568 4.9112e-10 8.29203e-10 2.27473
1771.99 9.5922e-10 3.92147e-10 -3.8847 4.83616e-10 8.72701e-10 2.56365
1772.91 1.02491e-09 4.13332e-10 -3.94388 5.2367e-10 8.97485e-10 2.3397
1773.84 9.84894e-10 3.98838e-10 -3.92592 4.22385e-10 8.13423e-10 2.84608
1774.76 1.10151e-09 4.12593e-10 -4.26466 6.4684e-10 8.08859e-10 0.970755
1775.69 1.07221e-09 4.16535e-10 -4.10626 4.99766e-10 8.04876e-10 2.06962
1776.61 9.73883e-10 4.0475e-10 -3.8132 4.291e-10 8.21017e-10 2.81794
1777.53 9.83739e-10 4.16673e-10 -3.73085 6.707e-10 8.42184e-10 0.988788
1778.46 1.02803e-09 4.13202e-10 -3.95842 6.15083e-10 8.04716e-10 1.16709
1779.38 9.48508e-10 4.0652e-10 -3.67959 5.46873e-10 8.24762e-10 1.78443
1780.31 9.70625e-10 4.04168e-10 -3.80489 7.20601e-10 8.52658e-10 0.730801
1781.23 1.057e-09 4.26372e-10 -3.94285 5.27105e-10 8.70363e-10 2.17803
1782.16 1.04293e-09 4.23256e-10 -3.91651 6.98659e-10 8.53531e-10 0.869546
1783.08 9.59044e-10 4.10164e-10 -3.68881 1.11903e-09 8.16427e-10 -1.36926
1784.01 1.02503e-09 4.18626e-10 -3.88908 8.33964e-10 8.11012e-10 -0.1212
1784.93 8.71846e-10 4.23788e-10 -3.13291 6.10243e-10 8.49492e-10 1.43656
1785.86 8.94138e-10 4.35006e-10 -3.1291 8.72966e-10 8.75005e-10 0.0101367
1786.78 9.61493e-10 4.30773e-10 -3.48698 6.99265e-10 8.78623e-10 0.991606
1787.71 9.51998e-10 4.13807e-10 -3.61838 7.4241e-10 8.57862e-10 0.627734
1788.63 1.05946e-09 4.34027e-10 -3.87566 9.57009e-10 8.04342e-10 -0.754748
1789.56 1.10786e-09 4.27555e-10 -4.13492 6.28877e-10 8.48699e-10 1.30188
1790.48 9.93469e-10 4.47589e-10 -3.46275 5.09661e-10 8.23968e-10 2.08629
1791.41 8.68341e-10 4.40005e-10 -2.95233 7.314e-10 8.70789e-10 0.757582
1792.33 1.02858e-09 4.18453e-10 -3.90592 5.73795e-10 8.7328e-10 1.82397
1793.26 9.24863e-10 4.1545e-10 -3.47559 4.4519e-10 8.37093e-10 2.74228
1794.18 9.14103e-10 4.27315e-10 -3.30247 5.37157e-10 8.38947e-10 1.93634
1795.11 1.04892e-09 4.05714e-10 -4.12522 4.17566e-10 8.58095e-10 3.1281
1796.03 9.39931e-10 4.11259e-10 -3.58981 4.94566e-10 8.55356e-10 2.37923
1796.96 8.78136e-10 4.29218e-10 -3.10884 5.32876e-10 8.02439e-10 1.77786
1797.88 9.13861e-10 4.30175e-10 -3.27235 3.91476e-10 8.14531e-10 3.18202
1798.81 9.77044e-10 4.23147e-10 -3.63423 5.40617e-10 8.82217e-10 2.12686
1799.73 9.08562e-10 4.07196e-10 -3.48551 6.80889e-10 8.42328e-10 0.924054
1800.66 1.06922e-09 4.15037e-10 -4.10981 5.11716e-10 8.65489e-10 2.28233
1801.58 1.19273e-09 4.07941e-10 -4.65944 6.46085e-10 8.80509e-10 1.34444
1802.51 8.88911e-10 4.14706e-10 -3.31118 6.03302e-10 8.80223e-10 1.64058
1803.43 8.99516e-10 4.49385e-10 -3.0139 5.80581e-10 8.55389e-10 1.68301
1804.36 8.6877e-10 4.37326e-10 -2.98099 9.54776e-10 8.22667e-10 -0.646775
1805.28 9.42961e-10 4.09668e-10 -3.62062 9.95364e-10 8.48001e-10 -0.695855
1806.2 1.05595e-09 4.14606e-10 -4.06008 5.98271e-10 8.31235e-10 1.42826
1807.13 1.02824e-09 4.39263e-10 -3.69371 7.12203e-10 8.33321e-10 0.68208
1808.05 9.3944e-10 4.50389e-10 -3.19281 7.82985e-10 8.68967e-10 0.452501
1808.98 1.08687e-09 4.36963e-10 -3.95735 7.32018e-10 8.67442e-10 0.737185
1809.9 1.22171e-09 4.33558e-10 -4.49921 9.21583e-10 8.62153e-10 -0.289501
1810.83 9.51567e-10 4.07967e-10 -3.67815 8.35574e-10 8.29776e-10 -0.0302402
1811.75 1.00379e-09 3.94747e-10 -4.05323 4.53462e-10 8.70606e-10 2.83281
1812.68 9.78873e-10 3.96778e-10 -3.92178 6.39729e-10 8.47716e-10 1.22254
1813.6 1.03409e-09 4.23267e-10 -3.87943 6.98372e-10 8.38536e-10 0.794347
1814.53 1.01093e-09 4.38373e-10 -3.62879 5.23504e-10 8.27576e-10 1.98888
1815.45 9.59336e-10 4.10319e-10 -3.68849 4.98714e-10 8.23947e-10 2.18048
1816.38 9.33864e-10 4.14298e-10 -3.5297 4.76149e-10 8.30563e-10 2.4163
1817.3 9.62446e-10 4.01537e-10 -3.79651 4.11628e-10 8.10131e-10 2.94051
1818.23 1.17122e-09 4.38222e-10 -4.26946 5.85919e-10 8.37039e-10 1.54908
1819.15 9.90931e-10 4.25769e-10 -3.66869 4.78982e-10 8.44381e-10 2.46219
1820.08 9.21019e-10 4.11533e-10 -3.49864 4.32678e-10 8.49395e-10 2.92945
1821 9.06389e-10 4.12467e-10 -3.41925 5.80004e-10 8.71958e-10 1.77065
1821.93 8.69278e-10 4.3407e-10 -3.01599 5.53417e-10 8.66235e-10 1.94583
1822.85 8.98934e-10 4.1289e-10 -3.37894 5.55878e-10 8.6987e-10 1.94475
1823.78 1.00473e-09 3.97451e-10 -4.02765 7.29297e-10 8.62705e-10 0.729579
1824.7 9.94565e-10 3.94962e-10 -4.01078 5.5785e-10 8.3893e-10 1.77209
1825.63 1.01465e-09 4.13255e-10 -3.90098 7.39412e-10 8.60005e-10 0.656147
1826.55 1.20002e-09 4.16896e-10 -4.59161 9.32695e-10 8.60388e-10 -0.350452
1827.48 1.04061e-09 3.97854e-10 -4.17565 7.24269e-10 8.34998e-10 0.617854
1828.4 8.29449e-10 4.12959e-10 -3.02883 6.13277e-10 8.48146e-10 1.40814
1829.33 8.54084e-10 4.47136e-10 -2.8106 9.14017e-10 8.60026e-10 -0.264427
1830.25 8.8586e-10 4.23121e-10 -3.209 7.54152e-10 8.54986e-10 0.545005
1831.18 9.01613e-10 4.26172e-10 -3.25435 8.034e-10 8.5258e-10 0.25803
1832.1 1.03679e-09 4.26069e-10 -3.86209 8.53877e-10 8.77922e-10 0.120604
1833.03 1.2144e-09 4.50928e-10 -4.30255 5.87568e-10 8.71957e-10 1.71437
1833.95 1.13895e-09 4.62553e-10 -3.91343 5.39606e-10 8.14242e-10 1.78676
1834.87 1.06158e-09 4.24951e-10 -3.97615 8.19019e-10 8.25972e-10 0.0367144
1835.8 1.04452e-09 4.24788e-10 -3.90744 6.07854e-10 8.51994e-10 1.46637
1836.72 9.49375e-10 4.06839e-10 -3.68015 4.91105e-10 7.9803e-10 2.10845
1837.65 8.97476e-10 4.23416e-10 -3.26256 4.60442e-10 8.16103e-10 2.4857
1838.57 8.96717e-10 4.18766e-10 -3.30683 4.09218e-10 8.80046e-10 3.3255
1839.5 9.32998e-10 4.35713e-10 -3.3068 5.44297e-10 8.64506e-10 2.00932
1840.42 1.04882e-09 4.02821e-10 -4.15589 5.8426e-10 8.38903e-10 1.57106
1841.35 1.06818e-09 4.27748e-10 -3.97456 3.7305e-10 8.74568e-10 3.70027
1842.27 9.11094e-10 4.1955e-10 -3.3678 4.97336e-10 8.87689e-10 2.51611
1843.2 9.90932e-10 4.00452e-10 -3.93494 5.13466e-10 8.98217e-10 2.42869
1844.12 1.13245e-09 4.42609e-10 -4.07999 5.54383e-10 9.10965e-10 2.15692
1845.05 1.01137e-09 4.27045e-10 -3.74438 7.56331e-10 8.81035e-10 0.662815
1845.97 9.38766e-10 4.16833e-10 -3.52596 6.46742e-10 9.03982e-10 1.45429
1846.9 9.9774e-10 4.27823e-10 -3.67753 5.47717e-10 9.12421e-10 2.21639
1847.82 9.87032e-10 4.26525e-10 -3.64386 9.10766e-10 8.72882e-10 -0.184511
1848.75 9.54379e-10 4.35763e-10 -3.4047 8.21741e-10 8.26975e-10 0.0275763
1849.67 1.08002e-09 4.22098e-10 -4.08018 6.57015e-10 8.43347e-10 1.08431
1850.6 9.57334e-10 4.43038e-10 -3.34623 8.35057e-10 8.75247e-10 0.204143
1851.52 1.01415e-09 4.40969e-10 -3.61696 7.78526e-10 8.60062e-10 0.432564
1852.45 1.14213e-09 4.10403e-10 -4.44505 6.61071e-10 8.1798e-10 0.924943
1853.37 1.20021e-09 3.99241e-10 -4.78021 9.05205e-10 8.29152e-10 -0.381131
1854.3 9.93697e-10 3.97196e-10 -3.98249 7.12281e-10 8.34159e-10 0.685978
1855.22 9.33856e-10 4.2757e-10 -3.39273 5.12199e-10 8.53718e-10 2.21876
1856.15 8.7323e-10 4.1538e-10 -3.22683 7.38333e-10 8.72919e-10 0.727218
1857.07 9.08688e-10 4.11357e-10 -3.44196 6.78917e-10 8.57203e-10 1.01267
1858 1.1202e-09 4.21417e-10 -4.24585 4.60465e-10 8.53106e-10 2.67806
1858.92 1.11037e-09 4.2477e-10 -4.17316 4.88838e-10 8.81852e-10 2.56231
1859.85 9.41587e-10 4.04715e-10 -3.66712 4.04155e-10 8.50087e-10 3.22915
1860.77 1.05368e-09 4.04353e-10 -4.15949 4.60168e-10 8.53216e-10 2.68143
1861.69 1.00419e-09 4.45926e-10 -3.52553 6.17082e-10 8.63522e-10 1.4593
1862.62 8.52664e-10 4.05655e-10 -3.22621 4.49367e-10 8.5771e-10 2.80739
1863.54 8.78538e-10 4.03106e-10 -3.38341 4.51778e-10 8.61509e-10 2.80335
1864.47 1.00324e-09 4.26754e-10 -3.71228 5.83358e-10 8.56315e-10 1.66698
1865.39 1.02013e-09 4.14097e-10 -3.91552 5.64394e-10 8.44636e-10 1.75087
1866.32 9.84277e-10 4.07788e-10 -3.82683 6.59856e-10 8.70681e-10 1.20409
1867.24 1.00455e-09 4.1265e-10 -3.86388 6.66067e-10 8.36944e-10 0.991782
1868.17 8.83442e-10 3.99326e-10 -3.44851 4.56053e-10 8.38922e-10 2.64707
1869.09 1.03001e-09 4.10032e-10 -4.00025 7.74856e-10 8.43012e-10 0.366127
1870.02 1.12767e-09 4.04801e-10 -4.44941 9.7386e-10 8.03303e-10 -0.836167
1870.94 1.01157e-09 4.14651e-10 -3.87315 7.48758e-10 8.80363e-10 0.703198
1871.87 9.86287e-10 4.30564e-10 -3.59966 7.18243e-10 9.47313e-10 1.20222
1872.79 9.73217e-10 4.08525e-10 -3.76991 7.72196e-10 9.01791e-10 0.673785
1873.72 9.21916e-10 4.1338e-10 -3.48342 6.00891e-10 9.13333e-10 1.81834
1874.64 8.83847e-10 4.32101e-10 -3.10793 8.55396e-10 9.49776e-10 0.454541
1875.57 1.04138e-09 4.23771e-10 -3.90478 8.89158e-10 8.58967e-10 -0.150024
1876.49 9.49875e-10 4.06809e-10 -3.68276 5.5146e-10 8.53722e-10 1.89803
1877.42 1.05945e-09 4.07067e-10 -4.15416 5.64186e-10 8.68263e-10 1.87229
1878.34 1.19684e-09 4.22386e-10 -4.52328 7.03048e-10 8.64427e-10 0.897434
1879.27 9.90202e-10 4.23435e-10 -3.68937 5.1282e-10 8.66504e-10 2.27805
1880.19 8.84601e-10 3.96936e-10 -3.48026 5.64812e-10 8.70975e-10 1.88102
1881.12 8.72181e-10 4.22222e-10 -3.15066 5.27092e-10 9.05055e-10 2.34789
1882.04 9.13471e-10 4.28047e-10 -3.29204 4.22068e-10 8.94847e-10 3.26366
1882.97 9.24079e-10 4.01193e-10 -3.62356 5.64058e-10 8.28044e-10 1.66729
1883.89 1.04936e-09 4.07488e-10 -4.10809 5.28334e-10 8.3636e-10 1.99484
1884.82 1.15106e-09 4.27125e-10 -4.30542 3.96462e-10 8.5141e-10 3.31937
1885.74 1.03343e-09 4.3231e-10 -3.78487 6.02559e-10 8.28535e-10 1.38311
1886.67 1.21165e-09 4.18975e-10 -4.6119 5.50664e-10 8.70156e-10 1.9871
1887.59 9.98751e-10 4.34827e-10 -3.61141 5.83707e-10 9.08671e-10 1.92211
1888.52 9.31028e-10 4.37714e-10 -3.27773 6.71048e-10 8.34591e-10 0.947203
1889.44 9.05201e-10 4.37022e-10 -3.16242 5.30174e-10 8.64116e-10 2.12154
1890.36 9.1034e-10 4.17588e-10 -3.38456 6.08257e-10 8.83664e-10 1.622
1891.29 9.72686e-10 3.89932e-10 -3.96984 1.07698e-09 8.50659e-10 -1.02452
1892.21 1.00028e-09 4.04184e-10 -3.93541 8.46629e-10 8.08698e-10 -0.199067
1893.14 1.03259e-09 4.13115e-10 -3.97859 6.80627e-10 8.20828e-10 0.81343
1894.06 6.1636e-10 2.10042e-10 -4.67529 5.56152e-10 4.57188e-10 -0.850984
